partition,rows,first_date,last_date,source_csv_sha256,parquet_sha256,sha256_verified
statcast_2023-07-14_2023-07-17.parquet,16885,2023-07-14,2023-07-17,26283a3dd6d2d4ed3e47495677ef21afbf08aacb1fe09c79178a27ab3165dad0,630182c1e4c7027f589f58c5dc40cf379cf673868d15e677ccf4f4c753e67967,True
statcast_2023-07-18_2023-07-21.parquet,16008,2023-07-18,2023-07-21,3be791d83ca5ca09e0de1cf29226bf5ae54a74e43d09953313d07a1f53ff23c0,a694d216d6d75e64adb63b35cbb9fec3c1dd3071dfd5b39fa1db1e76c7b8aa5c,True
statcast_2023-07-22_2023-07-25.parquet,16357,2023-07-22,2023-07-25,6fa2d555d7ce0b67cc2b3d6b71430634bafd639efaac6f4ec6775873ab782dd5,9b253dec0172b73e8596853db7bb67a8acfc0eabb0bbfbafb5deb6f6653ea20d,True
statcast_2023-07-26_2023-07-29.parquet,14480,2023-07-26,2023-07-29,6acf1a7ceb4b012f797d5fcaa60e110ae6745aab29de80c8333ce6978aed67d3,5018d3b28863b730cd94ec2dbe5d45d3883412c0ed400916196b20dc1cf2599a,True
statcast_2023-07-30_2023-08-02.parquet,16011,2023-07-30,2023-08-02,b6c7f2e71bfb06d4d47cb5775500f3c834b143b06ea74027a9722a289cc8cd20,82786aae9e6e5c12ba3870cdf624411dc883214f1faad5931708e2ffe2eba7a4,True
statcast_2023-08-03_2023-08-06.parquet,16099,2023-08-03,2023-08-06,8be9481db93c2cdecab55c745b7f0b844456a350c9da0c87fa28c7a3f87afb26,6059ecbece2d545cfd1263d4d2318b84062776dee7a5737164bab67163bc11a0,True
statcast_2023-08-07_2023-08-10.parquet,14348,2023-08-07,2023-08-10,61afea489b150f9c3432592526562afc82cbc5ba3e976c065d3fcf5d743fd478,71c22d6adcce22d97055c35108d17e33c62a0da2792853242f6c1b80787522b9,True
statcast_2023-08-11_2023-08-14.parquet,16222,2023-08-11,2023-08-14,5841453ecd1e949628ae2f0b1377756f37e6eabd1d8774ca6e197c8bc6a405aa,53e7cfb82b9559f21b5d616a168859fd5f8c2132ceb55b90f59e1e07c231d2f1,True
statcast_2023-08-15_2023-08-18.parquet,14776,2023-08-15,2023-08-18,894c5eaab5ae2b045506467513b70e308dc376c7a9e47d7fa54a066fdb817603,e8d2a4325447d2eaa1915c98363d107be0893bc654bb43d34c5c7af5a050d746,True
statcast_2023-08-19_2023-08-22.parquet,16194,2023-08-19,2023-08-22,c1dacc060e7a0370e1c27b7b26410906ac76442691ce1450b5ea1f4584dc00ce,6561b9f20e729e454a8bf63850cc64e6036a6726ed98ae537149cd72d22e0531,True
statcast_2023-08-23_2023-08-26.parquet,16213,2023-08-23,2023-08-26,ec27dc55656b9f12069a497be157ccd96efc287cc5438ca88b1126b5324ca1e9,39a9a2886205c7e6af9023d4ac665586b9bdae088a65afe9d591e1a36e53710e,True
statcast_2023-08-27_2023-08-30.parquet,17444,2023-08-27,2023-08-30,683bbe6a8cfb1fc46c0351e25d52cd909a873f323c79f290b24a30ff20b0e87d,130a63dd389f727b5f94c50b6e12bc05dd5224d745bdd3356f58c0d2b9a20af2,True
statcast_2023-08-31_2023-09-03.parquet,15146,2023-08-31,2023-09-03,1468db845aac69d225b054ae08bd7819e8b0fc7131fd02716f1ea38f1850deba,695f7b33a5fd0d9864198f22f477def02fd4a2891ad3c925b6543c5f99a4a7d0,True
statcast_2023-09-04_2023-09-07.parquet,13965,2023-09-04,2023-09-07,8c2831f704bc2e472ed4d2d12c1207b4b8ed8c57597643abab0df5e655479fc6,e09f6b282f02414edf3de8d50800b35b49e3e3836e620d429dd290826537a56f,True
statcast_2023-09-08_2023-09-11.parquet,17594,2023-09-08,2023-09-11,c88c9941d09ae18262fb93acbe17c0ac072c792e98e5ba09dcfc05be20ca9e58,492913005511400bef5750500f92060f4da56c02d751d382a35021a3d74b1736,True
statcast_2023-09-12_2023-09-15.parquet,16330,2023-09-12,2023-09-15,9babae7063e5ad2c0ffe3973dd642303d34e00244cf2666e171ee8a5072b4691,57e0a09e148b436b6ef016ae748034e661066e5025442a7608f3204d2b66a667,True
statcast_2023-09-16_2023-09-19.parquet,17390,2023-09-16,2023-09-19,ba653d8d1d62aea2752a31770fa92455cc1e4530d3daf7764eeb485856edcc3a,2400e9c91fb6c879afbdb3431ee66bc11b6fb40ac3ba6da87f231575110e3806,True
statcast_2023-09-20_2023-09-23.parquet,15964,2023-09-20,2023-09-23,cbc93688440cb1ca764602a94f20fa34eb438dfa821a60b872d6ee4874e4288d,4b7f7e45af693b240e05456c3da6271ac346dc934136b119846469bece72905f,True
statcast_2023-09-24_2023-09-27.parquet,15017,2023-09-24,2023-09-27,e9d89f32e86e5b26c4fee41767fc5054a0311e43013226672627ccad08e5624f,59e69808cb9f89c68a242bec620ce6b79e8c7dfb91d5d85938362ca5cfbcdfbe,True
statcast_2023-09-28_2023-10-01.parquet,16575,2023-09-28,2023-10-01,664e3c2ce426a66226737ae349b7852ddb4b4989ede9d28bf4fd12a1830fc956,cacbf0fd05b9f28d5c980dd14f05a48cad9d6f9100c5978ce83a77691446d8f9,True
statcast_2024-03-20_2024-03-23.parquet,690,2024-03-20,2024-03-21,a9516c3850d661f4dc045a2572db11c4cf1885b5a1359dbf08a3dca755530622,13aea63567da2a09d86e364c1dfc163f46fd2b5e5bc97db05aa9d4bbe3a5f3d1,True
statcast_2024-03-28_2024-03-31.parquet,15944,2024-03-28,2024-03-31,f8e71048ff3c76707c97a887fa0f117768aa4918ab75e9c1906a465e03e389d7,36f493b97752de8219647d8e10586ffa6277e21a6cd87d00c6b8cb34dd629361,True
statcast_2024-04-01_2024-04-04.parquet,13540,2024-04-01,2024-04-04,126632abecb0af72d30dd165b18d40032ac575a12506a0d468d0092beaa41242,b48551d7a30a29f9e46214e54b7d4147f230b95ade4489ee88b84f4e0be37a74,True
statcast_2024-04-05_2024-04-08.parquet,16467,2024-04-05,2024-04-08,450ca3e0d7a876a62ada5c9442e714a3239be28540065db0d9f3a55e9c74d42a,dabc946d18dbe618e5cce5f8f161e912a90f81151e154610fe1bce986fd7671d,True
statcast_2024-04-09_2024-04-12.parquet,14140,2024-04-09,2024-04-12,1ff63b3455ae21f3128f3be63de974051c7d17f20b48d2ec8b251a8248f6d26c,8b981e39b8986f88a75478c86f7d8ad73fb27a94b07dfbc7bb125bd48faa9934,True
statcast_2024-04-13_2024-04-16.parquet,18216,2024-04-13,2024-04-16,05c385ca503fd2389364f8036b235eed8932d1b56082d056f97746a3d2794ca8,f8ed1d771841a4da833cc809021ca17cbf00904ca4f47f457072a7e0bff42c70,True
statcast_2024-04-17_2024-04-20.parquet,14668,2024-04-17,2024-04-20,4732d013ac4be8227b4b74e4d1a5ddb3a474f9b2b1544e65889f8ab90b3ec007,eb8e016d5c4f9f8a62d5cb29f54a5f74e64c3af7a1647a98ad4127587b686e19,True
statcast_2024-04-21_2024-04-24.parquet,16207,2024-04-21,2024-04-24,854337576a5abef5b1d0f7881418e264703c6ec471b10da7fbace3350b6da3c8,ab59f1c3a1123ccd58fa3cf5e52cdcdd40b9d18f17e94e056fda517ced7ee833,True
statcast_2024-04-25_2024-04-28.parquet,15794,2024-04-25,2024-04-28,4369184ef630dd8515935b58e69e1a958cf09b1af79559892562aefedb2f8e5f,846d986ec603d8d6b47a4277178385b3e91a09c106d69dbbd0201f51aa0e467f,True
statcast_2024-04-29_2024-05-02.parquet,13697,2024-04-29,2024-05-02,c2fd1f250751e76433a3fef2d740b2f9293973ff8079368c84a6524b8007e959,8aeb72f3e67bac1e3548370c8d4677ba1efdee94637f953e1fac5994e8e6f83e,True
statcast_2024-05-03_2024-05-06.parquet,15918,2024-05-03,2024-05-06,53c574c09acf877bc62a330e781e4eb994cc9460c1472d6116aeec1f2b27bb2d,28bce07e1424cf6a3e39314e27fbfcf3da8a2f8655d85f9411de8367ce07ff48,True
statcast_2024-05-07_2024-05-10.parquet,15035,2024-05-07,2024-05-10,f9e9ef8f38c1e6dcd5fcee492b70a5db320fb4656414c923af78b4bc85e89906,27efa0b66c843b9afcd27e5ca10d7893b55aefaf2f0f84c46b3d2792475b61ff,True
statcast_2024-05-11_2024-05-14.parquet,17269,2024-05-11,2024-05-14,9eca8a503d77c550f00a83e1a9e61590a46243ef210670dcdfe4931b9196bcda,ba144d0a92869014c785b1ed4212493b2b0daf5963dff2544397ca9a649a0c42,True
statcast_2024-05-15_2024-05-18.parquet,14604,2024-05-15,2024-05-18,279145f648b7be43c4f053c002aee3049080e82632db8e8fb9158853c87fe342,a8de7c58a7772f058d13021025820cfcaf9b88f0ccfeb1a55f3212e48c51fa95,True
statcast_2024-05-19_2024-05-22.parquet,16412,2024-05-19,2024-05-22,cf814a9177de3dd3d11d0c4403324994ad27cdd6899b0fa92ae2c863cd2fe27f,3dba6f65f1a332a6fbf84077f9738aba7fe7fdd3305aa340599bacc2c08a2f13,True
statcast_2024-05-23_2024-05-26.parquet,15053,2024-05-23,2024-05-26,06bec708e724f160a8f507d726ca2462a88f103dc157ed22595db21dcfe8ed92,6c8c861431fb00b9e92261d50f7a29bff105bbd3f8edc2304448a3e4a5d7bfae,True
statcast_2024-05-27_2024-05-30.parquet,14139,2024-05-27,2024-05-30,c70b80e308313f9bae77751f9524cd731e550b6376da558ad9bba84c5c44fd51,97cdc32dbc1e04b8b609cf43fa85d04c1304cb725badf01b569bd58394532d62,True
statcast_2024-05-31_2024-06-03.parquet,15289,2024-05-31,2024-06-03,591028e48fe9a8067df90a12ef590db5aae340638d79d5145b1bc3f7a1ea9808,04f19d20621a9fef277cf15d0f3968a7730397c74a77d8644591cdeabae505dd,True
statcast_2024-06-04_2024-06-07.parquet,15295,2024-06-04,2024-06-07,7b0ea55a5895f750b6ebbaffe1752e5c33af9c6e6381a6dd2591bedb4712dfd1,d8a781c6b00b6d2898c4f01a366afabf2ee68a670c7edf8b72c89507657e7d2d,True
statcast_2024-06-08_2024-06-11.parquet,15424,2024-06-08,2024-06-11,d8543fa83cdbb906a286b8a690a48e0ebca2c1aa59f1a54ac72028c776226047,477649a16198f0622b2a2ff67ab2a381b8be99e7ed4d0c2aa9ef86410827cfda,True
statcast_2024-06-12_2024-06-15.parquet,15928,2024-06-12,2024-06-15,622edd272df610585aa411f1fde5d13ff83c9f0f469a42cbcb81f2e51fda3a2e,e5898feb662ccacbfe22c11ac19bf5011e46566f6c259259260f734d0d25f011,True
statcast_2024-06-16_2024-06-19.parquet,15891,2024-06-16,2024-06-19,7c69a2a7a9e046d8c953986c2466ac1cbb0641f9067b67c1eb1a0845b8800e1b,7b9750aba38440d2d47b94bf5e1a68af53d9b3c76d9207b2b354d7f33f1cf116,True
statcast_2024-06-20_2024-06-23.parquet,14843,2024-06-20,2024-06-23,f009b57928eeef73dab4d26d73a7be5ed802bf677b11eae12fe93f32c9c53dc0,761cc885de339d862147b44d8ac8d903cb12295a6c1e59cd08c693ec3fe8197e,True
statcast_2024-06-24_2024-06-27.parquet,14714,2024-06-24,2024-06-27,247e136585fbe2fd8d3fd6ca542043a9c30809b5c036fc858bbc15529af9dbcc,27355f079d2ed509d906e66b70c2efd54243f8933ede5d1ea7d5f9c39ac9633c,True
statcast_2024-06-28_2024-07-01.parquet,14208,2024-06-28,2024-07-01,390e865b0c0c3404dbb3f6688648ca44db9231a66e26a209065e897feaec1f0a,b3bc08c879a3e1c703d7d8840110e3893117033c175e5df30dd02f5e0a5ec4c8,True
statcast_2024-07-02_2024-07-05.parquet,17797,2024-07-02,2024-07-05,b0ff444b8262ef66e44dfbf18cac7fa21559a9762e568f0126fe709168190944,ce53c42c3da6a2733680234968ecdef758a17bdfc0a7ec61f0ce94b4c2466aab,True
statcast_2024-07-06_2024-07-09.parquet,14895,2024-07-06,2024-07-09,1edb30458eb9febdd511e4d18bc658bf210fabd8a98654c6f2f4ec198b63f01a,39bf248bcd065b9cc38320c5c7e04d4f83f014222f606d89481c0d64f8f0ea02,True
statcast_2024-07-10_2024-07-13.parquet,17263,2024-07-10,2024-07-13,3d7318ca0ee2bccf1a498dab9cc804fe29fd8a8091c671bbab20c36057b9b2e7,d19ef9cb1a9e8423264b9d638770ce4058ae8e824a581cf89a471954a17a6d84,True
statcast_2024-07-14_2024-07-17.parquet,4324,2024-07-14,2024-07-14,c561b5d01f0beb0fb768237f46bcdbaa40bb631be0eb41254e5a72619692ffd0,38f614fbe87e55e11fd0b09643813955acffe2428e1e163a2005a7330702a12e,True
statcast_2024-07-18_2024-07-21.parquet,12973,2024-07-19,2024-07-21,055697a3095394ee9eeb760988a2c230f3f0c7652decff0918bf96d6eb551e0c,83a167617a5d5b3d9d1444632e5baa85ba3dc97a211f6263fca2354c24129727,True
statcast_2024-07-22_2024-07-25.parquet,14648,2024-07-22,2024-07-25,a98f5e3e2cf485f72f0239c571500c2bc0b2cb0541dcfc6b9b1917edf8743822,eb002cd578035900ade47f91e94736cffb0c35c13a3c6250948e9f4e4e63bc2b,True
statcast_2024-07-26_2024-07-29.parquet,17311,2024-07-26,2024-07-29,864c58117f5a1f0081f8e227a7b06f9a38c58496a596a445f753d6285ca9f7a5,11b4f87af58e5da099e54b167c8e3e47034db4438900ff08cd838d75341a4021,True
statcast_2024-07-30_2024-08-02.parquet,14478,2024-07-30,2024-08-02,7a886f060cdaddb4321121dab33a237832177224fe9b5f2ba77fcd58efc784e6,fddc40107683450ec538e91b6f7fb5f6bbf4ad4b81f6745fed3bbe6f3cc48cf5,True
statcast_2024-08-03_2024-08-06.parquet,15216,2024-08-03,2024-08-06,bf96753242205f547ac93b532d5fe5da218b3bba78e924f43563623f22d62666,1e325de2fc50512a6970a3a54167281710757940dce84011519054282bc58370,True
statcast_2024-08-07_2024-08-10.parquet,17530,2024-08-07,2024-08-10,f3a9df7503dc7ad28209d1e3a31448ca898afa4b93f6cde9b1666ea753206c0a,b1076e63e6ee34a5df6b62a35fd3b441bacdf984d72718dc67ec1e2057c27135,True
statcast_2024-08-11_2024-08-14.parquet,16040,2024-08-11,2024-08-14,c5301df4ec8622f7ded9c61c1d506b53c4ea21e9da646d14b3d7e18a8b212ee0,a32df289a3f8ce6daf4a6ffd24aff84a9a8bcb3b98cbc1d2a565c8db11fb1103,True
statcast_2024-08-15_2024-08-18.parquet,14877,2024-08-15,2024-08-18,367ed83f80d1fefe3b759ae4fd37e2ce5f0c47184e3da9248c2bca5b3ff918d7,85f1757b8741948ba458927b3c2c12b1568281f645e4219ba54139ee919e4e2b,True
statcast_2024-08-19_2024-08-22.parquet,14437,2024-08-19,2024-08-22,e8a711147ae8bb51c4dc6c2a44f3a43e24b3b4b25991d7d74295f5503978838e,c7f884fed7f25dd0f9d1840969869bce717ec4432b9a3aa0a09d4ffd83977f3c,True
statcast_2024-08-23_2024-08-26.parquet,16418,2024-08-23,2024-08-26,927bf0019b5a7c8b36067120b272285ff6f45f23560c96d2d775be73cf861ef9,dd28a574d1ac5c29abc6f837b74ccfbcc07b6683a81d8ce83506585fb3e956ed,True
statcast_2024-08-27_2024-08-30.parquet,16770,2024-08-27,2024-08-30,5495d67ee6df3ef7fd0940513f4323fd4ba6237e10f0151c98aa362c850f06ba,3e31689406de366e339b4cc60a9000edab06294d6f9ccd7019f0da93d5eb90f5,True
statcast_2024-08-31_2024-09-03.parquet,16141,2024-08-31,2024-09-03,877e031448e9bdc7365a664992da153635d485244f8467519455325cdd509c55,502b5dbfaca236fe8f1e8c5b4b5ce141c338dd92f7dae0e7c63c1ba5d487e92a,True
statcast_2024-09-04_2024-09-07.parquet,15738,2024-09-04,2024-09-07,f28f6926a5bd8dec7755c90604705b7e96393ca3754ddc8c76d70cfa9c9f3033,c09a4fc4b7e4c75a8eb2e28aee15f5331a1bc06b3581eff907b4a9680cb1e338,True
statcast_2024-09-08_2024-09-11.parquet,15679,2024-09-08,2024-09-11,f07eb5b49226a495e5a3ccc0298c0364f3e3c481e9e5e974712daf0ad93a17ef,be3b8813f4b845bcf875fa0eb94f5c997bd7e417e7b425a369d12712f1b3ac0c,True
statcast_2024-09-12_2024-09-15.parquet,15310,2024-09-12,2024-09-15,aca09ea1413e692bb49c008468b7f40b0f8eeec3e9d69ad5d2860ef68885627a,64e965b9c263cc67a6dccec9bfef8a899c440ace4ac042ff85909e2849013972,True
statcast_2024-09-16_2024-09-19.parquet,15505,2024-09-16,2024-09-19,6cc4b4023d3d3718a6867a4c248097b280d9957e290752a57af1973082d7fba7,5528e0593cb4b92050bbd674f40a42f9ee2de2f3c233a5d7ee572b4c967c28ee,True
statcast_2024-09-20_2024-09-23.parquet,14504,2024-09-20,2024-09-23,c95de15e41ad8a5699bdcc1b4d5a4ab5f7c79f949c0a015ae0cce321e288e96c,a8fbad8a55399f4157c29bffa7fbb361e6b5bc5c02502a6582218898afe38fe9,True
statcast_2024-09-24_2024-09-27.parquet,15610,2024-09-24,2024-09-27,34009d0ca0dd4c51fc2b58d53312662f5877b788f0e4165371a1daf9d9ba4404,2620cab69460bfdcf6b5a28ab30cd96d05a3812dea7140dd0bc1392dff319428,True
statcast_2024-09-28_2024-09-30.parquet,9050,2024-09-28,2024-09-30,5223a0bc32733a9efcf1a867878beee5b1bdd600b1dacad2a3c9d92c6eb87b8a,ab7e1a7de775120a0c1e85a9423fe32061b938a88f70c4be8ca6225345ef272d,True
statcast_2025-03-18_2025-03-21.parquet,631,2025-03-18,2025-03-19,a320550aa5018fc0c6fca04f903079f914699aa75bfbfed5a86848197fd23dfe,63b365cc6aa9b3261be7c23624a5601e7d3e6b7df7e33d1dc2375a8f2e7da68f,True
statcast_2025-03-26_2025-03-29.parquet,11259,2025-03-27,2025-03-29,c380318f6f831d4851f607f7c753ed2816a1ac379ec2121faf0f8b8f8ef36d11,952b3247f7ba8048ac3ddc00678d4a3eea245f5a2fecb859936bb4662f483bd2,True
statcast_2025-03-30_2025-04-02.parquet,15895,2025-03-30,2025-04-02,9d0a31a3c41f6febab64a8fcaa5cf2ea25b9c3c8c7c5388b9f4ee2337ff6dc0f,2546763232e92be8c85792f876c003a364c78452aa57249f1a71d39451bcfef1,True
statcast_2025-04-03_2025-04-06.parquet,14515,2025-04-03,2025-04-06,f568f317f0fb07ef269e1d1ce06ad237687096f1787421b11409f9de9f77bd48,7dff964945cb04d28fa831b89774306408467755fd762293d6844bf6eb97fe87,True
statcast_2025-04-07_2025-04-10.parquet,13629,2025-04-07,2025-04-10,1453e4cf3e89885341bf8e97bebbcc308ab93657c67127878694915db0278daa,26a85e08984bf20cdeb055cf999c2b7717e2308d682bfa95700135b91742b155,True
statcast_2025-04-11_2025-04-14.parquet,15578,2025-04-11,2025-04-14,e03f8511ccba57bbd836cbf7e25053ce9dd7a6b2b8f618480fa82414b1a9a22d,7d922ff9987139bd9e6a40501b3c0bf1c7a3358e7b3e88808021751b0d79f83f,True
statcast_2025-04-15_2025-04-18.parquet,15736,2025-04-15,2025-04-18,9a3678a0c28b4195e6a1181537217ea477e2174754f876d6c31dd7d14094b26d,4a7acbec87dd5cc33731398d8cf32bbff06d55a8e301f9ecc1f7c4b7b755a843,True
statcast_2025-04-19_2025-04-22.parquet,16076,2025-04-19,2025-04-22,4dd6eb9865697070b7d1bb88c8dfc135d44a0230ae822329f2179e427d1b73b4,b5a3970f506384c9d32aba72a6953e62c87fb83d6152d3b8993e02fe2eed63cf,True
statcast_2025-04-23_2025-04-26.parquet,15425,2025-04-23,2025-04-26,a1ef4b0750a5ef2a4a1ab936f879703c2708feb12a4acdc51131988101cda752,092c7191a98ccad0a2b97df1e0e55a189bc14646f05fc6f617f889838fabcbaf,True
statcast_2025-04-27_2025-04-30.parquet,15809,2025-04-27,2025-04-30,d38f0052585447bb307dbebbaffa41ca1c20de93a85ffe22aaf62ca60e474218,b248e92852d2801247751d82e94e190083daf971b04e2b93390fde9fc2b918ea,True
statcast_2025-05-01_2025-05-04.parquet,16127,2025-05-01,2025-05-04,1699a668fd38eeaeacc2def02aa7bf606e6d1626091215c18896cbf80d48e352,01deec2f2bc7396fc8d1ebf5f140b387c9727e199bbf944ece4d940238ea9792,True
statcast_2025-05-05_2025-05-08.parquet,14248,2025-05-05,2025-05-08,0ba6307a4ce48e2cb2436fbb2f484ddd7824472580d5a516cf1ddf516611c031,3405db49a9078a93deb11a9ea92d38bf3e061e95448ebf2f1acc55612945b32f,True
statcast_2025-05-09_2025-05-12.parquet,16205,2025-05-09,2025-05-12,9ca37de595120108ff65b529ec3eb466eecf18f85623a40f7fd4cb34b2055bfa,92fd7824e2758674b112d2bb42e5ec3ba7d861f29b028f15c6d91b5d18358981,True
statcast_2025-05-13_2025-05-16.parquet,15042,2025-05-13,2025-05-16,d8f5fac8439b6cc37cebed13733faad38f2c1c2057cd689ad9fd7c61210d107c,178e3f466e4447ae05605cd5fbf8035ef89a327f836d2571c494d7ada9b19530,True
statcast_2025-05-17_2025-05-20.parquet,16121,2025-05-17,2025-05-20,5da92f545fa0fce8d7f4b19c3cb747e0daabab5289f433402ef47689f1d80e43,caf5d7e5305a6e0478a9d5cd91ebea114f90767acdafa0ed03e8bd433a3c7555,True
statcast_2025-05-21_2025-05-24.parquet,15958,2025-05-21,2025-05-24,e4627a07c5506526d25130a3501c4602533db13399c99140e97f7b413dece19f,e08b50f5bd18e020207b6af842672fa805f998a3731e07b5c867e0ed5fb042b3,True
statcast_2025-05-25_2025-05-28.parquet,16129,2025-05-25,2025-05-28,ecf870647b55a1ef83300f9612d78110d94c0714d07ded88732444d7f442511f,0be5be3e9fa3ce14d6748a913531aee38f0c6b816c8d8969d3245d0d6aee2454,True
statcast_2025-05-29_2025-06-01.parquet,14603,2025-05-29,2025-06-01,29d5d1719ee8f294ffa9125006d0920c2712fe00431a1b5df48145ffce0d0b97,12b742f306d99dc482ac7014268297016e654cb2a182ba30c16d65f3572921ad,True
statcast_2025-06-02_2025-06-05.parquet,14327,2025-06-02,2025-06-05,9080b4f52933639e9d5571a8f167ac4b491ea66efedbeb990bea98255edc7a02,86c67b74ff4b8d09a6d2bee8de55433ca485adb6566bb1d05438da19759199db,True
statcast_2025-06-06_2025-06-09.parquet,15748,2025-06-06,2025-06-09,d13deafd4e6e1bf1a948b853b3c3a62c8778ea2f76e7c42c1ddc1c72b47c9b30,fd7738a8fc852f4e513396c9bf5d273f4d36974d0b792ab1d757ced267129130,True
statcast_2025-06-10_2025-06-13.parquet,15412,2025-06-10,2025-06-13,e9df83f0ebf51537df0e722b97ea140d85dd896b3f6bff30623d58d4b41ca9f9,283bc9cefaf31395ba104f51c1442b37e7a0b457051ffc2522fbeb5327c13d6b,True
statcast_2025-06-14_2025-06-17.parquet,15064,2025-06-14,2025-06-17,2d272fdfc7b8954e69640d545dc5c8e5ffdf0c364276d7e62550393f68ac5457,61873c94cacb59052d804717312dc04422b6714b543578d96db64556a811749d,True
statcast_2025-06-18_2025-06-21.parquet,17154,2025-06-18,2025-06-21,add6335bd948146d3cb0f5606461959e909c7a6c5d2fa38a9812a500ec0f69a6,b038d790e58d6233bcce3f8989ca4bf4b6c13a15e691c0569d9f3f23ef39b8ab,True
statcast_2025-06-22_2025-06-25.parquet,15525,2025-06-22,2025-06-25,1a3674cfa71a36a07c4df418fd5ed046e6e74a5e093f87a13aa148fab53dc294,2f88aa4a6d73280253e776fae8fce149f364b76970d76b03bfdd534ae01632f4,True
statcast_2025-06-26_2025-06-29.parquet,16111,2025-06-26,2025-06-29,b6a97bd7dd0a68f09c78ca3c8e066e1399556a6a59efaa2b37aed40c5f6b8fdd,609e60090d4c3401e20084edd92294af556df4892e3550aa78f77ebffc2b92e0,True
statcast_2025-06-30_2025-07-03.parquet,13962,2025-06-30,2025-07-03,d68f91b0f10ebb99ec7d42afe172ae444e6b204489cf67781ca9a24d0dca2b07,aedd85525218a829c6a36730f766d59e2f9f75ee4a5d0b8c285bbbb9f0003dab,True
statcast_2025-07-04_2025-07-07.parquet,16174,2025-07-04,2025-07-07,ffecc014c37b14ae5e886595b05f8cd76bb5fa435ba125232aac8b22f40d5787,2a2989e4bae504c20eaea15279425d0fea3432983ce7b77902e6d55014d674b0,True
statcast_2025-07-08_2025-07-11.parquet,15880,2025-07-08,2025-07-11,e7f9eb0a0feaac963b8f06a9b6e9bd621da4b2229da873c6e3ed762d8daf6d1f,5585827fe4a8bec7c0c4be6017ee6ee6da43106ce1e6e61f551773b941d91175,True
statcast_2025-07-12_2025-07-15.parquet,8673,2025-07-12,2025-07-13,fceea731bfb98f4715501f32fac8dce1e2cd853674dc395ab81ae91f050c41f5,05209c50a52cc5989e0cbb7ac02d7bb8f9cf9d4e1bb67b2858c90e2d32e757e7,True
statcast_2025-07-16_2025-07-19.parquet,8603,2025-07-18,2025-07-19,97179c888932f509a07c78fa7da68dae3bd623a9e20b43e4ecc8736c7b58e5f1,d96537ee9d274ab14a08b26646feb520e8ec9d7df44207d62653155da2ee2cc8,True
statcast_2025-07-20_2025-07-23.parquet,17180,2025-07-20,2025-07-23,42387e06564ae4ab4ec4ce06be25cbff34c0f3cbb35b2c46cb3236dc30d37487,d09d8319291f3e23576f631b312257ee3166c86c9d3634254f5e624a07505aea,True
statcast_2025-07-24_2025-07-27.parquet,14666,2025-07-24,2025-07-27,6f912338b557f5e81794d8a683e1c640e8ab1d65faaa135979839015bbbfab7f,118f1eef591bf33305341e749b79435fba261675f80f552f433cc29cc43a20fc,True
statcast_2025-07-28_2025-07-31.parquet,14427,2025-07-28,2025-07-31,8e145d63e28c88b5c6a65077da9f2537ead4e62100205ff1bc069e485a282a1a,5c8cbec09f19081ff63699a8b188e1cb4cd1875b025b1fefbf75343be00023df,True
statcast_2025-08-01_2025-08-04.parquet,16737,2025-08-01,2025-08-04,d5c522636a8aa85fd7d9e46349ea1696d43be15e9779f6a65c85574cb3c0be7e,00ea60576a856552263cebee5ea0783f8e6518b579a02bb350ee512dadce4f91,True
statcast_2025-08-05_2025-08-08.parquet,14496,2025-08-05,2025-08-08,464d049fc2ad4aab06bf69196d7deeb05331aeed953e86977551441fbbf6feec,abeab2b5b2ee7a0538f05c08edc65353fa4dda4ae49e4954bf768fa87a83096f,True
statcast_2025-08-09_2025-08-12.parquet,16908,2025-08-09,2025-08-12,b79a0a81f377da25e59378678867331f954f25402eef1d333e62dd2a91fdd4fb,c898068e2a196ced36f10b5ff5205dd31f95555fa0283536805d2edb8cdafca6,True
statcast_2025-08-13_2025-08-16.parquet,15295,2025-08-13,2025-08-16,fcb91cee753fba77060405219320e82d489778c6d87af3e1c40462fb0a8a6a8e,f6dbcc6ced7489f44292e951390b0bd87fab198bedb6529e6df89020e41e0c55,True
statcast_2025-08-17_2025-08-20.parquet,16901,2025-08-17,2025-08-20,acf19148755f2fce6976bbf8eda27724b896170901949e8ff4baaffda3f59c91,07ebe93185613346d785937900744eeca606bcffa21b3895fe86e6856a47a571,True
statcast_2025-08-21_2025-08-24.parquet,15616,2025-08-21,2025-08-24,e41fad252eb542188af51f90c4ad749268b74b70032824862f3b5d9d812b3a84,ee66614609e0b7fb579f58620eb764c67a4f1fb1288985fee09631ccbb028a8b,True
statcast_2025-08-25_2025-08-28.parquet,14871,2025-08-25,2025-08-28,d48abcf52464639e07971bff97722b615ef8ef964013ea3ffbffd15a959a164a,41355b89e29e99450c7024d9f77efc80c9300f3f1c2f5834fd9df8afb4e08e36,True
statcast_2025-08-29_2025-09-01.parquet,17467,2025-08-29,2025-09-01,0cb5880c176b108388bed8f56bee8001856e05d2d8a6fe033407c40bee7363d6,2a18295faf0d8bb48d36abfc537baa638e75e408d17aadfb9efc655e97d0ebc4,True
statcast_2025-09-02_2025-09-05.parquet,14888,2025-09-02,2025-09-05,f78f23544fefb8bd9e341baa16b358f2f0486f0916b5bc3fa6b1c25c9f7726cb,c118ea646777b7735ba1587fc593093fed134690e9b43a66142951df30f2658d,True
statcast_2025-09-06_2025-09-09.parquet,16368,2025-09-06,2025-09-09,9901882d1303841c7fcf5af2adcf590761bf32a86e9987a50f9f18d11539ba83,8bfa0483a413af8cf5c4db316b2ccf9033656eb86850dd2e85fcd727cfc081df,True
statcast_2025-09-10_2025-09-13.parquet,16003,2025-09-10,2025-09-13,cebde49871ae7bef50a5d7be281eb04b885bb0405d7b291a589fe72aa2b21958,9b592ef3269b93cddc141c8f73d4c3a6f3a7356eedbdf9d40b4a6a003466c843,True
statcast_2025-09-14_2025-09-17.parquet,16620,2025-09-14,2025-09-17,2ff6506b95d7b5b14fef4866c1b68e62b9fe7b1ec1cb41335838ec55139b4d3a,d6b634c5091cb94eeafb3a04b610286019208abefa1254c7cba4b8e97edb0b9d,True
statcast_2025-09-18_2025-09-21.parquet,16192,2025-09-18,2025-09-21,c327c24890a17a0e17580c8f2af63eedb8481bb25520526ad7f4cf123c17d196,a9f117b331a2662f3c255afd207044efb9ab10e4659633701902ef7698bb8d8d,True
statcast_2025-09-22_2025-09-25.parquet,13106,2025-09-22,2025-09-25,f17e371bebd2e8b47587635b9be48c2caf401e09e148436809b36324305a6126,86f29da7c2255992c5a79135738127605d5065d17e650d5ce96853785999a29a,True
statcast_2025-09-26_2025-09-28.parquet,13168,2025-09-26,2025-09-28,2c0d777eb23d86baea2628b6be8c9783e131216ee8428220e404dd3f92fb2be9,83c2ab32057c33960bcd9b9b7a6ad9ffb044f1f6f8b6bdbd6d8ddc1bdb5c4855,True
statcast_2026-03-25_2026-03-28.parquet,10590,2026-03-25,2026-03-28,34d5b46e3e620c50e84c326ad70e11b41aa5677306f1506665a98e59fef98f7c,eb839802c7f41a2edbdf0a1596a9093d1c7620c97dd4fde9803eff1d2d1eb4f4,True
statcast_2026-03-29_2026-04-01.parquet,16453,2026-03-29,2026-04-01,8eaf95e700fa1064f544a378d2d406fa16c5ba9ff4cd32e1a125f186c3c06ccd,a6eab2bcd3e2db3542693a51329761307c16cf5b041dabf933d5b3c8558b56b0,True
statcast_2026-04-02_2026-04-05.parquet,14753,2026-04-02,2026-04-05,ebff602fa93550112d68ea666bb5bf54f165e420400797e4a62d95ac407bd0f7,eaca92d0a87d6c08e30016a9210d501498089a4c4cc4b4e769b3a0a37c229457,True
statcast_2026-04-06_2026-04-09.parquet,14565,2026-04-06,2026-04-09,6313979bd1f6a6de7583573dcefb7d8602c55ea763b7fbd5d24644f742818ab7,bf8e619e4f04c9c1c3bd5272b2e918fedd57e27475abbbe64164eaa41238ca2e,True
statcast_2026-04-10_2026-04-13.parquet,16330,2026-04-10,2026-04-13,678464aee72895bfba10df8d38b03a66bcf9b87ad486046980b5ffc3e799d07e,33a27132aead162e2f54ca4d5728139463906120b7790289e81d33f90387cdc5,True
statcast_2026-04-14_2026-04-17.parquet,16353,2026-04-14,2026-04-17,d44d25ba9c52914573004c0db3bef4c85d66c94e4817e41bcc1a5bf6cf5280a0,780ccd18a06bc20ecb0beacb1f2f743b1fc85d0eb118ca0cafe1fcf3db48bd53,True
statcast_2026-04-18_2026-04-21.parquet,17015,2026-04-18,2026-04-21,19ac90031c42bce90ce0b6350e66c01f5a3ae5902905b1421172b0c4a9635601,6292b92289c63a38e4ff9a37b300bff486974ca2693024d1c90cdfdb81401b4d,True
statcast_2026-04-22_2026-04-25.parquet,15368,2026-04-22,2026-04-25,ab0dcb5cfd15bf8f7025ae872c4cb279cbd164e16c45bdfee85fe1b7396e6db2,0b4bac136a9ee452fa12fa7565c90869e304d75cf433819e48f64da5d281496f,True
statcast_2026-04-26_2026-04-29.parquet,15227,2026-04-26,2026-04-29,225595b8071fccd00d2e147815d96ceeb4c7ac232ee89c8727b84659413cb620,4149c493ac00aa2d427fff136909a38e11e26640221e57a530c8a36234a35638,True
statcast_2026-04-30_2026-05-03.parquet,16419,2026-04-30,2026-05-03,9a93549ee94035cb7cd15e684cb6d2b847c982799b29915cc0fb8a2305e03eab,d6f7abe6da775b53aa9cbdcb81381b34dc698944d56c5c938f952c6480422c0f,True
statcast_2026-05-04_2026-05-07.parquet,14244,2026-05-04,2026-05-07,3662eb093703c04f87572b49ee0ec43ad2782e913d599ed4daea0a2795782402,314feb5e2acd8c779517bf4e1c81cd585d8393f68c2332107ffee4cc5c04cc20,True
statcast_2026-05-08_2026-05-11.parquet,14623,2026-05-08,2026-05-11,eaf1f8aea0725484805101c48f54627d923787ee0166235a52fd5eb7b05e209d,dd18c404b3f826c9f3aaf374b884faa83140e60a96f2bcd52616e6e6dc5846ab,True
statcast_2026-05-12_2026-05-15.parquet,16429,2026-05-12,2026-05-15,e459b35e84e348c00ba975e292f1ae7771d8ddc53d2b55acad64a211531bc0f3,f69851cfa11a603a212ae0208a4e7d8ab177bd6163b7cd713f5bc5790dd00d8c,True
statcast_2026-05-16_2026-05-19.parquet,17255,2026-05-16,2026-05-19,d30e57705d0b188257db159d714e852da897c9d972fa8e38cecc4deea12d26ba,f3182022ff70250adb333ed6e10c76942c0912d51fae74ccf8d3c765455cf473,True
statcast_2026-05-20_2026-05-23.parquet,14375,2026-05-20,2026-05-23,b33bc5382971e96afdbfef3e9b2939995c7e10f40121aede6a5a0e068f1cf8d0,4ef36c8dafc6afcdeb8f1542718950a0ecde390abf913b0c232eccf66fdfd899,True
statcast_2026-05-24_2026-05-27.parquet,16594,2026-05-24,2026-05-27,ed4ba9b4c4c62808611b321f5e82a2a6f5da6c8cadc5134f94bb556e8f84e3d2,18656cfa03e14700747f776cf659dab3d4906fa9ca82ea102bb0587fbc58de2d,True
statcast_2026-05-28_2026-05-31.parquet,15129,2026-05-28,2026-05-31,461a00b8940e20386d568ec1449591d14a910c7cdfd6a1b846aeefe7aee501f9,77cce42603b20f307faf9484f6e86ed14d36192b86caaaf7bb14ed4d862dcbc8,True
statcast_2026-06-01_2026-06-04.parquet,14373,2026-06-01,2026-06-04,2a2e4feed47a3e383afc1a8318905fd95a144f724c13f56c6aa0607508f4d095,baaad125c47767a0a3cd4e389d21141e058d4fdd2a3ff004c3f9956c07251e7e,True
statcast_2026-06-05_2026-06-08.parquet,15541,2026-06-05,2026-06-08,001c82f4b2ac5e0029180caa6c4262cdec6bd95a4c4eb0999938b6704d1de10a,db5be1498e5e5820b1eb494d1ff243787a07d8befb56de5e00cc5faf40391de7,True
statcast_2026-06-09_2026-06-12.parquet,15696,2026-06-09,2026-06-12,d40942257becebdc63de54901fd27b7ae59c065c0a41b1c73d0f442de4d9c420,30c4a7a1c14c097a9f756a3605b157c00ae0984624bf80341b436dcb23335e8b,True
statcast_2026-06-13_2026-06-16.parquet,15592,2026-06-13,2026-06-16,6a1f00bc13cf6576ccf3fe1c1201cee1cec714d6aa3e2b5dda4fad4dd1e7b54a,48c985abfe4e48cd30ac655a3d1d03acd43bee46901b662fa5b06539bbbeb215,True
statcast_2026-06-17_2026-06-20.parquet,14639,2026-06-17,2026-06-20,d3af3625dfbedddd5bd7ce36ea74529b55755e1490269a5f7b553ef716952e46,71abe10163912aafd55857bfa3d2cb68dd3cca153f76817a7aba110af418bb4f,True
statcast_2026-06-21_2026-06-24.parquet,16593,2026-06-21,2026-06-24,04af8a974c0d4d10cfd32f60a1682574aec9ae4cade9ac513cfcce2e44e39848,7d341d6f2a312346871d28757f51b252cdf659bc076012240505ba94204f03ee,True
statcast_2026-06-25_2026-06-28.parquet,15411,2026-06-25,2026-06-28,b760dbb4025979837bbb72d8a1d73c107fb36f9f06dbdc14ca942fb4772c79a1,b607cb8edacefca4a567acb0500b108ddfdb3e329c0eb892c8f499c692796ab3,True
statcast_2026-06-29_2026-07-02.parquet,14878,2026-06-29,2026-07-02,3f87e77397d537746472073d7746f50c8da8e51493ba730d4db57e7a7a670a3a,8cef6ab3dba3c1f0bec0e60a0082293785097bc0691c524593df3c1b252e0341,True
statcast_2026-07-03_2026-07-06.parquet,15389,2026-07-03,2026-07-06,57e1b984f38a549238a44c435d5f5e1b7fd00b9866d83fdc10d7e202e42ed0c2,8a5025d0da26bd146bb23f15ae337434ea4a5c6fda13662b875bc10556c9924e,True
statcast_2026-07-07_2026-07-10.parquet,16958,2026-07-07,2026-07-10,5c7f3b4c8a6f79b98d7e109bc069479b5ac1a10eb9e4aa271a4d4bd8a7f7664a,67200d3657a5e9c88cc32cbcbe782874ef3a16db9383594ad195c8d41fbea31f,True
statcast_2026-07-11_2026-07-14.parquet,8996,2026-07-11,2026-07-12,6bd4ff4a2e02f1e1e9009c594499acc7758cef60e5a598b7298c9a035f100c4d,e906cb03c37b922c810f09657b18c07b07d682b1b16ed725a79c609f67006a09,True
statcast_2026-07-15_2026-07-18.parquet,8846,2026-07-16,2026-07-18,861e42b8124ec6b049ff1401394fe9b033f92561945daade1159592e29e260e1,d7ce4c6de03035d1a45e5196b3ffcad52247103a0c598aaa9a511ea765eb6ba9,True
statcast_2026-07-19_2026-07-22.parquet,17969,2026-07-19,2026-07-22,7bad82b781162b80e1312ed5dfe74ef34f540b4a8e62090f1fe4e04811172cfa,5f631da8cb2c088206bc785661e49bd52fdccfcfeb01e6d2b87bb7782ac503d2,True
statcast_2026-07-23_2026-07-26.parquet,14598,2026-07-23,2026-07-26,a593d3b98f7c89f11ab07a40f18f66218d47b6adbdf66e188bb7deabb56379d3,63906082a3cfaf642cbbf021e45070cd8af23fbd23d80e4ef7676121fc11f701,True
statcast_2026-07-27_2026-07-30.parquet,15581,2026-07-27,2026-07-30,7c4a07c0debae902949b7c4e1790ceea02c28f122b6612f1d1d88d66f9cf8a5f,7378d32704f7ac5eba0076ce780ba3a20dc735d3e071aa332b3d5637934edf1e,True
statcast_2026-07-31_2026-08-03.parquet,15396,2026-07-31,2026-08-03,3b12713475279a235ffef2f3022322b0418e887a8e0cf7d25a25ca25e98a536f,2a5f25b508a0511e4daf6107ede92fe0f0adfc22f3d969dd3a3a8df6f951b5c1,True
statcast_2026-08-04_2026-08-07.parquet,16428,2026-08-04,2026-08-07,f260fb56f3baf5ec31c31457de8b6db0d23b242a14dcc744049e8793c061edf0,923cd858b8152afaf1f28a1c6ddc3bca1409f82ea35e83f8e3e0df62845e6ccd,True
statcast_2026-08-08_2026-08-11.parquet,16315,2026-08-08,2026-08-11,63319d2088eaa25df68795e8efe86719e2d611dfd3c2617db6d594db38cc3d51,6c993e1b1d0808919d7361bd54f73749a8b56a64bbb96919a6c3cb0766999121,True
statcast_2026-08-12_2026-08-15.parquet,15452,2026-08-12,2026-08-15,3832798ebe1a2009dffaf983ecd64ab581cfae096ae39ff70f6c25e87ce81280,fcaf3a5ba188523249268547953ee5990d8bc716132e80f8691cd40ff16b910d,True
statcast_2026-08-16_2026-08-19.parquet,16684,2026-08-16,2026-08-19,0f67e4c0af63053cc0d3cca27e7b55baa84bc9c9acac3c6f445473d2e537c758,df18bfeb68c670450dad4059d585b76899f35e8bc41799430758bb78ef74e1f3,True
statcast_2026-08-20_2026-08-23.parquet,16160,2026-08-20,2026-08-23,615acaa6a54ea0ddab8faa5682ecc0c6717e56f808a6422ebca9ef246462cda7,026a0d3c88784cedd3eb0d0e72f813702511c3212138f8e900edb2f29a539e9f,True
statcast_2026-08-24_2026-08-27.parquet,14117,2026-08-24,2026-08-27,53bc118f5648d9169bdd5180d2462137f4f4f67124d82760b4054b82ed5a47d9,e1ada61b527da3479f7bd8b5c9abbc1f269a07ceeb9f88625496ad34d82f6f68,True
statcast_2026-08-28_2026-08-31.parquet,17102,2026-08-28,2026-08-31,684c992cafc93c186837b8d60d8f7e883b490bbd9086d3e1b0f222c09e73d339,d58f8ae2e77c10f81681e3726c534dcaef86e453820334ca867320ff9e77574d,True
statcast_2026-09-01_2026-09-04.parquet,16518,2026-09-01,2026-09-04,23acb68b5ca9bd56342186de635b995390aa261941d9d82fea781a2f3117c579,375f81da557625990cdc8e996019df3a6f7b5f296841bb98cb4c9a81eb92efa8,True
statcast_2026-09-05_2026-09-08.parquet,16560,2026-09-05,2026-09-08,9ec7378efecc242d0abb661ba3686743d6a5abeec55a48cd3a8f154484c07c28,30121d1e73bbafe2f32a45f7a1095417c1f9b55c9b3b12f5b4472b06ab002d31,True
statcast_2026-09-09_2026-09-12.parquet,14589,2026-09-09,2026-09-12,45eb7ca5400da014019b2c54d23cfd859f0ae0f0903c0f59e7db9434b0efe45d,8868192ea60ee95b247cf33ff0886b7f1c77315653ada856fe5a2c2d60fbd1a1,True
statcast_2026-09-13_2026-09-16.parquet,16380,2026-09-13,2026-09-16,88d8713ecc83be8596830242f88af7572dc91c8ec9f61df5b0c4e43384049d9b,236b8014ce30d3afa319910be19059aa3b927309e57b8fbf12ec4d32667ede29,True
statcast_2026-09-17_2026-09-20.parquet,16006,2026-09-17,2026-09-20,aa630c8a80da3dd4c28ff2c1cc91ea35c58a5268f213c2ec5b2cdc85966059a1,b126de112035c2eb8678cb8b10208add81a90332a9cc4824fe088cca8cebbe14,True
