stage,specification,x,y,restriction,high_information,negative_control,method,endpoint,estimate,ci90_low,ci90_high,permutation_p_positive,permutation_p_two_sided,permutation_null_mean,permutations,bootstrap_replicates,shared_players,median_n_a,median_n_b,min_n_a,min_n_b,median_games_a,median_games_b,median_information_a,median_information_b,median_se_a,median_se_b,median_shrinkage_a,median_shrinkage_b,score_se_spearman_a,score_se_spearman_b,se_stability_spearman,top_quartile_baseline_n,status,bh_q_positive,bh_q_two_sided,by_q_positive,family_tests
discovery,distortion__log_exposure_pitcher,log_exposure_pitcher,distortion,all,False,False,unpooled,spearman,-0.013209710240463156,-0.0959566532792271,0.07505973376401483,0.5962,0.7994,0.0,9999,500,369,415.0,384.0,45,40,61.0,58.0,53.493913453153894,54.48835489674421,0.11967460522580262,0.1192047413372907,0.14108237853096983,0.2336108428671013,0.03923313557459899,-0.05573858588174601,0.3627888758323541,83,ok,0.7046,0.8662841379310345,1.0,156
discovery,distortion__log_exposure_pitcher,log_exposure_pitcher,distortion,all,False,False,pooled,spearman,-0.06848136577723005,-0.1448983747114302,0.016701313467673486,0.9047,0.1886,0.0,9999,500,369,415.0,384.0,45,40,61.0,58.0,53.493913453153894,54.48835489674421,0.11967460522580262,0.1192047413372907,0.14108237853096983,0.2336108428671013,0.0058541839824978745,-0.030279776064505652,0.3627888758323541,96,ok,0.9105367741935483,0.5349381818181818,1.0,156
discovery,distortion__log_exposure_pa,log_exposure_pa,distortion,all,False,False,unpooled,spearman,-0.02517411366828122,-0.11207175311500678,0.062397120598965114,0.6852,0.6303,0.0,9999,500,369,415.0,384.0,45,40,61.0,58.0,17.675372933583375,16.343598170829072,0.21088362954605352,0.2051839804341313,0.19810183277466858,0.21681670550669,-0.03669069387521137,0.01261070190020349,0.3004583321391381,83,ok,0.7802277372262774,0.7525818181818182,1.0,156
discovery,distortion__log_exposure_pa,log_exposure_pa,distortion,all,False,False,pooled,spearman,-0.05482407115493011,-0.14004207395126164,0.036516777485776475,0.8592,0.2852,0.0,9999,500,369,415.0,384.0,45,40,61.0,58.0,17.675372933583375,16.343598170829072,0.21088362954605352,0.2051839804341313,0.19810183277466858,0.21681670550669,0.006505259235906107,0.018654762928357837,0.3004583321391381,93,ok,0.8818105263157895,0.62855,1.0,156
discovery,distortion__log_exposure_type,log_exposure_type,distortion,all,False,False,unpooled,spearman,-0.011240721102863203,-0.09294065437971541,0.07606274033867468,0.58,0.8285,0.0,9999,500,369,415.0,384.0,45,40,61.0,58.0,94.32682094805693,88.60065730110864,0.09426174398029448,0.09905243006221155,0.1512687272977863,0.24409024827650402,0.13819012543826967,-0.12282011598024323,0.3782226553170349,83,ok,0.6983999999999999,0.8806040816326531,1.0,156
discovery,distortion__log_exposure_type,log_exposure_type,distortion,all,False,False,pooled,spearman,-0.006324935752295243,-0.09222126094376407,0.082033599388809,0.5459,0.9053,0.0,9999,500,369,415.0,384.0,45,40,61.0,58.0,94.32682094805693,88.60065730110864,0.09426174398029448,0.09905243006221155,0.1512687272977863,0.24409024827650402,0.05498003305532468,-0.07395316843885243,0.3782226553170349,101,ok,0.6758761904761905,0.9053,1.0,156
discovery,distortion__log_kernel_exposure,log_kernel_exposure,distortion,all,False,False,unpooled,spearman,-0.036110076141889505,-0.12275110014776713,0.05393991645589302,0.7552,0.493,0.0,9999,500,369,415.0,384.0,45,40,61.0,58.0,30.65579793140214,30.49812547284944,0.15951368376927968,0.15958968732008796,0.1989404710069603,0.2657303016315639,0.05337837837837838,-0.05856285766147908,0.3281660504619147,85,ok,0.8181333333333334,0.7395,1.0,156
discovery,distortion__log_kernel_exposure,log_kernel_exposure,distortion,all,False,False,pooled,spearman,-0.06342944216751216,-0.15843925324889258,0.015012621079912757,0.8846,0.2214,0.0,9999,500,369,415.0,384.0,45,40,61.0,58.0,30.65579793140214,30.49812547284944,0.15951368376927968,0.15958968732008796,0.1989404710069603,0.2657303016315639,0.05200099357045274,-0.04221289157662434,0.3281660504619147,96,ok,0.8960883116883117,0.57072,1.0,156
discovery,distortion__log_exposure_sequence,log_exposure_sequence,distortion,all,False,False,unpooled,spearman,-0.02834517975026989,-0.11633087955568312,0.057905815565314364,0.7023,0.5872,0.0,9999,500,369,415.0,384.0,45,40,61.0,58.0,48.8276162748292,44.130475182916655,0.12458089847988953,0.13255786228447256,0.2030490883102085,0.1661002024365396,-0.041306736216598354,-0.19820034774965845,0.3913826870348609,80,ok,0.7825628571428572,0.7423103999999999,1.0,156
discovery,distortion__log_exposure_sequence,log_exposure_sequence,distortion,all,False,False,pooled,spearman,-0.008829402042551565,-0.0959513815049285,0.08238144439659018,0.5644,0.8609,0.0,9999,500,369,415.0,384.0,45,40,61.0,58.0,48.8276162748292,44.130475182916655,0.12458089847988953,0.13255786228447256,0.2030490883102085,0.1661002024365396,-0.02704087969199316,-0.13371786420566908,0.3913826870348609,90,ok,0.6878625,0.8877631578947368,1.0,156
discovery,distortion__log_kernel_h0.5_m5,log_kernel_h0.5_m5,distortion,all,False,False,unpooled,spearman,-0.027577388663063383,-0.11343189213760982,0.06310277788162828,0.6992,0.5948,0.0,9999,500,367,415.0,385.0,45,43,62.0,59.0,13.692415997322993,13.284024243178544,0.2334088616186459,0.23938899482204753,0.21106478880444435,0.22297769710875148,0.016350715962874417,-0.040718021522583955,0.3184706865980062,85,ok,0.7825628571428572,0.7423103999999999,1.0,156
discovery,distortion__log_kernel_h0.5_m5,log_kernel_h0.5_m5,distortion,all,False,False,pooled,spearman,-0.030948182271931884,-0.11799678874160015,0.04968653594582628,0.7289,0.5535,0.0,9999,500,367,415.0,385.0,45,43,62.0,59.0,13.692415997322993,13.284024243178544,0.2334088616186459,0.23938899482204753,0.21106478880444435,0.22297769710875148,0.03015749629540436,-0.03869894406885984,0.3184706865980062,97,ok,0.8013818181818182,0.7423103999999999,1.0,156
discovery,distortion__log_kernel_h0.5_m20,log_kernel_h0.5_m20,distortion,all,False,False,unpooled,spearman,-0.024095277674280855,-0.1156971103849238,0.06764821556048535,0.6744,0.645,0.0,9999,500,369,415.0,384.0,45,40,61.0,58.0,23.826901350719588,23.526818732466708,0.17687322595213825,0.18301955595136765,0.20822894927880492,0.23889609578072776,0.019486639343479214,-0.03755529124033896,0.32581874026730867,87,ok,0.7786235294117647,0.753689552238806,1.0,156
discovery,distortion__log_kernel_h0.5_m20,log_kernel_h0.5_m20,distortion,all,False,False,pooled,spearman,-0.038669475413908076,-0.12714614634035737,0.04923573788483175,0.768,0.4634,0.0,9999,500,369,415.0,384.0,45,40,61.0,58.0,23.826901350719588,23.526818732466708,0.17687322595213825,0.18301955595136765,0.20822894927880492,0.23889609578072776,0.032580273805088225,-0.036098850706485906,0.32581874026730867,96,ok,0.8262620689655172,0.723684,1.0,156
discovery,distortion__log_kernel_h1_m5,log_kernel_h1_m5,distortion,all,False,False,unpooled,spearman,-0.03165973668977301,-0.1259916980722863,0.05196389205783727,0.7346,0.535,0.0,9999,500,368,415.0,384.5,45,40,61.5,58.5,17.397156121097638,16.921846256584256,0.21094531235657454,0.21564136170850345,0.2061175293667551,0.24580639088191825,0.0807503638358265,-0.0512565459145884,0.3162443666848705,87,ok,0.8013818181818182,0.7423103999999999,1.0,156
discovery,distortion__log_kernel_h1_m5,log_kernel_h1_m5,distortion,all,False,False,pooled,spearman,-0.045394960524655595,-0.13186575526527108,0.03893899980227811,0.7969,0.3873,0.0,9999,500,368,415.0,384.5,45,40,61.5,58.5,17.397156121097638,16.921846256584256,0.21094531235657454,0.21564136170850345,0.2061175293667551,0.24580639088191825,0.06202233003256463,-0.04027790218667499,0.3162443666848705,99,ok,0.8399756756756757,0.67496,1.0,156
discovery,distortion__log_kernel_h2_m5,log_kernel_h2_m5,distortion,all,False,False,unpooled,spearman,-0.013486763539785809,-0.10042656472362221,0.0799163209970383,0.6011,0.8017,0.0,9999,500,369,415.0,384.0,45,40,61.0,58.0,21.59658163134231,20.844891007630643,0.19161524280342013,0.19268631457789287,0.2080415232612591,0.24836349310570519,0.11352856037373533,-0.07714166977157433,0.3374807734563832,85,ok,0.7050496240601504,0.8662841379310345,1.0,156
discovery,distortion__log_kernel_h2_m5,log_kernel_h2_m5,distortion,all,False,False,pooled,spearman,-0.04057708291536499,-0.12650274927333008,0.0413869899444704,0.7807,0.4408,0.0,9999,500,369,415.0,384.0,45,40,61.0,58.0,21.59658163134231,20.844891007630643,0.19161524280342013,0.19268631457789287,0.2080415232612591,0.24836349310570519,0.08207393501667097,-0.03844854929160337,0.3374807734563832,97,ok,0.8284979591836734,0.7163,1.0,156
discovery,distortion__log_kernel_h2_m20,log_kernel_h2_m20,distortion,all,False,False,unpooled,spearman,-0.024303306487823986,-0.10116015989535218,0.05479238655810183,0.6788,0.6368,0.0,9999,500,369,415.0,384.0,45,40,61.0,58.0,38.446198621720285,38.241086936091804,0.1453513257926928,0.14554954742800516,0.21244263179183953,0.25876422812431077,0.09264948936210865,-0.08035238313605228,0.36096916110171673,85,ok,0.7786235294117647,0.7525818181818182,1.0,156
discovery,distortion__log_kernel_h2_m20,log_kernel_h2_m20,distortion,all,False,False,pooled,spearman,-0.05608251411538792,-0.13804620729423236,0.024841019972079867,0.8575,0.2867,0.0,9999,500,369,415.0,384.0,45,40,61.0,58.0,38.446198621720285,38.241086936091804,0.1453513257926928,0.14554954742800516,0.21244263179183953,0.25876422812431077,0.05201221900585633,-0.035559790968062444,0.36096916110171673,98,ok,0.8818105263157895,0.62855,1.0,156
discovery,distortion__linear_exposure_pitcher,linear_exposure_pitcher,distortion,all,False,False,unpooled,spearman,0.07065169623494119,-0.01557963553826755,0.16626154170210927,0.0902,0.1774,0.0,9999,500,369,415.0,384.0,45,40,61.0,58.0,439.5401023381992,420.80534973471816,0.039279693740786124,0.04083699687896603,0.21908586722909612,0.24377309735974856,0.04391103723023129,-0.060294918460347936,0.326303105863021,82,ok,0.2706,0.5221584905660377,1.0,156
discovery,distortion__linear_exposure_pitcher,linear_exposure_pitcher,distortion,all,False,False,pooled,spearman,-0.010983491444785188,-0.09399000486145677,0.07143472169858811,0.5887,0.8298,0.0,9999,500,369,415.0,384.0,45,40,61.0,58.0,439.5401023381992,420.80534973471816,0.039279693740786124,0.04083699687896603,0.21908586722909612,0.24377309735974856,0.027696015209270775,-0.025970403064782703,0.326303105863021,94,ok,0.7010473282442747,0.8806040816326531,1.0,156
discovery,distortion__saturating_exposure_pitcher,saturating_exposure_pitcher,distortion,all,False,False,unpooled,spearman,-0.015403386627880294,-0.10809982537150152,0.07363733256416917,0.6175,0.7736,0.0,9999,500,366,415.5,385.5,45,40,62.0,59.0,11.615229881968842,11.655559999271077,0.2598206363278381,0.2598730711579542,0.13242136053753378,0.21588174624252376,0.02009813669993165,-0.049881811300712064,0.35233669736166595,84,ok,0.7188805970149255,0.8558978723404255,1.0,156
discovery,distortion__saturating_exposure_pitcher,saturating_exposure_pitcher,distortion,all,False,False,pooled,spearman,-0.06236312537058261,-0.13990548570212785,0.025389809467888904,0.8841,0.2347,0.0,9999,500,366,415.5,385.5,45,40,62.0,59.0,11.615229881968842,11.655559999271077,0.2598206363278381,0.2598730711579542,0.13242136053753378,0.21588174624252376,-0.011024622288742672,-0.024752990819647654,0.35233669736166595,96,ok,0.8960883116883117,0.57072,1.0,156
discovery,absz_attack_angle__log_exposure_pitcher,log_exposure_pitcher,absz_attack_angle,all,False,False,unpooled,spearman,0.06724059690655661,-0.020467452357038552,0.14989699599316328,0.1064,0.1992,0.0,9999,500,369,415.0,384.0,45,40,61.0,58.0,53.493913453153894,54.48835489674421,0.08731087675549205,0.08186038821765863,0.1221669612984833,0.11470235452829826,0.12849827558205076,0.09300392651400073,0.42838100560794096,85,ok,0.3027934426229508,0.5549142857142857,1.0,156
discovery,absz_attack_angle__log_exposure_pitcher,log_exposure_pitcher,absz_attack_angle,all,False,False,pooled,spearman,0.08203930335425563,0.001733093994495175,0.16364954070163443,0.0589,0.1181,0.0,9999,500,369,415.0,384.0,45,40,61.0,58.0,53.493913453153894,54.48835489674421,0.08731087675549205,0.08186038821765863,0.1221669612984833,0.11470235452829826,0.1112099108652661,0.09889990733044816,0.42838100560794096,97,ok,0.21368372093023255,0.4187181818181818,1.0,156
discovery,absz_attack_angle__log_exposure_pa,log_exposure_pa,absz_attack_angle,all,False,False,unpooled,spearman,0.036064935561224004,-0.05738572696225309,0.12950149146890072,0.2452,0.4863,0.0,9999,500,369,415.0,384.0,45,40,61.0,58.0,17.675372933583375,16.343598170829072,0.15161939540167604,0.14701733499862998,0.16167229494480576,0.1965464330151646,0.034949557192399186,0.13348642916511422,0.41415264681436476,91,ok,0.42034285714285713,0.7374407766990292,1.0,156
discovery,absz_attack_angle__log_exposure_pa,log_exposure_pa,absz_attack_angle,all,False,False,pooled,spearman,0.03280693206462029,-0.04431910454972842,0.12504043896638423,0.2622,0.5248,0.0,9999,500,369,415.0,384.0,45,40,61.0,58.0,17.675372933583375,16.343598170829072,0.15161939540167604,0.14701733499862998,0.16167229494480576,0.1965464330151646,0.006720930899085724,0.1540791321544238,0.41415264681436476,99,ok,0.4305,0.7423103999999999,1.0,156
discovery,absz_attack_angle__log_exposure_type,log_exposure_type,absz_attack_angle,all,False,False,unpooled,spearman,0.008953359510093338,-0.07313336536819418,0.10304572400577186,0.4356,0.8615,0.0,9999,500,369,415.0,384.0,45,40,61.0,58.0,94.32682094805693,88.60065730110864,0.06801740171116728,0.06523298670794542,0.05235404061068259,0.1902342822239133,0.12851523315468172,0.011234272448482416,0.38545876204943014,80,ok,0.5524682926829267,0.8877631578947368,1.0,156
discovery,absz_attack_angle__log_exposure_type,log_exposure_type,absz_attack_angle,all,False,False,pooled,spearman,0.025355631347147783,-0.05773064906187055,0.10259525586102596,0.3101,0.6296,0.0,9999,500,369,415.0,384.0,45,40,61.0,58.0,94.32682094805693,88.60065730110864,0.06801740171116728,0.06523298670794542,0.05235404061068259,0.1902342822239133,0.1197484069435289,0.04702717033045772,0.38545876204943014,101,ok,0.44381284403669724,0.7525818181818182,1.0,156
discovery,absz_attack_angle__log_kernel_exposure,log_kernel_exposure,absz_attack_angle,all,False,False,unpooled,spearman,0.04649814183218213,-0.035971270348876525,0.1358635900265217,0.1876,0.375,0.0,9999,500,369,415.0,384.0,45,40,61.0,58.0,30.65579793140214,30.49812547284944,0.11134273432086378,0.11297776217026231,0.18814199076333427,0.12162015148732824,0.07650301414882539,0.07636400982106177,0.41438718676258435,84,ok,0.37557,0.67496,1.0,156
discovery,absz_attack_angle__log_kernel_exposure,log_kernel_exposure,absz_attack_angle,all,False,False,pooled,spearman,0.039195637843569976,-0.06061308662990731,0.1219323268549334,0.2223,0.4493,0.0,9999,500,369,415.0,384.0,45,40,61.0,58.0,30.65579793140214,30.49812547284944,0.11134273432086378,0.11297776217026231,0.18814199076333427,0.12162015148732824,0.08776308121483095,0.09923189361153305,0.41438718676258435,95,ok,0.39860689655172415,0.7225855670103093,1.0,156
discovery,absz_attack_angle__log_exposure_sequence,log_exposure_sequence,absz_attack_angle,all,False,False,unpooled,spearman,0.028348762336036993,-0.05563608977116756,0.11216940633726946,0.2973,0.5934,0.0,9999,500,369,415.0,384.0,45,40,61.0,58.0,48.8276162748292,44.130475182916655,0.08882872463782897,0.08821932782938789,0.09860565110672777,0.23562292566663223,0.016786802709390196,0.058964584945496924,0.43164927918374363,77,ok,0.4334467289719626,0.7423103999999999,1.0,156
discovery,absz_attack_angle__log_exposure_sequence,log_exposure_sequence,absz_attack_angle,all,False,False,pooled,spearman,0.021653148376372132,-0.048583952567488715,0.11332473514765658,0.3345,0.6739,0.0,9999,500,369,415.0,384.0,45,40,61.0,58.0,48.8276162748292,44.130475182916655,0.08882872463782897,0.08821932782938789,0.09860565110672777,0.23562292566663223,0.049596600842624176,0.030446724561252667,0.43164927918374363,89,ok,0.45714782608695653,0.7711182481751825,1.0,156
discovery,absz_attack_angle__log_kernel_h0.5_m5,log_kernel_h0.5_m5,absz_attack_angle,all,False,False,unpooled,spearman,0.1272395081773001,0.03744709783352562,0.2120410058273882,0.0086,0.0171,0.0,9999,500,367,415.0,385.0,45,43,62.0,59.0,13.692415997322993,13.284024243178544,0.16245002720011667,0.17009303633996117,0.20660295612139518,0.06845750829441592,0.05675095795114012,0.044276715329743,0.4017430049660032,81,ok,0.06098181818181818,0.12125454545454546,0.3433443073345299,156
discovery,absz_attack_angle__log_kernel_h0.5_m5,log_kernel_h0.5_m5,absz_attack_angle,all,False,False,pooled,spearman,0.07615177480719594,-0.013153930749466152,0.15812001326107603,0.0708,0.1469,0.0,9999,500,367,415.0,385.0,45,43,62.0,59.0,13.692415997322993,13.284024243178544,0.16245002720011667,0.17009303633996117,0.20660295612139518,0.06845750829441592,0.05062963559985317,0.04268563277212513,0.4017430049660032,94,ok,0.23499574468085108,0.4729920000000001,1.0,156
discovery,absz_attack_angle__log_kernel_h0.5_m20,log_kernel_h0.5_m20,absz_attack_angle,all,False,False,unpooled,spearman,0.10544720223935494,0.021322253735748614,0.19622891182215138,0.0209,0.0431,0.0,9999,500,369,415.0,384.0,45,40,61.0,58.0,23.826901350719588,23.526818732466708,0.12460914558866436,0.12605571601700816,0.20147393514068415,0.0751745508777911,0.056183543034020234,0.07711205372923294,0.4058826058295836,80,ok,0.10867999999999998,0.21303750000000002,0.6118981105132435,156
discovery,absz_attack_angle__log_kernel_h0.5_m20,log_kernel_h0.5_m20,absz_attack_angle,all,False,False,pooled,spearman,0.06149986147335034,-0.03259871964857177,0.13569323094067615,0.1184,0.2378,0.0,9999,500,369,415.0,384.0,45,40,61.0,58.0,23.826901350719588,23.526818732466708,0.12460914558866436,0.12605571601700816,0.20147393514068415,0.0751745508777911,0.04919320168524834,0.07474133730761513,0.4058826058295836,96,ok,0.3027934426229508,0.57072,1.0,156
discovery,absz_attack_angle__log_kernel_h1_m5,log_kernel_h1_m5,absz_attack_angle,all,False,False,unpooled,spearman,0.07499809774782974,-0.01708135620841924,0.15942141145663694,0.0733,0.1516,0.0,9999,500,368,415.0,384.5,45,40,61.5,58.5,17.397156121097638,16.921846256584256,0.1477215724373147,0.15009935626973298,0.20434300627018137,0.11433591752510246,0.1104310358942945,0.05736108984120288,0.4068508046767472,85,ok,0.23822500000000002,0.4729920000000001,1.0,156
discovery,absz_attack_angle__log_kernel_h1_m5,log_kernel_h1_m5,absz_attack_angle,all,False,False,pooled,spearman,0.06437317660701782,-0.018169397202924684,0.15218843988778671,0.1097,0.217,0.0,9999,500,368,415.0,384.5,45,40,61.5,58.5,17.397156121097638,16.921846256584256,0.1477215724373147,0.15009935626973298,0.20434300627018137,0.11433591752510246,0.09293103830220864,0.0749737778150202,0.4068508046767472,94,ok,0.3027934426229508,0.57072,1.0,156
discovery,absz_attack_angle__log_kernel_h2_m5,log_kernel_h2_m5,absz_attack_angle,all,False,False,unpooled,spearman,0.03238585881746009,-0.0497136476397968,0.12015198740262442,0.2715,0.5382,0.0,9999,500,369,415.0,384.0,45,40,61.0,58.0,21.59658163134231,20.844891007630643,0.13655302091651264,0.13616554820867183,0.17352122152555685,0.14694880402112911,0.10938541935360599,0.0665670707823412,0.4169831284094275,81,ok,0.4305,0.7423103999999999,1.0,156
discovery,absz_attack_angle__log_kernel_h2_m5,log_kernel_h2_m5,absz_attack_angle,all,False,False,pooled,spearman,0.04601688114413459,-0.03671469011238042,0.1287501733906198,0.1926,0.3874,0.0,9999,500,369,415.0,384.0,45,40,61.0,58.0,21.59658163134231,20.844891007630643,0.13655302091651264,0.13616554820867183,0.17352122152555685,0.14694880402112911,0.11999202277569192,0.10201245784490748,0.4169831284094275,92,ok,0.37557,0.67496,1.0,156
discovery,absz_attack_angle__log_kernel_h2_m20,log_kernel_h2_m20,absz_attack_angle,all,False,False,unpooled,spearman,0.018982450106522216,-0.06794100616984748,0.09860472668994649,0.3546,0.7123,0.0,9999,500,369,415.0,384.0,45,40,61.0,58.0,38.446198621720285,38.241086936091804,0.1019336884839604,0.10084896867961961,0.15383709241196294,0.1640109566747339,0.09349402424694048,0.07381392527203767,0.4211150439941532,79,ok,0.4768758620689656,0.805208695652174,1.0,156
discovery,absz_attack_angle__log_kernel_h2_m20,log_kernel_h2_m20,absz_attack_angle,all,False,False,pooled,spearman,0.036876988335100745,-0.05089313070656707,0.11926742002623049,0.2432,0.4869,0.0,9999,500,369,415.0,384.0,45,40,61.0,58.0,38.446198621720285,38.241086936091804,0.1019336884839604,0.10084896867961961,0.15383709241196294,0.1640109566747339,0.11270480448635274,0.1151383355784204,0.4211150439941532,98,ok,0.42034285714285713,0.7374407766990292,1.0,156
discovery,absz_attack_angle__linear_exposure_pitcher,linear_exposure_pitcher,absz_attack_angle,all,False,False,unpooled,spearman,0.07881425964670928,-0.015832885515131307,0.1661073657156005,0.064,0.1289,0.0,9999,500,369,415.0,384.0,45,40,61.0,58.0,439.5401023381992,420.80534973471816,0.0285917240278186,0.029076445317296584,0.21561368978896922,0.2104441036336545,0.08046774239775299,0.036146379677662814,0.3948945764428267,88,ok,0.22382608695652176,0.44086956521739135,1.0,156
discovery,absz_attack_angle__linear_exposure_pitcher,linear_exposure_pitcher,absz_attack_angle,all,False,False,pooled,spearman,0.08422253112072836,0.0016963884798645208,0.16964202526356525,0.0557,0.1102,0.0,9999,500,369,415.0,384.0,45,40,61.0,58.0,439.5401023381992,420.80534973471816,0.0285917240278186,0.029076445317296584,0.21561368978896922,0.2104441036336545,0.06708773991382687,0.026961107448912325,0.3948945764428267,94,ok,0.21193170731707317,0.40931428571428574,1.0,156
discovery,absz_attack_angle__saturating_exposure_pitcher,saturating_exposure_pitcher,absz_attack_angle,all,False,False,unpooled,spearman,0.07470810787327038,-0.012365755104898858,0.17223133834873272,0.0783,0.1509,0.0,9999,500,366,415.5,385.5,45,40,62.0,59.0,11.615229881968842,11.655559999271077,0.1855958554626866,0.1770432809759464,0.14119658029516657,0.11030636591838465,0.11110276206041789,0.1149898026680112,0.41847635399947736,84,ok,0.24429599999999996,0.4729920000000001,1.0,156
discovery,absz_attack_angle__saturating_exposure_pitcher,saturating_exposure_pitcher,absz_attack_angle,all,False,False,pooled,spearman,0.08993441032007936,-0.004135085922712011,0.17608699337066916,0.0411,0.0873,0.0,9999,500,366,415.5,385.5,45,40,62.0,59.0,11.615229881968842,11.655559999271077,0.1855958554626866,0.1770432809759464,0.14119658029516657,0.11030636591838465,0.10004301664799348,0.10880372721203779,0.41847635399947736,96,ok,0.1687263157894737,0.34827,0.9499752836348897,156
discovery,absz_attack_direction__log_exposure_pitcher,log_exposure_pitcher,absz_attack_direction,all,False,False,unpooled,spearman,0.05476006228922454,-0.03111163423681884,0.1444453223867273,0.1462,0.2951,0.0,9999,500,369,415.0,384.0,45,40,61.0,58.0,53.493913453153894,54.48835489674421,0.08253751080555026,0.08015685229018082,0.23065417798196428,0.3174884052292025,0.04682367945888624,0.03300086937414615,0.4522293237033428,82,ok,0.34366567164179107,0.6306246575342465,1.0,156
discovery,absz_attack_direction__log_exposure_pitcher,log_exposure_pitcher,absz_attack_direction,all,False,False,pooled,spearman,0.029649479808546618,-0.058345414284678807,0.11258544866836359,0.2759,0.5614,0.0,9999,500,369,415.0,384.0,45,40,61.0,58.0,53.493913453153894,54.48835489674421,0.08253751080555026,0.08015685229018082,0.23065417798196428,0.3174884052292025,0.05658909174285632,-0.010274617141001021,0.4522293237033428,90,ok,0.4305,0.7423103999999999,1.0,156
discovery,absz_attack_direction__log_exposure_pa,log_exposure_pa,absz_attack_direction,all,False,False,unpooled,spearman,0.05670683939506845,-0.026374019967258494,0.14425702869172743,0.1429,0.2799,0.0,9999,500,369,415.0,384.0,45,40,61.0,58.0,17.675372933583375,16.343598170829072,0.14698828536174832,0.14354116762022961,0.21691863797335692,0.3019189502750066,0.002859381120250685,0.12372340527165553,0.3987059700209223,88,ok,0.34366567164179107,0.62855,1.0,156
discovery,absz_attack_direction__log_exposure_pa,log_exposure_pa,absz_attack_direction,all,False,False,pooled,spearman,0.05496426967794942,-0.029668203395030894,0.13018900495887029,0.1476,0.2891,0.0,9999,500,369,415.0,384.0,45,40,61.0,58.0,17.675372933583375,16.343598170829072,0.14698828536174832,0.14354116762022961,0.21691863797335692,0.3019189502750066,0.027597374681149867,0.10555659052477717,0.3987059700209223,94,ok,0.34366567164179107,0.62855,1.0,156
discovery,absz_attack_direction__log_exposure_type,log_exposure_type,absz_attack_direction,all,False,False,unpooled,spearman,-0.01062379983376802,-0.09553370699280335,0.08460868179799712,0.582,0.8359,0.0,9999,500,369,415.0,384.0,45,40,61.0,58.0,94.32682094805693,88.60065730110864,0.06584835355973703,0.06637320132016707,0.18737512172386203,0.25084675960652975,0.031073438231444594,-0.005055745034536126,0.4371294412121559,85,ok,0.6983999999999999,0.8810837837837837,1.0,156
discovery,absz_attack_direction__log_exposure_type,log_exposure_type,absz_attack_direction,all,False,False,pooled,spearman,-0.027499450670182377,-0.1068344590802046,0.05667492157677171,0.6961,0.6004,0.0,9999,500,369,415.0,384.0,45,40,61.0,58.0,94.32682094805693,88.60065730110864,0.06584835355973703,0.06637320132016707,0.18737512172386203,0.25084675960652975,0.024687837360159733,-0.018047156382257123,0.4371294412121559,97,ok,0.7825628571428572,0.743352380952381,1.0,156
discovery,absz_attack_direction__log_kernel_exposure,log_kernel_exposure,absz_attack_direction,all,False,False,unpooled,spearman,0.05036446839203997,-0.041924770779163484,0.13633461570520122,0.1669,0.3276,0.0,9999,500,369,415.0,384.0,45,40,61.0,58.0,30.65579793140214,30.49812547284944,0.10930764392373546,0.11067229729012064,0.232395936903525,0.3305253827182525,0.009421245211277025,0.011285145166375282,0.44048465220257366,83,ok,0.37086399999999997,0.6679463414634147,1.0,156
discovery,absz_attack_direction__log_kernel_exposure,log_kernel_exposure,absz_attack_direction,all,False,False,pooled,spearman,0.026215213092201428,-0.06813438415798131,0.11574787639634614,0.3188,0.6218,0.0,9999,500,369,415.0,384.0,45,40,61.0,58.0,30.65579793140214,30.49812547284944,0.10930764392373546,0.11067229729012064,0.232395936903525,0.3305253827182525,0.028281170884564312,-0.005547992318936114,0.44048465220257366,93,ok,0.44804324324324324,0.7525818181818182,1.0,156
discovery,absz_attack_direction__log_exposure_sequence,log_exposure_sequence,absz_attack_direction,all,False,False,unpooled,spearman,0.04911820622319032,-0.04546594794865496,0.13024522446847792,0.1768,0.3488,0.0,9999,500,369,415.0,384.0,45,40,61.0,58.0,48.8276162748292,44.130475182916655,0.08700183068487573,0.09045861836991682,0.20906898350681585,0.25768111016294254,-0.07069803101086239,-0.11312850496307549,0.4895560459717405,81,ok,0.37086399999999997,0.6679463414634147,1.0,156
discovery,absz_attack_direction__log_exposure_sequence,log_exposure_sequence,absz_attack_direction,all,False,False,pooled,spearman,0.03319265713221174,-0.06101928718147308,0.1176232420092871,0.2627,0.5263,0.0,9999,500,369,415.0,384.0,45,40,61.0,58.0,48.8276162748292,44.130475182916655,0.08700183068487573,0.09045861836991682,0.20906898350681585,0.25768111016294254,-0.037034622108853284,-0.1051006467761505,0.4895560459717405,92,ok,0.4305,0.7423103999999999,1.0,156
discovery,absz_attack_direction__log_kernel_h0.5_m5,log_kernel_h0.5_m5,absz_attack_direction,all,False,False,unpooled,spearman,0.0743854158372192,-0.020255601762223515,0.16039530007559005,0.0776,0.1571,0.0,9999,500,367,415.0,385.0,45,43,62.0,59.0,13.692415997322993,13.284024243178544,0.16224184367917777,0.16855870023478756,0.22139350966442706,0.23512093945352275,-0.037497742284439146,-0.04977510239832512,0.42892322990244725,80,ok,0.24429599999999996,0.48054117647058825,1.0,156
discovery,absz_attack_direction__log_kernel_h0.5_m5,log_kernel_h0.5_m5,absz_attack_direction,all,False,False,pooled,spearman,0.0412758957547179,-0.04255825053984217,0.12905041647131207,0.217,0.4298,0.0,9999,500,367,415.0,385.0,45,43,62.0,59.0,13.692415997322993,13.284024243178544,0.16224184367917777,0.16855870023478756,0.22139350966442706,0.23512093945352275,-0.01893082359521539,-0.0163434330094523,0.42892322990244725,91,ok,0.39834418604651156,0.7132851063829787,1.0,156
discovery,absz_attack_direction__log_kernel_h0.5_m20,log_kernel_h0.5_m20,absz_attack_direction,all,False,False,unpooled,spearman,0.06319108079447422,-0.023307594271284402,0.14587882410252456,0.1122,0.2269,0.0,9999,500,369,415.0,384.0,45,40,61.0,58.0,23.826901350719588,23.526818732466708,0.12029140641289206,0.1264007067711813,0.2238721471989046,0.2721682896532839,-0.02596944770857814,-0.01772329062891099,0.437166938943185,80,ok,0.3027934426229508,0.57072,1.0,156
discovery,absz_attack_direction__log_kernel_h0.5_m20,log_kernel_h0.5_m20,absz_attack_direction,all,False,False,pooled,spearman,0.028990284027399615,-0.06216415444700208,0.11281240147627732,0.2938,0.5779,0.0,9999,500,369,415.0,384.0,45,40,61.0,58.0,23.826901350719588,23.526818732466708,0.12029140641289206,0.1264007067711813,0.2238721471989046,0.2721682896532839,-0.0063058286282040256,-0.011313328174409828,0.437166938943185,90,ok,0.43238490566037735,0.7423103999999999,1.0,156
discovery,absz_attack_direction__log_kernel_h1_m5,log_kernel_h1_m5,absz_attack_direction,all,False,False,unpooled,spearman,0.06121616037863968,-0.01780182359775864,0.15083035106479578,0.1159,0.2355,0.0,9999,500,368,415.0,384.5,45,40,61.5,58.5,17.397156121097638,16.921846256584256,0.14430256205194897,0.14952853160238572,0.23405148940832682,0.2960464616516188,0.014601591342296555,-0.007194847449007602,0.4472112983184091,85,ok,0.3027934426229508,0.57072,1.0,156
discovery,absz_attack_direction__log_kernel_h1_m5,log_kernel_h1_m5,absz_attack_direction,all,False,False,pooled,spearman,0.03193785077289228,-0.06555189963721493,0.11530314182642548,0.2707,0.5418,0.0,9999,500,368,415.0,384.5,45,40,61.5,58.5,17.397156121097638,16.921846256584256,0.14430256205194897,0.14952853160238572,0.23405148940832682,0.2960464616516188,0.025203396507368702,-0.013493950838098595,0.4472112983184091,92,ok,0.4305,0.7423103999999999,1.0,156
discovery,absz_attack_direction__log_kernel_h2_m5,log_kernel_h2_m5,absz_attack_direction,all,False,False,unpooled,spearman,0.0548720778042093,-0.031979377567161744,0.14179194913291593,0.146,0.2901,0.0,9999,500,369,415.0,384.0,45,40,61.0,58.0,21.59658163134231,20.844891007630643,0.1325999249173079,0.13217540288807042,0.2415056621497412,0.3257101515223817,0.04228884239488693,0.0320046716918403,0.44040129737372574,78,ok,0.34366567164179107,0.62855,1.0,156
discovery,absz_attack_direction__log_kernel_h2_m5,log_kernel_h2_m5,absz_attack_direction,all,False,False,pooled,spearman,0.04605222932370334,-0.04103731351013923,0.12291548019943356,0.187,0.3721,0.0,9999,500,369,415.0,384.0,45,40,61.0,58.0,21.59658163134231,20.844891007630643,0.1325999249173079,0.13217540288807042,0.2415056621497412,0.3257101515223817,0.05107716412064238,0.011832564271588662,0.44040129737372574,93,ok,0.37557,0.67496,1.0,156
discovery,absz_attack_direction__log_kernel_h2_m20,log_kernel_h2_m20,absz_attack_direction,all,False,False,unpooled,spearman,0.05952633439377872,-0.025102594804194477,0.14675047927130486,0.1246,0.256,0.0,9999,500,369,415.0,384.0,45,40,61.0,58.0,38.446198621720285,38.241086936091804,0.09909702981051953,0.09963568154668653,0.21867195929203023,0.34461602835706234,0.05003391514526191,0.043972418866374326,0.4305565905247772,81,ok,0.3135096774193548,0.6050909090909091,1.0,156
discovery,absz_attack_direction__log_kernel_h2_m20,log_kernel_h2_m20,absz_attack_direction,all,False,False,pooled,spearman,0.044971960295396136,-0.04382508844244112,0.13229316292442794,0.1989,0.3872,0.0,9999,500,369,415.0,384.0,45,40,61.0,58.0,38.446198621720285,38.241086936091804,0.09909702981051953,0.09963568154668653,0.21867195929203023,0.34461602835706234,0.06273346517248955,0.020169480190689097,0.4305565905247772,94,ok,0.3799170731707317,0.67496,1.0,156
discovery,absz_attack_direction__linear_exposure_pitcher,linear_exposure_pitcher,absz_attack_direction,all,False,False,unpooled,spearman,0.11103723023129174,0.017997439027545786,0.1966073974893724,0.0159,0.0323,0.0,9999,500,369,415.0,384.0,45,40,61.0,58.0,439.5401023381992,420.80534973471816,0.027895946344634198,0.027779225672410545,0.23588728310816334,0.2703894103550766,-0.018038080498313798,-0.035837799623589656,0.3938369971243778,81,ok,0.08858571428571428,0.17995714285714287,0.49876178864459536,156
discovery,absz_attack_direction__linear_exposure_pitcher,linear_exposure_pitcher,absz_attack_direction,all,False,False,pooled,spearman,0.07929552033475681,-0.01632686514182101,0.1594490413435188,0.0657,0.13,0.0,9999,500,369,415.0,384.0,45,40,61.0,58.0,439.5401023381992,420.80534973471816,0.027895946344634198,0.027779225672410545,0.23588728310816334,0.2703894103550766,-0.0013133759422200566,-0.0565200672570768,0.3938369971243778,92,ok,0.22382608695652176,0.44086956521739135,1.0,156
discovery,absz_attack_direction__saturating_exposure_pitcher,saturating_exposure_pitcher,absz_attack_direction,all,False,False,unpooled,spearman,0.05383640579078734,-0.04458968473550191,0.13557201074713165,0.1612,0.3118,0.0,9999,500,366,415.5,385.5,45,40,62.0,59.0,11.615229881968842,11.655559999271077,0.17963706384593242,0.17162858113756999,0.22465879789070495,0.31388718285073913,0.03940190337959102,0.029956108333420016,0.4440991010560801,84,ok,0.3644521739130435,0.649584,1.0,156
discovery,absz_attack_direction__saturating_exposure_pitcher,saturating_exposure_pitcher,absz_attack_direction,all,False,False,pooled,spearman,0.028947450544622583,-0.055675228789597055,0.1061137052233089,0.2932,0.5888,0.0,9999,500,366,415.5,385.5,45,40,62.0,59.0,11.615229881968842,11.655559999271077,0.17963706384593242,0.17162858113756999,0.22465879789070495,0.31388718285073913,0.052430991322630356,-0.01217573065581725,0.4440991010560801,93,ok,0.43238490566037735,0.7423103999999999,1.0,156
discovery,absz_swing_path_tilt__log_exposure_pitcher,log_exposure_pitcher,absz_swing_path_tilt,all,False,False,unpooled,spearman,0.14176912861960583,0.04895926542302729,0.22681099549180408,0.0033,0.0072,0.0,9999,500,369,415.0,384.0,45,40,61.0,58.0,53.493913453153894,54.48835489674421,0.08598842065393704,0.08509094643052391,0.19159394885126427,0.1312952752272736,0.060394992022775686,-0.11535352956349773,0.5647621640728745,85,ok,0.0396,0.0864,0.22295882569308473,156
discovery,absz_swing_path_tilt__log_exposure_pitcher,log_exposure_pitcher,absz_swing_path_tilt,all,False,False,pooled,spearman,0.05608466366684819,-0.037162978803215056,0.14124572659250395,0.1372,0.2786,0.0,9999,500,369,415.0,384.0,45,40,61.0,58.0,53.493913453153894,54.48835489674421,0.08598842065393704,0.08509094643052391,0.19159394885126427,0.1312952752272736,0.04554565169623494,-0.049323368968119764,0.5647621640728745,97,ok,0.33973333333333333,0.62855,1.0,156
discovery,absz_swing_path_tilt__log_exposure_pa,log_exposure_pa,absz_swing_path_tilt,all,False,False,unpooled,spearman,0.07928883284132489,-0.01223974808567899,0.16249496784925263,0.066,0.1332,0.0,9999,500,369,415.0,384.0,45,40,61.0,58.0,17.675372933583375,16.343598170829072,0.14647189446677059,0.15021529518793972,0.242963942782051,0.15510250151104799,-0.060614723949824686,0.013313605227709153,0.48280526019126235,83,ok,0.22382608695652176,0.4421106382978724,1.0,156
discovery,absz_swing_path_tilt__log_exposure_pa,log_exposure_pa,absz_swing_path_tilt,all,False,False,pooled,spearman,0.03429442167512157,-0.04788032639482357,0.12533851290381923,0.2568,0.5224,0.0,9999,500,369,415.0,384.0,45,40,61.0,58.0,17.675372933583375,16.343598170829072,0.14647189446677059,0.15021529518793972,0.242963942782051,0.15510250151104799,-0.05879739760969877,0.0005435976803951354,0.48280526019126235,96,ok,0.4305,0.7423103999999999,1.0,156
discovery,absz_swing_path_tilt__log_exposure_type,log_exposure_type,absz_swing_path_tilt,all,False,False,unpooled,spearman,0.10211205372923295,0.01151822019864111,0.18868287579538745,0.0255,0.0517,0.0,9999,500,369,415.0,384.0,45,40,61.0,58.0,94.32682094805693,88.60065730110864,0.06478955203493096,0.06938321791128495,0.21003118262036813,0.1594299615064553,0.010590362366608388,-0.005501657543014913,0.5326614790824759,79,ok,0.11883529411764705,0.23721176470588237,0.6690751926101749,156
discovery,absz_swing_path_tilt__log_exposure_type,log_exposure_type,absz_swing_path_tilt,all,False,False,pooled,spearman,0.06847969390387205,-0.01879976936886124,0.153284923188334,0.0922,0.183,0.0,9999,500,369,415.0,384.0,45,40,61.0,58.0,94.32682094805693,88.60065730110864,0.06478955203493096,0.06938321791128495,0.21003118262036813,0.1594299615064553,0.03575348943853716,-0.00979144574054436,0.5326614790824759,94,ok,0.2713811320754717,0.5286666666666666,1.0,156
discovery,absz_swing_path_tilt__log_kernel_exposure,log_kernel_exposure,absz_swing_path_tilt,all,False,False,unpooled,spearman,0.15371538027953724,0.07070375251971338,0.22604448208404454,0.0015,0.0032,0.0,9999,500,369,415.0,384.0,45,40,61.0,58.0,30.65579793140214,30.49812547284944,0.11233851303287848,0.11653833587996965,0.1889109521323226,0.12301263310874751,0.06709681579777019,-0.11770131743620608,0.5193679363350625,87,ok,0.039,0.06825,0.21958066166743193,156
discovery,absz_swing_path_tilt__log_kernel_exposure,log_kernel_exposure,absz_swing_path_tilt,all,False,False,pooled,spearman,0.10074876042532459,0.01944748756834206,0.17992467221380565,0.0259,0.0517,0.0,9999,500,369,415.0,384.0,45,40,61.0,58.0,30.65579793140214,30.49812547284944,0.11233851303287848,0.11653833587996965,0.1889109521323226,0.12301263310874751,0.044730971692795655,-0.05872025259618049,0.5193679363350625,101,ok,0.11883529411764705,0.23721176470588237,0.6690751926101749,156
discovery,absz_swing_path_tilt__log_exposure_sequence,log_exposure_sequence,absz_swing_path_tilt,all,False,False,unpooled,spearman,0.11727069062700028,0.030627300160986467,0.20786177500947903,0.0126,0.0236,0.0,9999,500,369,415.0,384.0,45,40,61.0,58.0,48.8276162748292,44.130475182916655,0.08930942208004164,0.09213015610259837,0.1678492577911464,0.18237755736581074,-0.012204197835162842,-0.045450354914829995,0.5236283473293017,81,ok,0.079248,0.1534,0.44618790450822166,156
discovery,absz_swing_path_tilt__log_exposure_sequence,log_exposure_sequence,absz_swing_path_tilt,all,False,False,pooled,spearman,0.09556786372799098,0.013178468920698962,0.1863507129269089,0.033,0.0705,0.0,9999,500,369,415.0,384.0,45,40,61.0,58.0,48.8276162748292,44.130475182916655,0.08930942208004164,0.09213015610259837,0.1678492577911464,0.18237755736581074,0.020453698661545956,0.015524777163165285,0.5236283473293017,91,ok,0.14300000000000002,0.3055,0.8051290927805838,156
discovery,absz_swing_path_tilt__log_kernel_h0.5_m5,log_kernel_h0.5_m5,absz_swing_path_tilt,all,False,False,unpooled,spearman,0.11576618612121553,0.029428163190898225,0.20667145247382895,0.0127,0.0249,0.0,9999,500,367,415.0,385.0,45,43,62.0,59.0,13.692415997322993,13.284024243178544,0.1658204030387413,0.17457174479146303,0.21591267647237428,0.1931435410681014,0.06013049110411516,-0.13197561278770095,0.4912281681332916,87,ok,0.079248,0.155376,0.44618790450822166,156
discovery,absz_swing_path_tilt__log_kernel_h0.5_m5,log_kernel_h0.5_m5,absz_swing_path_tilt,all,False,False,pooled,spearman,0.06293637029254168,-0.024699261633845167,0.16133433369897016,0.1144,0.2262,0.0,9999,500,367,415.0,385.0,45,43,62.0,59.0,13.692415997322993,13.284024243178544,0.1658204030387413,0.17457174479146303,0.21591267647237428,0.1931435410681014,0.0506056018535602,-0.0926607736244443,0.4912281681332916,97,ok,0.3027934426229508,0.57072,1.0,156
discovery,absz_swing_path_tilt__log_kernel_h0.5_m20,log_kernel_h0.5_m20,absz_swing_path_tilt,all,False,False,unpooled,spearman,0.136712189389814,0.0531803447710496,0.23438867557038834,0.0046,0.0084,0.0,9999,500,369,415.0,384.0,45,40,61.0,58.0,23.826901350719588,23.526818732466708,0.12396211180625712,0.1313956285843103,0.2204145567835859,0.16793449661299442,0.062348217783000384,-0.13532357914648477,0.5001144039054961,86,ok,0.051257142857142855,0.0936,0.2885917267629105,156
discovery,absz_swing_path_tilt__log_kernel_h0.5_m20,log_kernel_h0.5_m20,absz_swing_path_tilt,all,False,False,pooled,spearman,0.08467274273212767,-0.00932492397025232,0.17163977605816025,0.0527,0.1046,0.0,9999,500,369,415.0,384.0,45,40,61.0,58.0,23.826901350719588,23.526818732466708,0.12396211180625712,0.1313956285843103,0.2204145567835859,0.16793449661299442,0.04684493613443773,-0.07945076571799795,0.5001144039054961,99,ok,0.20553,0.397990243902439,1.0,156
discovery,absz_swing_path_tilt__log_kernel_h1_m5,log_kernel_h1_m5,absz_swing_path_tilt,all,False,False,unpooled,spearman,0.12461076067934,0.04033603734514668,0.21632693907650724,0.0079,0.0169,0.0,9999,500,368,415.0,384.5,45,40,61.5,58.5,17.397156121097638,16.921846256584256,0.14904664837881393,0.15455957880361343,0.1836713838112484,0.13806509236321768,0.07564582665137161,-0.11823243691505746,0.508426254739979,88,ok,0.05868571428571429,0.12125454545454546,0.33041661469956424,156
discovery,absz_swing_path_tilt__log_kernel_h1_m5,log_kernel_h1_m5,absz_swing_path_tilt,all,False,False,pooled,spearman,0.06190073036851681,-0.026174163392348515,0.15135220688343182,0.1176,0.2376,0.0,9999,500,368,415.0,384.5,45,40,61.5,58.5,17.397156121097638,16.921846256584256,0.14904664837881393,0.15455957880361343,0.1836713838112484,0.13806509236321768,0.05135406643724061,-0.06948517832530536,0.508426254739979,98,ok,0.3027934426229508,0.57072,1.0,156
discovery,absz_swing_path_tilt__log_kernel_h2_m5,log_kernel_h2_m5,absz_swing_path_tilt,all,False,False,unpooled,spearman,0.15357040497549512,0.05966566762206228,0.24425174852300446,0.0018,0.0035,0.0,9999,500,369,415.0,384.0,45,40,61.0,58.0,21.59658163134231,20.844891007630643,0.13645046889297419,0.14197724454184685,0.1655953076542864,0.11069263432084206,0.08363761428448596,-0.09679764600231196,0.5138813256522694,85,ok,0.039,0.06825,0.21958066166743193,156
discovery,absz_swing_path_tilt__log_kernel_h2_m5,log_kernel_h2_m5,absz_swing_path_tilt,all,False,False,pooled,spearman,0.08066454577589253,-0.0045191913880436585,0.1584155999220845,0.0585,0.1139,0.0,9999,500,369,415.0,384.0,45,40,61.0,58.0,21.59658163134231,20.844891007630643,0.13645046889297419,0.14197724454184685,0.1655953076542864,0.11069263432084206,0.030996054378875162,-0.05614508994678666,0.5138813256522694,102,ok,0.21368372093023255,0.4132186046511628,1.0,156
discovery,absz_swing_path_tilt__log_kernel_h2_m20,log_kernel_h2_m20,absz_swing_path_tilt,all,False,False,unpooled,spearman,0.1585595139147631,0.07262394553223471,0.23998870971475275,0.0009,0.0018,0.0,9999,500,369,415.0,384.0,45,40,61.0,58.0,38.446198621720285,38.241086936091804,0.10275033682920884,0.10527588331775599,0.18161564096276464,0.12496548472138955,0.09778954458169728,-0.10137905668128361,0.523162133501476,86,ok,0.0351,0.06825,0.19762259550068872,156
discovery,absz_swing_path_tilt__log_kernel_h2_m20,log_kernel_h2_m20,absz_swing_path_tilt,all,False,False,pooled,spearman,0.12311006658832746,0.041608685188088426,0.20773009663301661,0.0094,0.0194,0.0,9999,500,369,415.0,384.0,45,40,61.0,58.0,38.446198621720285,38.241086936091804,0.10275033682920884,0.10527588331775599,0.18161564096276464,0.12496548472138955,0.03431328996016164,-0.04252911448033399,0.523162133501476,101,ok,0.06375652173913045,0.1315826086956522,0.35896664689980184,156
discovery,absz_swing_path_tilt__linear_exposure_pitcher,linear_exposure_pitcher,absz_swing_path_tilt,all,False,False,unpooled,spearman,0.16447722908486428,0.07911025237243881,0.2580588118849294,0.0008,0.002,0.0,9999,500,369,415.0,384.0,45,40,61.0,58.0,439.5401023381992,420.80534973471816,0.02904769614946384,0.030046582680786346,0.21958624544760752,0.19711208973307467,0.08211143274769997,-0.1255517182081339,0.5094095420977711,87,ok,0.0351,0.06825,0.19762259550068872,156
discovery,absz_swing_path_tilt__linear_exposure_pitcher,linear_exposure_pitcher,absz_swing_path_tilt,all,False,False,pooled,spearman,0.09351695279584993,0.012306318525051863,0.19129485475101482,0.0366,0.0751,0.0,9999,500,369,415.0,384.0,45,40,61.0,58.0,439.5401023381992,420.80534973471816,0.02904769614946384,0.030046582680786346,0.21958624544760752,0.19711208973307467,0.06477649441594298,-0.033038128266124026,0.5094095420977711,93,ok,0.15431351351351352,0.30830526315789475,0.8688272667057306,156
discovery,absz_swing_path_tilt__saturating_exposure_pitcher,saturating_exposure_pitcher,absz_swing_path_tilt,all,False,False,unpooled,spearman,0.1308674126557059,0.028511132262224657,0.2232002275353108,0.0062,0.011,0.0,9999,500,366,415.5,385.5,45,40,62.0,59.0,11.615229881968842,11.655559999271077,0.18530917058886348,0.18444518797733034,0.17995743928850655,0.1192994353325833,0.05004947220469805,-0.10489612672716736,0.5566272255608227,83,ok,0.05633333333333333,0.10552941176470589,0.31717206685295724,156
discovery,absz_swing_path_tilt__saturating_exposure_pitcher,saturating_exposure_pitcher,absz_swing_path_tilt,all,False,False,pooled,spearman,0.04921997906074403,-0.04201232065519488,0.13796295875316156,0.1783,0.3473,0.0,9999,500,366,415.5,385.5,45,40,62.0,59.0,11.615229881968842,11.655559999271077,0.18530917058886348,0.18444518797733034,0.17995743928850655,0.1192994353325833,0.03137571890731595,-0.04639960446712286,0.5566272255608227,98,ok,0.37086399999999997,0.6679463414634147,1.0,156
discovery,absz_bat_speed__log_exposure_pitcher,log_exposure_pitcher,absz_bat_speed,all,False,False,unpooled,spearman,0.02975934577207112,-0.05115938506419063,0.11034306914660953,0.28,0.5714,0.0,9999,500,369,415.0,384.0,45,40,61.0,58.0,53.493913453153894,54.48835489674421,0.09423084443663174,0.08856616681300937,0.15450307802196092,0.15768743273742278,-0.013397437734659366,-0.03357408309688267,0.32784505077718223,81,ok,0.4305,0.7423103999999999,1.0,156
discovery,absz_bat_speed__log_exposure_pitcher,log_exposure_pitcher,absz_bat_speed,all,False,False,pooled,spearman,0.017717080813581344,-0.06684532407011512,0.10565702475357415,0.3712,0.7368,0.0,9999,500,369,415.0,384.0,45,40,61.0,58.0,53.493913453153894,54.48835489674421,0.09423084443663174,0.08856616681300937,0.15450307802196092,0.15768743273742278,0.037204197835162836,-0.01985516799938857,0.32784505077718223,92,ok,0.4949333333333333,0.8269122302158273,1.0,156
discovery,absz_bat_speed__log_exposure_pa,log_exposure_pa,absz_bat_speed,all,False,False,unpooled,spearman,0.026353978580913894,-0.08061561953889251,0.11598151339839587,0.3097,0.613,0.0,9999,500,369,415.0,384.0,45,40,61.0,58.0,17.675372933583375,16.343598170829072,0.15831127685249904,0.15021228912946302,0.11674907722241351,0.19255669249961088,-0.01761294698728421,0.05729772720758934,0.34776327228607185,77,ok,0.44381284403669724,0.7525818181818182,1.0,156
discovery,absz_bat_speed__log_exposure_pa,log_exposure_pa,absz_bat_speed,all,False,False,pooled,spearman,-0.09320765622462335,-0.1861173867021254,-0.0021631134696117934,0.9646,0.0735,0.0,9999,500,369,415.0,384.0,45,40,61.0,58.0,17.675372933583375,16.343598170829072,0.15831127685249904,0.15021228912946302,0.11674907722241351,0.19255669249961088,0.0035792420203873015,0.09601664230508346,0.34776327228607185,97,ok,0.9646,0.30830526315789475,1.0,156
discovery,absz_bat_speed__log_exposure_type,log_exposure_type,absz_bat_speed,all,False,False,unpooled,spearman,0.07312582996570272,-0.025240446243508748,0.16098297780583168,0.0806,0.1616,0.0,9999,500,369,415.0,384.0,45,40,61.0,58.0,94.32682094805693,88.60065730110864,0.07349021226031706,0.07586255599612225,0.18823386177108958,0.1980437158936916,0.03805470369627315,-0.04622586531388228,0.39509878383155156,82,ok,0.24654117647058826,0.48479999999999995,1.0,156
discovery,absz_bat_speed__log_exposure_type,log_exposure_type,absz_bat_speed,all,False,False,pooled,spearman,0.012260086173129651,-0.07545386416361435,0.1041395188533157,0.4018,0.8052,0.0,9999,500,369,415.0,384.0,45,40,61.0,58.0,94.32682094805693,88.60065730110864,0.07349021226031706,0.07586255599612225,0.18823386177108958,0.1980437158936916,0.026917399902553665,-0.001076447603488961,0.39509878383155156,91,ok,0.52234,0.8662841379310345,1.0,156
discovery,absz_bat_speed__log_kernel_exposure,log_kernel_exposure,absz_bat_speed,all,False,False,unpooled,spearman,0.024411739417041643,-0.0684082681136549,0.10319455617034878,0.3132,0.6342,0.0,9999,500,369,415.0,384.0,45,40,61.0,58.0,30.65579793140214,30.49812547284944,0.12426953040235361,0.12037231073126785,0.19942907767684942,0.1747793882926418,-0.03345752963992625,-0.10376314808976525,0.3164280664545776,83,ok,0.4441745454545454,0.7525818181818182,1.0,156
discovery,absz_bat_speed__log_kernel_exposure,log_kernel_exposure,absz_bat_speed,all,False,False,pooled,spearman,0.03233904636343661,-0.05579288952221721,0.11415447373809223,0.2666,0.5351,0.0,9999,500,369,415.0,384.0,45,40,61.0,58.0,30.65579793140214,30.49812547284944,0.12426953040235361,0.12037231073126785,0.19942907767684942,0.1747793882926418,0.036805336619758676,-0.04192270212948898,0.3164280664545776,99,ok,0.4305,0.7423103999999999,1.0,156
discovery,absz_bat_speed__log_exposure_sequence,log_exposure_sequence,absz_bat_speed,all,False,False,unpooled,spearman,-0.039359242593601025,-0.1329449449036329,0.05565738411127375,0.7737,0.4556,0.0,9999,500,369,415.0,384.0,45,40,61.0,58.0,48.8276162748292,44.130475182916655,0.09693652291725513,0.10288198703724803,0.08772776914285228,0.14234915622789504,-0.19045623035548803,-0.14686284906327324,0.3572659616137877,86,ok,0.8266931506849315,0.723684,1.0,156
discovery,absz_bat_speed__log_exposure_sequence,log_exposure_sequence,absz_bat_speed,all,False,False,pooled,spearman,0.022884124845948813,-0.0617821684788047,0.11209814962260586,0.3298,0.6638,0.0,9999,500,369,415.0,384.0,45,40,61.0,58.0,48.8276162748292,44.130475182916655,0.09693652291725513,0.10288198703724803,0.08772776914285228,0.14234915622789504,-0.10928510695212709,-0.02957376782933517,0.3572659616137877,93,ok,0.45529911504424775,0.7670577777777777,1.0,156
discovery,absz_bat_speed__log_kernel_h0.5_m5,log_kernel_h0.5_m5,absz_bat_speed,all,False,False,unpooled,spearman,0.04551748782775718,-0.03833691645404159,0.13241412094509658,0.1911,0.3822,0.0,9999,500,367,415.0,385.0,45,43,62.0,59.0,13.692415997322993,13.284024243178544,0.18139728074058606,0.18224879878316508,0.1880590464210872,0.16452975042525875,-0.063505897250151,-0.1259659623888864,0.3004779074035591,85,ok,0.37557,0.67496,1.0,156
discovery,absz_bat_speed__log_kernel_h0.5_m5,log_kernel_h0.5_m5,absz_bat_speed,all,False,False,pooled,spearman,0.04306871612212833,-0.04469563983541187,0.12261388013680598,0.2091,0.4124,0.0,9999,500,367,415.0,385.0,45,43,62.0,59.0,13.692415997322993,13.284024243178544,0.18139728074058606,0.18224879878316508,0.1880590464210872,0.16452975042525875,-0.0007773338952536507,-0.07867847411444141,0.3004779074035591,98,ok,0.39300722891566264,0.6992869565217391,1.0,156
discovery,absz_bat_speed__log_kernel_h0.5_m20,log_kernel_h0.5_m20,absz_bat_speed,all,False,False,unpooled,spearman,0.02166461265082686,-0.07540978149531358,0.10551313226293889,0.337,0.6772,0.0,9999,500,369,415.0,384.0,45,40,61.0,58.0,23.826901350719588,23.526818732466708,0.13583051741825777,0.13561004282779923,0.20205469562125347,0.15799517264135834,-0.0591093214104879,-0.12464412981380107,0.2987102691238428,83,ok,0.45714782608695653,0.7711182481751825,1.0,156
discovery,absz_bat_speed__log_kernel_h0.5_m20,log_kernel_h0.5_m20,absz_bat_speed,all,False,False,pooled,spearman,0.029497339332970298,-0.062181471905567186,0.110946868848132,0.2809,0.5642,0.0,9999,500,369,415.0,384.0,45,40,61.0,58.0,23.826901350719588,23.526818732466708,0.13583051741825777,0.13561004282779923,0.20205469562125347,0.15799517264135834,0.013184393301042293,-0.06958695174495812,0.2987102691238428,96,ok,0.4305,0.7423103999999999,1.0,156
discovery,absz_bat_speed__log_kernel_h1_m5,log_kernel_h1_m5,absz_bat_speed,all,False,False,unpooled,spearman,0.04035591860479676,-0.051604556086862506,0.12384523423775304,0.2196,0.4348,0.0,9999,500,368,415.0,384.5,45,40,61.5,58.5,17.397156121097638,16.921846256584256,0.16233312644786058,0.16227200068101982,0.19960645156742896,0.1699580775836782,-0.031248464954736033,-0.10933110071534315,0.31472256494866807,87,ok,0.39834418604651156,0.7139873684210526,1.0,156
discovery,absz_bat_speed__log_kernel_h1_m5,log_kernel_h1_m5,absz_bat_speed,all,False,False,pooled,spearman,0.0413518318929191,-0.04553925730848764,0.12633883836729642,0.2183,0.4261,0.0,9999,500,368,415.0,384.5,45,40,61.5,58.5,17.397156121097638,16.921846256584256,0.16233312644786058,0.16227200068101982,0.19960645156742896,0.1699580775836782,0.031426891392477486,-0.06443698633171618,0.31472256494866807,97,ok,0.39834418604651156,0.7132851063829787,1.0,156
discovery,absz_bat_speed__log_kernel_h2_m5,log_kernel_h2_m5,absz_bat_speed,all,False,False,unpooled,spearman,0.05243926322929504,-0.024863053273339934,0.13429731093552597,0.1522,0.3123,0.0,9999,500,369,415.0,384.0,45,40,61.0,58.0,21.59658163134231,20.844891007630643,0.15196577174646825,0.14917625565267711,0.22151624156064273,0.20540526667744743,0.0051665663542651875,-0.07149360389021046,0.32483424569850866,83,ok,0.349164705882353,0.649584,1.0,156
discovery,absz_bat_speed__log_kernel_h2_m5,log_kernel_h2_m5,absz_bat_speed,all,False,False,pooled,spearman,0.048723405271655536,-0.03217092602327106,0.12597518064738228,0.1778,0.3511,0.0,9999,500,369,415.0,384.0,45,40,61.0,58.0,21.59658163134231,20.844891007630643,0.15196577174646825,0.14917625565267711,0.22151624156064273,0.20540526667744743,0.04395784968425477,-0.015147650301414883,0.32483424569850866,97,ok,0.37086399999999997,0.6679463414634147,1.0,156
discovery,absz_bat_speed__log_kernel_h2_m20,log_kernel_h2_m20,absz_bat_speed,all,False,False,unpooled,spearman,0.04555233918966687,-0.03674860196520273,0.13371664829080307,0.1926,0.3894,0.0,9999,500,369,415.0,384.0,45,40,61.0,58.0,38.446198621720285,38.241086936091804,0.11387844355081868,0.10970601941670924,0.2125607017440915,0.22670245695051217,0.0074276556514096285,-0.06337283731239192,0.33533934252386005,84,ok,0.37557,0.67496,1.0,156
discovery,absz_bat_speed__log_kernel_h2_m20,log_kernel_h2_m20,absz_bat_speed,all,False,False,pooled,spearman,0.04327047089507323,-0.041005619430296694,0.11973599071974565,0.1997,0.4105,0.0,9999,500,369,415.0,384.0,45,40,61.0,58.0,38.446198621720285,38.241086936091804,0.11387844355081868,0.10970601941670924,0.2125607017440915,0.22670245695051217,0.04743725698126546,-0.004037335320474239,0.33533934252386005,97,ok,0.3799170731707317,0.6992869565217391,1.0,156
discovery,absz_bat_speed__linear_exposure_pitcher,linear_exposure_pitcher,absz_bat_speed,all,False,False,unpooled,spearman,0.023185300889436627,-0.06548440172066247,0.1129968787381195,0.3229,0.6474,0.0,9999,500,369,415.0,384.0,45,40,61.0,58.0,439.5401023381992,420.80534973471816,0.02990496632236939,0.030888601839954007,0.25027264051249015,0.14539487860199288,-0.11083947149694764,-0.0965989319117633,0.2781213875593515,82,ok,0.4497535714285715,0.753689552238806,1.0,156
discovery,absz_bat_speed__linear_exposure_pitcher,linear_exposure_pitcher,absz_bat_speed,all,False,False,pooled,spearman,0.01062284447756346,-0.07281425823604512,0.09753526742860745,0.4218,0.8428,0.0,9999,500,369,415.0,384.0,45,40,61.0,58.0,439.5401023381992,420.80534973471816,0.02990496632236939,0.030888601839954007,0.25027264051249015,0.14539487860199288,-0.053919826507313244,-0.04324921421952175,0.2781213875593515,94,ok,0.5438082644628098,0.8823946308724832,1.0,156
discovery,absz_bat_speed__saturating_exposure_pitcher,saturating_exposure_pitcher,absz_bat_speed,all,False,False,unpooled,spearman,0.03359373804880646,-0.050725226962326474,0.11902347774848296,0.2568,0.5239,0.0,9999,500,366,415.5,385.5,45,40,62.0,59.0,11.615229881968842,11.655559999271077,0.20455878197005667,0.1924695191962854,0.1520224089346807,0.15708732234461703,-0.02931189884540379,-0.036081727959780964,0.3302943060766063,84,ok,0.4305,0.7423103999999999,1.0,156
discovery,absz_bat_speed__saturating_exposure_pitcher,saturating_exposure_pitcher,absz_bat_speed,all,False,False,pooled,spearman,0.02961221990991592,-0.05571521108423383,0.11691186637914135,0.2856,0.5722,0.0,9999,500,366,415.5,385.5,45,40,62.0,59.0,11.615229881968842,11.655559999271077,0.20455878197005667,0.1924695191962854,0.1520224089346807,0.15708732234461703,0.02660264549325654,-0.02192135724561282,0.3302943060766063,91,ok,0.4305,0.7423103999999999,1.0,156
discovery,absz_swing_length__log_exposure_pitcher,log_exposure_pitcher,absz_swing_length,all,False,False,unpooled,spearman,0.1664970909403571,0.07708177323890443,0.2457452831137406,0.0009,0.0018,0.0,9999,500,369,415.0,384.0,45,40,61.0,58.0,53.493913453153894,54.48835489674421,0.08373207333671541,0.08585494155323578,0.2365519574737427,0.2341969058353072,0.02336204178728039,-0.02047901560096682,0.4060698556456775,81,ok,0.0351,0.06825,0.19762259550068872,156
discovery,absz_swing_length__log_exposure_pitcher,log_exposure_pitcher,absz_swing_length,all,False,False,pooled,spearman,0.14038242908868573,0.046136583245795254,0.21410781875241952,0.0024,0.0053,0.0,9999,500,369,415.0,384.0,45,40,61.0,58.0,53.493913453153894,54.48835489674421,0.08373207333671541,0.08585494155323578,0.2365519574737427,0.2341969058353072,0.046010193650702656,0.013256761533537779,0.4060698556456775,92,ok,0.0396,0.08268,0.22295882569308473,156
discovery,absz_swing_length__log_exposure_pa,log_exposure_pa,absz_swing_length,all,False,False,unpooled,spearman,0.038779819055534855,-0.051990258585574316,0.13292094562859427,0.2258,0.4639,0.0,9999,500,369,415.0,384.0,45,40,61.0,58.0,17.675372933583375,16.343598170829072,0.14492682550138855,0.15156492304270489,0.11827630126027709,0.21114756662320797,0.024888939841219797,0.1069862810849025,0.4059700209223009,83,ok,0.4002818181818182,0.723684,1.0,156
discovery,absz_swing_length__log_exposure_pa,log_exposure_pa,absz_swing_length,all,False,False,pooled,spearman,0.036783841105156055,-0.044237677965138875,0.12519217264889354,0.2322,0.4739,0.0,9999,500,369,415.0,384.0,45,40,61.0,58.0,17.675372933583375,16.343598170829072,0.14492682550138855,0.15156492304270489,0.11827630126027709,0.21114756662320797,0.030557068202879442,0.08162611179578307,0.4059700209223009,94,ok,0.40700224719101125,0.7319643564356435,1.0,156
discovery,absz_swing_length__log_exposure_type,log_exposure_type,absz_swing_length,all,False,False,unpooled,spearman,0.030908400447106705,-0.05467060752636563,0.12297654716013724,0.287,0.5574,0.0,9999,500,369,415.0,384.0,45,40,61.0,58.0,94.32682094805693,88.60065730110864,0.06709306312467614,0.06987841911604656,0.22986022985122245,0.17505895228682175,-0.0065296208191224095,-0.009639305264968043,0.39755858721924464,72,ok,0.4305,0.7423103999999999,1.0,156
discovery,absz_swing_length__log_exposure_type,log_exposure_type,absz_swing_length,all,False,False,pooled,spearman,0.016562532840369532,-0.0763305336582515,0.10725125103659806,0.3765,0.754,0.0,9999,500,369,415.0,384.0,45,40,61.0,58.0,94.32682094805693,88.60065730110864,0.06709306312467614,0.06987841911604656,0.22986022985122245,0.17505895228682175,0.020833691591910043,0.01435351045637366,0.39755858721924464,87,ok,0.49774576271186444,0.8401714285714286,1.0,156
discovery,absz_swing_length__log_kernel_exposure,log_kernel_exposure,absz_swing_length,all,False,False,unpooled,spearman,0.14469992261614742,0.059275222500094184,0.23867531779219484,0.0032,0.0059,0.0,9999,500,369,415.0,384.0,45,40,61.0,58.0,30.65579793140214,30.49812547284944,0.1122223202516597,0.11568637130272381,0.2449435149275161,0.20435096888098925,-0.050462870081109744,-0.010487900413669236,0.4102650635789554,81,ok,0.0396,0.08320000000000001,0.22295882569308473,156
discovery,absz_swing_length__log_kernel_exposure,log_kernel_exposure,absz_swing_length,all,False,False,pooled,spearman,0.11154428553686242,0.02638751483316494,0.19011526781447638,0.0154,0.0304,0.0,9999,500,369,415.0,384.0,45,40,61.0,58.0,30.65579793140214,30.49812547284944,0.1122223202516597,0.11568637130272381,0.2449435149275161,0.20435096888098925,0.002301214257735997,0.011361334823689012,0.4102650635789554,89,ok,0.08858571428571428,0.17564444444444444,0.49876178864459536,156
discovery,absz_swing_length__log_exposure_sequence,log_exposure_sequence,absz_swing_length,all,False,False,unpooled,spearman,0.06358134380403734,-0.026432825418283665,0.1527651743880968,0.1127,0.2276,0.0,9999,500,369,415.0,384.0,45,40,61.0,58.0,48.8276162748292,44.130475182916655,0.0894329930629771,0.09568178251903614,0.12527286917925123,0.2471030361738719,-0.04641645887669217,0.027203767924870784,0.4588272524910913,73,ok,0.3027934426229508,0.57072,1.0,156
discovery,absz_swing_length__log_exposure_sequence,log_exposure_sequence,absz_swing_length,all,False,False,pooled,spearman,0.049135641473923554,-0.03611009709094185,0.14150950112188904,0.1764,0.3424,0.0,9999,500,369,415.0,384.0,45,40,61.0,58.0,48.8276162748292,44.130475182916655,0.0894329930629771,0.09568178251903614,0.12527286917925123,0.2471030361738719,-0.012458561424627172,0.032646432222254065,0.4588272524910913,92,ok,0.37086399999999997,0.6679463414634147,1.0,156
discovery,absz_swing_length__log_kernel_h0.5_m5,log_kernel_h0.5_m5,absz_swing_length,all,False,False,unpooled,spearman,0.14602127399247622,0.07168333658611095,0.22738668209717441,0.0028,0.005,0.0,9999,500,367,415.0,385.0,45,43,62.0,59.0,13.692415997322993,13.284024243178544,0.16471996469697556,0.17040507734330776,0.2116962971441394,0.1569647219536936,-0.07253336078197556,-0.04217971027440227,0.3884392339498273,77,ok,0.0396,0.08268,0.22295882569308473,156
discovery,absz_swing_length__log_kernel_h0.5_m5,log_kernel_h0.5_m5,absz_swing_length,all,False,False,pooled,spearman,0.13159884133066357,0.039736604463538015,0.22399121720756604,0.0062,0.0115,0.0,9999,500,367,415.0,385.0,45,43,62.0,59.0,13.692415997322993,13.284024243178544,0.16471996469697556,0.17040507734330776,0.2116962971441394,0.1569647219536936,0.018910916855861614,-0.01833774842154123,0.3884392339498273,85,ok,0.05633333333333333,0.10552941176470589,0.31717206685295724,156
discovery,absz_swing_length__log_kernel_h0.5_m20,log_kernel_h0.5_m20,absz_swing_length,all,False,False,unpooled,spearman,0.12787562217572823,0.04426069388463307,0.21585892155677036,0.0065,0.0143,0.0,9999,500,369,415.0,384.0,45,40,61.0,58.0,23.826901350719588,23.526818732466708,0.1235948738136252,0.13014610484508815,0.2376717938885074,0.1701754944091044,-0.07868528655909354,-0.020881459402138088,0.38720849693808335,79,ok,0.05633333333333333,0.11154,0.31717206685295724,156
discovery,absz_swing_length__log_kernel_h0.5_m20,log_kernel_h0.5_m20,absz_swing_length,all,False,False,pooled,spearman,0.11365562274894195,0.026603176327594614,0.19784188228706623,0.0153,0.0296,0.0,9999,500,369,415.0,384.0,45,40,61.0,58.0,23.826901350719588,23.526818732466708,0.1235948738136252,0.13014610484508815,0.2376717938885074,0.1701754944091044,0.025572019527480824,0.0063528799212786485,0.38720849693808335,88,ok,0.08858571428571428,0.17564444444444444,0.49876178864459536,156
discovery,absz_swing_length__log_kernel_h1_m5,log_kernel_h1_m5,absz_swing_length,all,False,False,unpooled,spearman,0.18059548679836993,0.09358986676562657,0.26214861678097306,0.0006,0.0009,0.0,9999,500,368,415.0,384.5,45,40,61.5,58.5,17.397156121097638,16.921846256584256,0.14821242726792128,0.15432339568831271,0.2409314511059244,0.19959458808576572,-0.04906269534203457,-0.01741909167699662,0.40516959902450583,81,ok,0.0351,0.06825,0.19762259550068872,156
discovery,absz_swing_length__log_kernel_h1_m5,log_kernel_h1_m5,absz_swing_length,all,False,False,pooled,spearman,0.13381742039195063,0.06086225991126283,0.21234909059219895,0.0055,0.0108,0.0,9999,500,368,415.0,384.5,45,40,61.5,58.5,17.397156121097638,16.921846256584256,0.14821242726792128,0.15432339568831271,0.2409314511059244,0.19959458808576572,0.01061745660697929,0.004158949301849375,0.40516959902450583,89,ok,0.05633333333333333,0.10552941176470589,0.31717206685295724,156
discovery,absz_swing_length__log_kernel_h2_m5,log_kernel_h2_m5,absz_swing_length,all,False,False,unpooled,spearman,0.12980950197281058,0.052312919656707625,0.21455698842652413,0.0079,0.0142,0.0,9999,500,369,415.0,384.0,45,40,61.0,58.0,21.59658163134231,20.844891007630643,0.13533282893900386,0.14097415021778187,0.25450043961202024,0.2136323687672369,-0.03605800922874094,-0.016180868036647464,0.42658827969008245,81,ok,0.05868571428571429,0.11154,0.33041661469956424,156
discovery,absz_swing_length__log_kernel_h2_m5,log_kernel_h2_m5,absz_swing_length,all,False,False,pooled,spearman,0.11228420891729482,0.029642702141838395,0.19535579935932976,0.0171,0.0343,0.0,9999,500,369,415.0,384.0,45,40,61.0,58.0,21.59658163134231,20.844891007630643,0.13533282893900386,0.14097415021778187,0.25450043961202024,0.2136323687672369,6.568073906355984e-05,0.028110878641101338,0.42658827969008245,92,ok,0.09198620689655174,0.1845103448275862,0.5179074916569775,156
discovery,absz_swing_length__log_kernel_h2_m20,log_kernel_h2_m20,absz_swing_length,all,False,False,unpooled,spearman,0.10623107200519714,0.01659894402629453,0.19144912710453263,0.0221,0.0421,0.0,9999,500,369,415.0,384.0,45,40,61.0,58.0,38.446198621720285,38.241086936091804,0.10119024491804399,0.10625420273745233,0.24632004343918332,0.21886823652705562,-0.04231583120766578,-0.005242756011578916,0.4326390282116687,80,ok,0.110175,0.21303750000000002,0.6203153692104951,156
discovery,absz_swing_length__log_kernel_h2_m20,log_kernel_h2_m20,absz_swing_length,all,False,False,pooled,spearman,0.0878352106082753,0.006227801971206168,0.1753191546226235,0.0452,0.0893,0.0,9999,500,369,415.0,384.0,45,40,61.0,58.0,38.446198621720285,38.241086936091804,0.10119024491804399,0.10625420273745233,0.24632004343918332,0.21886823652705562,-0.010899658937834972,0.03783712132068441,0.4326390282116687,93,ok,0.1808,0.34827,1.0,156
discovery,absz_swing_length__linear_exposure_pitcher,linear_exposure_pitcher,absz_swing_length,all,False,False,unpooled,spearman,0.1526398880322528,0.06714844596444185,0.23408831373064298,0.002,0.0034,0.0,9999,500,369,415.0,384.0,45,40,61.0,58.0,439.5401023381992,420.80534973471816,0.028015924867592027,0.02987866863648193,0.27296644642501244,0.26933567325743357,-0.03976694085389738,-0.04874657265961614,0.39750126584697104,79,ok,0.039,0.06825,0.21958066166743193,156
discovery,absz_swing_length__linear_exposure_pitcher,linear_exposure_pitcher,absz_swing_length,all,False,False,pooled,spearman,0.12718967642085352,0.041183610111007504,0.21242239806315696,0.0072,0.0141,0.0,9999,500,369,415.0,384.0,45,40,61.0,58.0,439.5401023381992,420.80534973471816,0.028015924867592027,0.02987866863648193,0.27296644642501244,0.26933567325743357,-0.017063378330610567,-0.012503224327190393,0.39750126584697104,90,ok,0.05868571428571429,0.11154,0.33041661469956424,156
discovery,absz_swing_length__saturating_exposure_pitcher,saturating_exposure_pitcher,absz_swing_length,all,False,False,unpooled,spearman,0.15484585905102705,0.06985221771986046,0.24488799682030282,0.0015,0.003,0.0,9999,500,366,415.5,385.5,45,40,62.0,59.0,11.615229881968842,11.655559999271077,0.1804570799381516,0.18701829209183107,0.20983529066567563,0.23802641836268856,0.008245856970563271,-0.01711866781785662,0.3925087394775955,81,ok,0.039,0.06825,0.21958066166743193,156
discovery,absz_swing_length__saturating_exposure_pitcher,saturating_exposure_pitcher,absz_swing_length,all,False,False,pooled,spearman,0.14445847057765301,0.059923396658669865,0.23012446099955772,0.0032,0.0064,0.0,9999,500,366,415.5,385.5,45,40,62.0,59.0,11.615229881968842,11.655559999271077,0.1804570799381516,0.18701829209183107,0.20983529066567563,0.23802641836268856,0.03145967173953083,0.011856318276690665,0.3925087394775955,90,ok,0.0396,0.08320000000000001,0.22295882569308473,156
discovery,distortion__log_exposure_pitcher__speed50,log_exposure_pitcher,distortion,speed50,False,False,unpooled,spearman,0.05064999234283304,-0.034048199944479246,0.14059423944989452,0.1732,0.3456,0.0,9999,500,368,402.5,373.5,44,41,61.0,58.0,52.301999166406375,53.13267145732004,0.10200120602548346,0.10377341384728579,0.16839073808577137,0.19537444216474492,0.07550785317117477,-0.12414290296202336,0.42821646762848387,89,ok,0.37086399999999997,0.6679463414634147,1.0,156
discovery,distortion__log_exposure_pitcher__speed50,log_exposure_pitcher,distortion,speed50,False,False,pooled,spearman,0.008634780104464947,-0.08429154337726856,0.09626825814864517,0.4292,0.865,0.0,9999,500,368,402.5,373.5,44,41,61.0,58.0,52.301999166406375,53.13267145732004,0.10200120602548346,0.10377341384728579,0.16839073808577137,0.19537444216474492,0.02270181450777901,-0.045470087445809895,0.42821646762848387,96,ok,0.5488131147540984,0.8877631578947368,1.0,156
discovery,distortion__log_exposure_pitcher__innings6,log_exposure_pitcher,distortion,innings6,False,False,unpooled,spearman,-0.03290312143003361,-0.1224896566247125,0.056120561274008135,0.7323,0.5433,0.0,9999,500,352,290.0,264.0,46,41,58.0,54.0,44.274769914178876,43.04363627613762,0.1321452215843294,0.13398266384584706,0.18640580947513263,0.18976437410747984,0.05486604990854282,-0.09495587824199721,0.3227566028557529,81,ok,0.8013818181818182,0.7423103999999999,1.0,156
discovery,distortion__log_exposure_pitcher__innings6,log_exposure_pitcher,distortion,innings6,False,False,pooled,spearman,-0.04995999436509352,-0.1347521207182007,0.0438426157748047,0.8276,0.3457,0.0,9999,500,352,290.0,264.0,46,41,58.0,54.0,44.274769914178876,43.04363627613762,0.1321452215843294,0.13398266384584706,0.18640580947513263,0.18976437410747984,0.048602444140687755,-0.031380486054707016,0.3227566028557529,91,ok,0.860704,0.6679463414634147,1.0,156
discovery,distortion__log_exposure_pitcher__innings3,log_exposure_pitcher,distortion,innings3,False,False,unpooled,spearman,-0.007612063817368307,-0.10288317615040973,0.09865017612666756,0.552,0.894,0.0,9999,500,292,158.0,148.0,41,40,61.0,56.5,15.26789327151938,15.014036970937834,0.19928750563942682,0.20288115420890693,0.15909085323408384,0.2755391225828261,-0.009234441250994707,0.010509304088767086,0.2988427908554981,68,ok,0.6780472440944882,0.9033909677419355,1.0,156
discovery,distortion__log_exposure_pitcher__innings3,log_exposure_pitcher,distortion,innings3,False,False,pooled,spearman,-0.05206549469257008,-0.15037352733643594,0.04030373891755514,0.8086,0.3782,0.0,9999,500,292,158.0,148.0,41,40,61.0,56.5,15.26789327151938,15.014036970937834,0.19928750563942682,0.20288115420890693,0.15909085323408384,0.2755391225828261,-0.06182434077059554,0.0018011956237260413,0.2988427908554981,74,ok,0.8465879194630872,0.67496,1.0,156
discovery,distortion__log_exposure_pitcher__recent_similar,log_exposure_pitcher,distortion,recent_similar,False,False,unpooled,spearman,0.01480198027359284,-0.08995089411267002,0.10203638224455792,0.3937,0.788,0.0,9999,500,340,225.0,198.0,40,41,60.0,57.5,26.58408190776715,26.36432717840468,0.1625627033730372,0.16361580033661938,0.148590473256288,0.16199884319701058,-0.050239596007089424,-0.034686845957857364,0.2546367437536352,76,ok,0.5161109243697479,0.8656901408450705,1.0,156
discovery,distortion__log_exposure_pitcher__recent_similar,log_exposure_pitcher,distortion,recent_similar,False,False,pooled,spearman,0.00699079933013872,-0.09016341148319337,0.09053393683613808,0.4496,0.8976,0.0,9999,500,340,225.0,198.0,40,41,60.0,57.5,26.58408190776715,26.36432717840468,0.1625627033730372,0.16361580033661938,0.148590473256288,0.16199884319701058,-0.08948998642874481,0.01108385325946744,0.2546367437536352,85,ok,0.5611008000000001,0.9033909677419355,1.0,156
discovery,distortion__log_future_exposure,log_future_exposure,distortion,all,False,True,unpooled,spearman,0.09707350510637891,0.018691338836222413,0.1789563355510308,0.0287,0.0594,0.0,9999,500,369,415.0,384.0,45,40,61.0,58.0,103.36351181168288,92.02744271361597,0.09174863598084819,0.09644368142178433,0.3180134457788219,0.24698071921180872,-0.04968353825723921,-0.06600364946070142,0.35778185396425055,86,ok,0.12792,0.2647542857142857,0.7202245702691767,156
discovery,distortion__log_future_exposure,log_future_exposure,distortion,all,False,True,pooled,spearman,0.10429026587563173,0.023465579264116816,0.17774778199841862,0.0226,0.0437,0.0,9999,500,369,415.0,384.0,45,40,61.0,58.0,103.36351181168288,92.02744271361597,0.09174863598084819,0.09644368142178433,0.3180134457788219,0.24698071921180872,-0.03330634452055449,-0.02115922921861416,0.35778185396425055,95,ok,0.110175,0.21303750000000002,0.6203153692104951,156
discovery,distortion__log_irrelevant_exposure,log_irrelevant_exposure,distortion,all,False,True,unpooled,spearman,0.006809540187058745,-0.08538253922786639,0.09456948875202453,0.4427,0.8912,0.0,9999,500,369,415.0,384.0,45,40,61.0,58.0,77.18210468238067,76.96764165764841,0.10771421948894946,0.10731011097607994,0.25060142199646274,0.23391291362219505,0.0697947417194501,0.07197295386584888,0.15747494578353538,85,ok,0.5569451612903226,0.9033909677419355,1.0,156
discovery,distortion__log_irrelevant_exposure,log_irrelevant_exposure,distortion,all,False,True,pooled,spearman,0.029690798964393875,-0.060471852839407016,0.11455206136777091,0.2828,0.5714,0.0,9999,500,369,415.0,384.0,45,40,61.0,58.0,77.18210468238067,76.96764165764841,0.10771421948894946,0.10731011097607994,0.25060142199646274,0.23391291362219505,0.10075783630926789,0.12242531502870846,0.15747494578353538,95,ok,0.4305,0.7423103999999999,1.0,156
