period,specification,x,y,restriction,high_information,negative_control,status,eligible_players,analytic_swings,players,mu_mean,tau_mean,median_shrinkage,quadrature_max_mean_difference,mu_prior_sd,tau_halfnormal_scale
2025_early,distortion__log_exposure_pitcher,log_exposure_pitcher,distortion,all,False,False,ok,497,170259,497,0.0442731678366235,0.047738762463243045,0.11529519094111793,1.2449583308704604e-09,0.2,0.15
2025_early,distortion__log_exposure_pa,log_exposure_pa,distortion,all,False,False,ok,497,170259,497,0.04665691727017304,0.10450405983938375,0.17135316240629095,2.7977953287461332e-11,0.2,0.15
2025_early,distortion__log_exposure_type,log_exposure_type,distortion,all,False,False,ok,497,170259,497,0.03112239690739105,0.03922074806644256,0.12985050965319375,9.908393827640083e-10,0.2,0.15
2025_early,distortion__log_kernel_exposure,log_kernel_exposure,distortion,all,False,False,ok,497,170259,497,0.07247769429693127,0.0792190502667505,0.17114958290750454,5.505634836922013e-11,0.2,0.15
2025_early,distortion__log_exposure_sequence,log_exposure_sequence,distortion,all,False,False,ok,497,170259,497,0.030324148198873295,0.06273584411122392,0.18052570511906074,7.567141357966989e-12,0.2,0.15
2025_early,distortion__log_kernel_h0.5_m5,log_kernel_h0.5_m5,distortion,all,False,False,ok,496,170259,496,0.10952089809525992,0.12044935873711624,0.17622292705743986,1.9983403820589274e-11,0.2,0.15
2025_early,distortion__log_kernel_h0.5_m20,log_kernel_h0.5_m20,distortion,all,False,False,ok,497,170259,497,0.08177371821801205,0.09047303269169836,0.17825366728763078,2.3368779134003148e-11,0.2,0.15
2025_early,distortion__log_kernel_h1_m5,log_kernel_h1_m5,distortion,all,False,False,ok,496,170259,496,0.10116144994071354,0.10718459864478114,0.17503640764623613,3.672012693911597e-11,0.2,0.15
2025_early,distortion__log_kernel_h2_m5,log_kernel_h2_m5,distortion,all,False,False,ok,497,170259,497,0.09483516850881789,0.09794952263934029,0.17208670107646204,2.8790247963428328e-11,0.2,0.15
2025_early,distortion__log_kernel_h2_m20,log_kernel_h2_m20,distortion,all,False,False,ok,497,170259,497,0.06649214191281465,0.0753309988116547,0.18056899056686687,1.220357148667972e-11,0.2,0.15
2025_early,distortion__linear_exposure_pitcher,linear_exposure_pitcher,distortion,all,False,False,ok,497,170259,497,0.01322260363598637,0.0207759832102343,0.1886065580058025,7.980005545249469e-13,0.2,0.15
2025_early,distortion__saturating_exposure_pitcher,saturating_exposure_pitcher,distortion,all,False,False,ok,493,170259,493,0.09787388053216192,0.09954479386184627,0.10932431801429933,2.2440032887427463e-09,0.2,0.15
2025_early,absz_attack_angle__log_exposure_pitcher,log_exposure_pitcher,absz_attack_angle,all,False,False,ok,497,170259,497,0.024682547110734532,0.031763704490888625,0.10658034110236701,2.1432638927509906e-09,0.2,0.15
2025_early,absz_attack_angle__log_exposure_pa,log_exposure_pa,absz_attack_angle,all,False,False,ok,497,170259,497,0.024238744619327575,0.06595653300987044,0.14318262859661127,4.537954040317871e-10,0.2,0.15
2025_early,absz_attack_angle__log_exposure_type,log_exposure_type,absz_attack_angle,all,False,False,ok,497,170259,497,0.013346369634989422,0.014391036115237815,0.0447381855052411,1.0453227571082316e-08,0.2,0.15
2025_early,absz_attack_angle__log_kernel_exposure,log_kernel_exposure,absz_attack_angle,all,False,False,ok,497,170259,497,0.04132427774442392,0.053341767474699917,0.16113728607066216,1.0176656739524503e-10,0.2,0.15
2025_early,absz_attack_angle__log_exposure_sequence,log_exposure_sequence,absz_attack_angle,all,False,False,ok,497,170259,497,0.0166247511393421,0.028413456069118243,0.08593117299677479,4.266426975596538e-09,0.2,0.15
2025_early,absz_attack_angle__log_kernel_h0.5_m5,log_kernel_h0.5_m5,absz_attack_angle,all,False,False,ok,496,170259,496,0.0605319786407712,0.08267183451165455,0.16855974279053626,1.9964016551021757e-11,0.2,0.15
2025_early,absz_attack_angle__log_kernel_h0.5_m20,log_kernel_h0.5_m20,absz_attack_angle,all,False,False,ok,497,170259,497,0.04587105686092725,0.06240028195791722,0.1717921805101355,2.7464808205479585e-11,0.2,0.15
2025_early,absz_attack_angle__log_kernel_h1_m5,log_kernel_h1_m5,absz_attack_angle,all,False,False,ok,496,170259,496,0.05702944020640269,0.07464039225293997,0.17244501141872712,2.7848411077169288e-11,0.2,0.15
2025_early,absz_attack_angle__log_kernel_h2_m5,log_kernel_h2_m5,absz_attack_angle,all,False,False,ok,497,170259,497,0.05385245620459926,0.06212386115000461,0.14804088998193385,2.8336744062329444e-10,0.2,0.15
2025_early,absz_attack_angle__log_kernel_h2_m20,log_kernel_h2_m20,absz_attack_angle,all,False,False,ok,497,170259,497,0.037174365572620965,0.042949050413034526,0.13468976702913,8.69938024394834e-10,0.2,0.15
2025_early,absz_attack_angle__linear_exposure_pitcher,linear_exposure_pitcher,absz_attack_angle,all,False,False,ok,497,170259,497,0.00885046315783286,0.014961651018328541,0.18471297067006032,7.822104075572156e-12,0.2,0.15
2025_early,absz_attack_angle__saturating_exposure_pitcher,saturating_exposure_pitcher,absz_attack_angle,all,False,False,ok,493,170259,493,0.05295493073217393,0.07402113386457532,0.12054100179553227,1.1708925773401546e-09,0.2,0.15
2025_early,absz_attack_direction__log_exposure_pitcher,log_exposure_pitcher,absz_attack_direction,all,False,False,ok,497,170259,497,0.02711536298908227,0.04512831492176318,0.19156389974797147,1.878318334203044e-11,0.2,0.15
2025_early,absz_attack_direction__log_exposure_pa,log_exposure_pa,absz_attack_direction,all,False,False,ok,497,170259,497,0.028638312802626527,0.07720885967656063,0.1877271211178601,1.1783740649917718e-11,0.2,0.15
2025_early,absz_attack_direction__log_exposure_type,log_exposure_type,absz_attack_direction,all,False,False,ok,497,170259,497,0.015483597643148769,0.03145920944055537,0.162298251186939,1.4506348205989283e-10,0.2,0.15
2025_early,absz_attack_direction__log_kernel_exposure,log_kernel_exposure,absz_attack_direction,all,False,False,ok,497,170259,497,0.05138080974241248,0.060082227475940796,0.1949663447027119,3.840441853419918e-12,0.2,0.15
2025_early,absz_attack_direction__log_exposure_sequence,log_exposure_sequence,absz_attack_direction,all,False,False,ok,497,170259,497,0.014650490620103963,0.044598621487543025,0.179111822160464,7.492842457601512e-11,0.2,0.15
2025_early,absz_attack_direction__log_kernel_h0.5_m5,log_kernel_h0.5_m5,absz_attack_direction,all,False,False,ok,496,170259,496,0.07452890771536996,0.0863694576950503,0.18907787902031703,9.677258994145177e-12,0.2,0.15
2025_early,absz_attack_direction__log_kernel_h0.5_m20,log_kernel_h0.5_m20,absz_attack_direction,all,False,False,ok,497,170259,497,0.05582805019358114,0.06449966793072877,0.1785810207612883,1.2334196164420774e-11,0.2,0.15
2025_early,absz_attack_direction__log_kernel_h1_m5,log_kernel_h1_m5,absz_attack_direction,all,False,False,ok,496,170259,496,0.07041356886579475,0.07969168911683032,0.19482414444116694,4.130473740815432e-12,0.2,0.15
2025_early,absz_attack_direction__log_kernel_h2_m5,log_kernel_h2_m5,absz_attack_direction,all,False,False,ok,497,170259,497,0.06550605238284435,0.07477901221222623,0.20562823342073186,1.8421583702910027e-12,0.2,0.15
2025_early,absz_attack_direction__log_kernel_h2_m20,log_kernel_h2_m20,absz_attack_direction,all,False,False,ok,497,170259,497,0.04717499029442259,0.05231708962533381,0.18305188940648384,2.2561341683768887e-11,0.2,0.15
2025_early,absz_attack_direction__linear_exposure_pitcher,linear_exposure_pitcher,absz_attack_direction,all,False,False,ok,497,170259,497,0.007828932593165028,0.015486014338282079,0.2034865006928045,2.0614690510178946e-12,0.2,0.15
2025_early,absz_attack_direction__saturating_exposure_pitcher,saturating_exposure_pitcher,absz_attack_direction,all,False,False,ok,493,170259,493,0.05950773988622568,0.09652235033903399,0.18984945207747095,2.6445734491176154e-11,0.2,0.15
2025_early,absz_swing_path_tilt__log_exposure_pitcher,log_exposure_pitcher,absz_swing_path_tilt,all,False,False,ok,497,170259,497,0.014107376482661006,0.04172009973600849,0.15613084961934456,1.9116208616054564e-11,0.2,0.15
2025_early,absz_swing_path_tilt__log_exposure_pa,log_exposure_pa,absz_swing_path_tilt,all,False,False,ok,497,170259,497,0.011313818348599288,0.08294211048318545,0.20050782285007301,4.789502128232925e-13,0.2,0.15
2025_early,absz_swing_path_tilt__log_exposure_type,log_exposure_type,absz_swing_path_tilt,all,False,False,ok,497,170259,497,0.006081954153786809,0.03331949265182356,0.17424167969445664,2.4749188809458644e-11,0.2,0.15
2025_early,absz_swing_path_tilt__log_kernel_exposure,log_kernel_exposure,absz_swing_path_tilt,all,False,False,ok,497,170259,497,0.02646497146791583,0.053980691269139874,0.154402052940688,6.574609606735393e-11,0.2,0.15
2025_early,absz_swing_path_tilt__log_exposure_sequence,log_exposure_sequence,absz_swing_path_tilt,all,False,False,ok,497,170259,497,0.009507884232782683,0.03983739582764811,0.13981476573205176,2.1282027529156977e-10,0.2,0.15
2025_early,absz_swing_path_tilt__log_kernel_h0.5_m5,log_kernel_h0.5_m5,absz_swing_path_tilt,all,False,False,ok,496,170259,496,0.039640155482204315,0.08684097786897488,0.17962832257127836,9.0864538115909e-12,0.2,0.15
2025_early,absz_swing_path_tilt__log_kernel_h0.5_m20,log_kernel_h0.5_m20,absz_swing_path_tilt,all,False,False,ok,497,170259,497,0.02853415348154254,0.06579631524497648,0.17962092113453754,9.400508149681741e-12,0.2,0.15
2025_early,absz_swing_path_tilt__log_kernel_h1_m5,log_kernel_h1_m5,absz_swing_path_tilt,all,False,False,ok,496,170259,496,0.03735820975372753,0.07033585167022742,0.14847147346947365,1.022021356433811e-10,0.2,0.15
2025_early,absz_swing_path_tilt__log_kernel_h2_m5,log_kernel_h2_m5,absz_swing_path_tilt,all,False,False,ok,497,170259,497,0.034070548536288076,0.06035776386219842,0.13617079006030122,1.884464528867369e-10,0.2,0.15
2025_early,absz_swing_path_tilt__log_kernel_h2_m20,log_kernel_h2_m20,absz_swing_path_tilt,all,False,False,ok,497,170259,497,0.023620096317395006,0.04818003965688624,0.15336466678272986,5.943463776691971e-11,0.2,0.15
2025_early,absz_swing_path_tilt__linear_exposure_pitcher,linear_exposure_pitcher,absz_swing_path_tilt,all,False,False,ok,497,170259,497,0.0045002380363421066,0.015386794315254857,0.18107711143174285,8.306272336611187e-13,0.2,0.15
2025_early,absz_swing_path_tilt__saturating_exposure_pitcher,saturating_exposure_pitcher,absz_swing_path_tilt,all,False,False,ok,493,170259,493,0.03158936462905888,0.08641077346877132,0.14751136522927435,4.994363256294321e-11,0.2,0.15
2025_early,absz_bat_speed__log_exposure_pitcher,log_exposure_pitcher,absz_bat_speed,all,False,False,ok,497,170259,497,0.01956456114064027,0.039909403275234935,0.13382733425008053,4.108181433926106e-10,0.2,0.15
2025_early,absz_bat_speed__log_exposure_pa,log_exposure_pa,absz_bat_speed,all,False,False,ok,497,170259,497,0.03458804067098015,0.05606101182345577,0.09730997845171038,2.7711320599310696e-09,0.2,0.15
2025_early,absz_bat_speed__log_exposure_type,log_exposure_type,absz_bat_speed,all,False,False,ok,497,170259,497,0.016043871023171535,0.03523207632969246,0.16131581297666517,6.213943248845055e-11,0.2,0.15
2025_early,absz_bat_speed__log_kernel_exposure,log_kernel_exposure,absz_bat_speed,all,False,False,ok,497,170259,497,0.03203523476218045,0.06185635947699866,0.17997767577840834,1.168987129318566e-11,0.2,0.15
2025_early,absz_bat_speed__log_exposure_sequence,log_exposure_sequence,absz_bat_speed,all,False,False,ok,497,170259,497,0.024572465274954814,0.028658748802936222,0.0768514598541589,5.818712026095518e-09,0.2,0.15
2025_early,absz_bat_speed__log_kernel_h0.5_m5,log_kernel_h0.5_m5,absz_bat_speed,all,False,False,ok,496,170259,496,0.04916205230923402,0.08699295431542893,0.16603068193464515,2.160702172737672e-11,0.2,0.15
2025_early,absz_bat_speed__log_kernel_h0.5_m20,log_kernel_h0.5_m20,absz_bat_speed,all,False,False,ok,497,170259,497,0.03666562667837584,0.06818353803414964,0.17361530977293851,7.965211823446339e-12,0.2,0.15
2025_early,absz_bat_speed__log_kernel_h1_m5,log_kernel_h1_m5,absz_bat_speed,all,False,False,ok,496,170259,496,0.04407376822109249,0.08082948224999896,0.1723440691405217,2.075245530974712e-11,0.2,0.15
2025_early,absz_bat_speed__log_kernel_h2_m5,log_kernel_h2_m5,absz_bat_speed,all,False,False,ok,497,170259,497,0.04260179054860003,0.08095554097172868,0.1925771270889347,1.7087997683518097e-12,0.2,0.15
2025_early,absz_bat_speed__log_kernel_h2_m20,log_kernel_h2_m20,absz_bat_speed,all,False,False,ok,497,170259,497,0.030183472264300334,0.059056718020510664,0.18826444864554487,4.4481918148875366e-12,0.2,0.15
2025_early,absz_bat_speed__linear_exposure_pitcher,linear_exposure_pitcher,absz_bat_speed,all,False,False,ok,497,170259,497,0.00788810414724898,0.01727619835423956,0.21770333844202625,8.464756673376428e-14,0.2,0.15
2025_early,absz_bat_speed__saturating_exposure_pitcher,saturating_exposure_pitcher,absz_bat_speed,all,False,False,ok,493,170259,493,0.043005515603429155,0.08574457254093909,0.13144585223620342,5.27153487528409e-10,0.2,0.15
2025_early,absz_swing_length__log_exposure_pitcher,log_exposure_pitcher,absz_swing_length,all,False,False,ok,497,170259,497,0.025308220259198592,0.046564877391607314,0.19742704624663968,1.0486056467584604e-11,0.2,0.15
2025_early,absz_swing_length__log_exposure_pa,log_exposure_pa,absz_swing_length,all,False,False,ok,497,170259,497,0.01982307978607658,0.051550407662831754,0.09627635956459966,3.6315342122339445e-09,0.2,0.15
2025_early,absz_swing_length__log_exposure_type,log_exposure_type,absz_swing_length,all,False,False,ok,497,170259,497,0.016816961541492478,0.03661459725278007,0.20234343659198661,5.540595759967459e-12,0.2,0.15
2025_early,absz_swing_length__log_kernel_exposure,log_kernel_exposure,absz_swing_length,all,False,False,ok,497,170259,497,0.04226338361333218,0.06389224087224332,0.21215700324582643,1.4382800506140825e-12,0.2,0.15
2025_early,absz_swing_length__log_exposure_sequence,log_exposure_sequence,absz_swing_length,all,False,False,ok,497,170259,497,0.018190473111389417,0.03317249630144961,0.105449633720875,1.2987323577684506e-09,0.2,0.15
2025_early,absz_swing_length__log_kernel_h0.5_m5,log_kernel_h0.5_m5,absz_swing_length,all,False,False,ok,496,170259,496,0.05957377773486998,0.0851619017618008,0.1786459030758311,1.7751689007639015e-11,0.2,0.15
2025_early,absz_swing_length__log_kernel_h0.5_m20,log_kernel_h0.5_m20,absz_swing_length,all,False,False,ok,497,170259,497,0.04455708963841547,0.0689623580153163,0.19872373149751338,1.3722634140123091e-12,0.2,0.15
2025_early,absz_swing_length__log_kernel_h1_m5,log_kernel_h1_m5,absz_swing_length,all,False,False,ok,496,170259,496,0.05703648654992155,0.08344959538050228,0.20440123008550953,3.6063929620411272e-12,0.2,0.15
2025_early,absz_swing_length__log_kernel_h2_m5,log_kernel_h2_m5,absz_swing_length,all,False,False,ok,497,170259,497,0.054893177546668115,0.07907012578693266,0.21853097170008556,9.193479311164765e-13,0.2,0.15
2025_early,absz_swing_length__log_kernel_h2_m20,log_kernel_h2_m20,absz_swing_length,all,False,False,ok,497,170259,497,0.04026303527275923,0.057827277767326955,0.21013045712267495,2.5593138719415265e-12,0.2,0.15
2025_early,absz_swing_length__linear_exposure_pitcher,linear_exposure_pitcher,absz_swing_length,all,False,False,ok,497,170259,497,0.00778217997871436,0.01717598707318618,0.22732791930563415,1.2281842209915794e-15,0.2,0.15
2025_early,absz_swing_length__saturating_exposure_pitcher,saturating_exposure_pitcher,absz_swing_length,all,False,False,ok,493,170259,493,0.05514960760593304,0.09270559659076144,0.17594345705982756,9.255027300092422e-11,0.2,0.15
2025_early,distortion__log_exposure_pitcher__speed50,log_exposure_pitcher,distortion,speed50,False,False,ok,497,165224,497,0.026272627450351686,0.04556382797162753,0.1369799743567074,2.173275934214125e-10,0.2,0.15
2025_early,distortion__log_exposure_pitcher__innings6,log_exposure_pitcher,distortion,innings6,False,False,ok,480,114988,480,0.045328069866424514,0.06294775194858344,0.1551903079727157,8.664401834890256e-11,0.2,0.15
2025_early,distortion__log_exposure_pitcher__innings3,log_exposure_pitcher,distortion,innings3,False,False,ok,398,57171,398,0.057364895970362796,0.08547367407864814,0.13210398238144677,1.5033998074232002e-09,0.2,0.15
2025_early,distortion__log_exposure_pitcher__recent_similar,log_exposure_pitcher,distortion,recent_similar,False,False,ok,461,88138,461,0.050898971317702366,0.06714634968736764,0.13025365863529165,4.856205437775429e-10,0.2,0.15
2025_early,distortion__log_future_exposure,log_future_exposure,distortion,all,False,True,ok,497,170259,497,-0.04818965387167057,0.06273970576218024,0.27564203504903445,5.551115123125783e-16,0.2,0.15
2025_early,distortion__log_irrelevant_exposure,log_irrelevant_exposure,distortion,all,False,True,ok,497,170259,497,-0.004550820897044917,0.06228308643724671,0.23456367274571152,2.706168622523819e-14,0.2,0.15
2026_early,distortion__log_exposure_pitcher,log_exposure_pitcher,distortion,all,False,False,ok,509,171742,509,0.026826922260890104,0.06577078240652509,0.2068644653323072,9.375833442959447e-14,0.2,0.15
2026_early,distortion__log_exposure_pa,log_exposure_pa,distortion,all,False,False,ok,507,171742,507,0.031585816271703406,0.10781245244333197,0.1907029509380229,5.355715870791755e-13,0.2,0.15
2026_early,distortion__log_exposure_type,log_exposure_type,distortion,all,False,False,ok,509,171742,509,0.01654846912298245,0.05626984507910264,0.22744840837604482,5.2763349245310565e-14,0.2,0.15
2026_early,distortion__log_kernel_exposure,log_kernel_exposure,distortion,all,False,False,ok,509,171742,509,0.04472505910113744,0.09603742986800776,0.22866178154584985,8.326672684688674e-16,0.2,0.15
2026_early,distortion__log_exposure_sequence,log_exposure_sequence,distortion,all,False,False,ok,509,171742,509,0.024960077069593228,0.058804170904258206,0.14818160343876388,8.45978703756245e-11,0.2,0.15
2026_early,distortion__log_kernel_h0.5_m5,log_kernel_h0.5_m5,distortion,all,False,False,ok,507,171742,507,0.05586148074671413,0.12809100537622647,0.19968297880081545,5.470623953840459e-13,0.2,0.15
2026_early,distortion__log_kernel_h0.5_m20,log_kernel_h0.5_m20,distortion,all,False,False,ok,509,171742,509,0.04370399140818815,0.10249138990911512,0.21886414581121483,2.1538326677728037e-14,0.2,0.15
2026_early,distortion__log_kernel_h1_m5,log_kernel_h1_m5,distortion,all,False,False,ok,509,171742,509,0.05733697855434249,0.1230802161831439,0.21786629260490367,9.048317650695026e-15,0.2,0.15
2026_early,distortion__log_kernel_h2_m5,log_kernel_h2_m5,distortion,all,False,False,ok,509,171742,509,0.06462894138563796,0.1107453612593404,0.21571285204816057,1.637578961322106e-14,0.2,0.15
2026_early,distortion__log_kernel_h2_m20,log_kernel_h2_m20,distortion,all,False,False,ok,509,171742,509,0.04978542624010561,0.08601051081176614,0.23092991319670772,2.525757381022231e-15,0.2,0.15
2026_early,distortion__linear_exposure_pitcher,linear_exposure_pitcher,distortion,all,False,False,ok,509,171742,509,0.009125315140106458,0.023180306611303304,0.2188003985873857,9.506284648352903e-16,0.2,0.15
2026_early,distortion__saturating_exposure_pitcher,saturating_exposure_pitcher,distortion,all,False,False,ok,505,171742,505,0.05991717525343786,0.13616640784668999,0.18974385620350545,7.762124276666782e-13,0.2,0.15
2026_early,absz_attack_angle__log_exposure_pitcher,log_exposure_pitcher,absz_attack_angle,all,False,False,ok,509,171742,509,0.026576970108641167,0.028626452234938336,0.09726181986202737,3.1665323141361057e-09,0.2,0.15
2026_early,absz_attack_angle__log_exposure_pa,log_exposure_pa,absz_attack_angle,all,False,False,ok,507,171742,507,0.030043857947653817,0.07239385664087578,0.1762568375696987,1.054414056067543e-10,0.2,0.15
2026_early,absz_attack_angle__log_exposure_type,log_exposure_type,absz_attack_angle,all,False,False,ok,509,171742,509,0.017864786496408595,0.03148152581831708,0.1680242363910151,7.005234239909619e-11,0.2,0.15
2026_early,absz_attack_angle__log_kernel_exposure,log_kernel_exposure,absz_attack_angle,all,False,False,ok,509,171742,509,0.037271631609959124,0.0411316268495614,0.11004808814246865,2.055142223067463e-09,0.2,0.15
2026_early,absz_attack_angle__log_exposure_sequence,log_exposure_sequence,absz_attack_angle,all,False,False,ok,509,171742,509,0.02044924503718444,0.048945819803095966,0.1981362610943622,4.881720028215852e-13,0.2,0.15
2026_early,absz_attack_angle__log_kernel_h0.5_m5,log_kernel_h0.5_m5,absz_attack_angle,all,False,False,ok,507,171742,507,0.05330945960821244,0.042835365101214044,0.0625059724760786,8.739100873511596e-09,0.2,0.15
2026_early,absz_attack_angle__log_kernel_h0.5_m20,log_kernel_h0.5_m20,absz_attack_angle,all,False,False,ok,509,171742,509,0.040432557514294816,0.033693604195518576,0.06692624533618526,8.004457485721872e-09,0.2,0.15
2026_early,absz_attack_angle__log_kernel_h1_m5,log_kernel_h1_m5,absz_attack_angle,all,False,False,ok,509,171742,509,0.0502364058117386,0.052479127102319986,0.09933785787299151,2.9243163723879917e-09,0.2,0.15
2026_early,absz_attack_angle__log_kernel_h2_m5,log_kernel_h2_m5,absz_attack_angle,all,False,False,ok,509,171742,509,0.044552627399038966,0.05581662674377196,0.13220869937343332,6.934362112298587e-10,0.2,0.15
2026_early,absz_attack_angle__log_kernel_h2_m20,log_kernel_h2_m20,absz_attack_angle,all,False,False,ok,509,171742,509,0.033018414555012754,0.04431370480338004,0.14584026137536119,2.637291079965465e-10,0.2,0.15
2026_early,absz_attack_angle__linear_exposure_pitcher,linear_exposure_pitcher,absz_attack_angle,all,False,False,ok,509,171742,509,0.009249338378018881,0.014982264138953667,0.19532029078668195,3.65164842808241e-12,0.2,0.15
2026_early,absz_attack_angle__saturating_exposure_pitcher,saturating_exposure_pitcher,absz_attack_angle,all,False,False,ok,505,171742,505,0.05787812127900013,0.06035293171734275,0.09569830560339523,3.643497253902339e-09,0.2,0.15
2026_early,absz_attack_direction__log_exposure_pitcher,log_exposure_pitcher,absz_attack_direction,all,False,False,ok,509,171742,509,0.024218056198287544,0.05474381756873547,0.2746291014133163,2.914335439641036e-16,0.2,0.15
2026_early,absz_attack_direction__log_exposure_pa,log_exposure_pa,absz_attack_direction,all,False,False,ok,507,171742,507,0.014315145880729959,0.09450949276643918,0.2737633742822014,8.326672684688674e-16,0.2,0.15
2026_early,absz_attack_direction__log_exposure_type,log_exposure_type,absz_attack_direction,all,False,False,ok,509,171742,509,0.010150020953571428,0.03840294406199671,0.22720204368455965,1.2129186544029835e-13,0.2,0.15
2026_early,absz_attack_direction__log_kernel_exposure,log_kernel_exposure,absz_attack_direction,all,False,False,ok,509,171742,509,0.040854730931410496,0.07787409736092238,0.299745612206686,4.718447854656915e-16,0.2,0.15
2026_early,absz_attack_direction__log_exposure_sequence,log_exposure_sequence,absz_attack_direction,all,False,False,ok,509,171742,509,0.011518084784164485,0.053303077117711116,0.2249945915405392,9.992007221626409e-16,0.2,0.15
2026_early,absz_attack_direction__log_kernel_h0.5_m5,log_kernel_h0.5_m5,absz_attack_direction,all,False,False,ok,507,171742,507,0.05372556266536917,0.09339149251310995,0.2049689779922065,3.5213498783548403e-13,0.2,0.15
2026_early,absz_attack_direction__log_kernel_h0.5_m20,log_kernel_h0.5_m20,absz_attack_direction,all,False,False,ok,509,171742,509,0.042219379455124814,0.07733332917579326,0.23927072480125944,1.7763568394002505e-15,0.2,0.15
2026_early,absz_attack_direction__log_kernel_h1_m5,log_kernel_h1_m5,absz_attack_direction,all,False,False,ok,509,171742,509,0.05409785089755984,0.09706095205919305,0.26354980818427004,6.106226635438361e-16,0.2,0.15
2026_early,absz_attack_direction__log_kernel_h2_m5,log_kernel_h2_m5,absz_attack_direction,all,False,False,ok,509,171742,509,0.05067303298223891,0.09200153089238308,0.29100451827378165,4.440892098500626e-16,0.2,0.15
2026_early,absz_attack_direction__log_kernel_h2_m20,log_kernel_h2_m20,absz_attack_direction,all,False,False,ok,509,171742,509,0.0376851458785384,0.0723678426059173,0.3167883041634228,6.106226635438361e-16,0.2,0.15
2026_early,absz_attack_direction__linear_exposure_pitcher,linear_exposure_pitcher,absz_attack_direction,all,False,False,ok,509,171742,509,0.007655224555078626,0.01691876067755442,0.233706433150496,3.400058012914542e-16,0.2,0.15
2026_early,absz_attack_direction__saturating_exposure_pitcher,saturating_exposure_pitcher,absz_attack_direction,all,False,False,ok,505,171742,505,0.05249672832185399,0.11623941656481179,0.27495276502857907,6.661338147750939e-16,0.2,0.15
2026_early,absz_swing_path_tilt__log_exposure_pitcher,log_exposure_pitcher,absz_swing_path_tilt,all,False,False,ok,509,171742,509,0.02006026117651745,0.03252959828491486,0.10717772267842422,1.0973826986004909e-09,0.2,0.15
2026_early,absz_swing_path_tilt__log_exposure_pa,log_exposure_pa,absz_swing_path_tilt,all,False,False,ok,507,171742,507,0.0218575718428945,0.06374847166172748,0.1289856699286084,3.7707578726120516e-10,0.2,0.15
2026_early,absz_swing_path_tilt__log_exposure_type,log_exposure_type,absz_swing_path_tilt,all,False,False,ok,509,171742,509,0.013378473317767953,0.029965927480666135,0.1409314414835781,2.1468817348879732e-10,0.2,0.15
2026_early,absz_swing_path_tilt__log_kernel_exposure,log_kernel_exposure,absz_swing_path_tilt,all,False,False,ok,509,171742,509,0.03651467154185641,0.04282684437654419,0.10542439490514026,1.4513157516049535e-09,0.2,0.15
2026_early,absz_swing_path_tilt__log_exposure_sequence,log_exposure_sequence,absz_swing_path_tilt,all,False,False,ok,509,171742,509,0.016642366054948888,0.04324308499653885,0.1490578534696567,2.021188563738896e-10,0.2,0.15
2026_early,absz_swing_path_tilt__log_kernel_h0.5_m5,log_kernel_h0.5_m5,absz_swing_path_tilt,all,False,False,ok,507,171742,507,0.050139032674132694,0.08512950264831762,0.16399311446825046,1.7172221977723723e-11,0.2,0.15
2026_early,absz_swing_path_tilt__log_kernel_h0.5_m20,log_kernel_h0.5_m20,absz_swing_path_tilt,all,False,False,ok,509,171742,509,0.03834705333914114,0.05866633972259393,0.14093456921667577,1.0758405277755401e-10,0.2,0.15
2026_early,absz_swing_path_tilt__log_kernel_h1_m5,log_kernel_h1_m5,absz_swing_path_tilt,all,False,False,ok,509,171742,509,0.049379999299020684,0.061060240414081375,0.1167002678930605,6.807325605984182e-10,0.2,0.15
2026_early,absz_swing_path_tilt__log_kernel_h2_m5,log_kernel_h2_m5,absz_swing_path_tilt,all,False,False,ok,509,171742,509,0.04943891930583132,0.04883010292526563,0.09858722163464226,2.344763119777049e-09,0.2,0.15
2026_early,absz_swing_path_tilt__log_kernel_h2_m20,log_kernel_h2_m20,absz_swing_path_tilt,all,False,False,ok,509,171742,509,0.0360564417576074,0.03904983791052577,0.10905245052493126,1.4202616999137163e-09,0.2,0.15
2026_early,absz_swing_path_tilt__linear_exposure_pitcher,linear_exposure_pitcher,absz_swing_path_tilt,all,False,False,ok,509,171742,509,0.007163159018331257,0.01484642803357904,0.1729356942808242,6.198569435511558e-12,0.2,0.15
2026_early,absz_swing_path_tilt__saturating_exposure_pitcher,saturating_exposure_pitcher,absz_swing_path_tilt,all,False,False,ok,505,171742,505,0.04314514718478403,0.0663695722148443,0.09941197626196852,1.8313081329157654e-09,0.2,0.15
2026_early,absz_bat_speed__log_exposure_pitcher,log_exposure_pitcher,absz_bat_speed,all,False,False,ok,509,171742,509,0.00919041902086052,0.03795762662217618,0.1421694000329601,4.0234079956569246e-10,0.2,0.15
2026_early,absz_bat_speed__log_exposure_pa,log_exposure_pa,absz_bat_speed,all,False,False,ok,507,171742,507,0.006734049387919123,0.07311730476104288,0.17161072470053554,2.0259044442028085e-11,0.2,0.15
2026_early,absz_bat_speed__log_exposure_type,log_exposure_type,absz_bat_speed,all,False,False,ok,509,171742,509,0.0059835450218728185,0.03760372045690051,0.17808519120003233,6.190464807431795e-12,0.2,0.15
2026_early,absz_bat_speed__log_kernel_exposure,log_kernel_exposure,absz_bat_speed,all,False,False,ok,509,171742,509,0.01563102238471497,0.05504966416523474,0.15702931181517135,1.8569493165365714e-10,0.2,0.15
2026_early,absz_bat_speed__log_exposure_sequence,log_exposure_sequence,absz_bat_speed,all,False,False,ok,509,171742,509,0.013551276270443065,0.041509019596859015,0.1310655806997359,2.802249127187295e-10,0.2,0.15
2026_early,absz_bat_speed__log_kernel_h0.5_m5,log_kernel_h0.5_m5,absz_bat_speed,all,False,False,ok,507,171742,507,0.02241073197675223,0.08025705451433679,0.14777974901157323,2.839718460379004e-10,0.2,0.15
2026_early,absz_bat_speed__log_kernel_h0.5_m20,log_kernel_h0.5_m20,absz_bat_speed,all,False,False,ok,509,171742,509,0.01696906520478096,0.05821273873520158,0.14120567889977423,4.1608992640274067e-10,0.2,0.15
2026_early,absz_bat_speed__log_kernel_h1_m5,log_kernel_h1_m5,absz_bat_speed,all,False,False,ok,509,171742,509,0.021445209583283137,0.07290056665640687,0.1541289152299983,2.457430647861969e-10,0.2,0.15
2026_early,absz_bat_speed__log_kernel_h2_m5,log_kernel_h2_m5,absz_bat_speed,all,False,False,ok,509,171742,509,0.021478005758462437,0.0756448246668649,0.1922464002334807,2.3329699283536343e-11,0.2,0.15
2026_early,absz_bat_speed__log_kernel_h2_m20,log_kernel_h2_m20,absz_bat_speed,all,False,False,ok,509,171742,509,0.01582592612792221,0.05932527375871982,0.20717389381741075,4.263145392258139e-12,0.2,0.15
2026_early,absz_bat_speed__linear_exposure_pitcher,linear_exposure_pitcher,absz_bat_speed,all,False,False,ok,509,171742,509,0.004633886820996988,0.01262189180551983,0.13221500962859373,2.3228402187824848e-10,0.2,0.15
2026_early,absz_bat_speed__saturating_exposure_pitcher,saturating_exposure_pitcher,absz_bat_speed,all,False,False,ok,505,171742,505,0.021242205292883204,0.08232010749548127,0.14191681511103627,4.153055954692064e-10,0.2,0.15
2026_early,absz_swing_length__log_exposure_pitcher,log_exposure_pitcher,absz_swing_length,all,False,False,ok,509,171742,509,0.02136962728726345,0.04744115867321026,0.2062716095154848,7.850942118636794e-13,0.2,0.15
2026_early,absz_swing_length__log_exposure_pa,log_exposure_pa,absz_swing_length,all,False,False,ok,507,171742,507,0.01624233938058743,0.07822067702119226,0.1899729745378415,2.8954200148589848e-11,0.2,0.15
2026_early,absz_swing_length__log_exposure_type,log_exposure_type,absz_swing_length,all,False,False,ok,509,171742,509,0.014247907084607924,0.03200494475860623,0.15521169087545728,1.204117985875719e-10,0.2,0.15
2026_early,absz_swing_length__log_kernel_exposure,log_kernel_exposure,absz_swing_length,all,False,False,ok,509,171742,509,0.03397852634297323,0.05848029245703229,0.1825166626092299,9.650939769567657e-12,0.2,0.15
2026_early,absz_swing_length__log_exposure_sequence,log_exposure_sequence,absz_swing_length,all,False,False,ok,509,171742,509,0.012789096751129565,0.054804560278589355,0.21105295462169316,2.8171909249863347e-14,0.2,0.15
2026_early,absz_swing_length__log_kernel_h0.5_m5,log_kernel_h0.5_m5,absz_swing_length,all,False,False,ok,507,171742,507,0.04456388160185984,0.07285123685301663,0.1313317367935791,3.278399357542483e-10,0.2,0.15
2026_early,absz_swing_length__log_kernel_h0.5_m20,log_kernel_h0.5_m20,absz_swing_length,all,False,False,ok,509,171742,509,0.03520981665758065,0.0585534415930084,0.14699515631373847,1.344699490646306e-10,0.2,0.15
2026_early,absz_swing_length__log_kernel_h1_m5,log_kernel_h1_m5,absz_swing_length,all,False,False,ok,509,171742,509,0.04362855546248688,0.07684061152717296,0.1767696084585802,1.6538118097209065e-11,0.2,0.15
2026_early,absz_swing_length__log_kernel_h2_m5,log_kernel_h2_m5,absz_swing_length,all,False,False,ok,509,171742,509,0.04452512958705075,0.07334204704227676,0.18981786702661918,4.226022309872235e-12,0.2,0.15
2026_early,absz_swing_length__log_kernel_h2_m20,log_kernel_h2_m20,absz_swing_length,all,False,False,ok,509,171742,509,0.0337699036989393,0.05616336327028655,0.19493332056503504,1.0884002032973683e-12,0.2,0.15
2026_early,absz_swing_length__linear_exposure_pitcher,linear_exposure_pitcher,absz_swing_length,all,False,False,ok,509,171742,509,0.006834557756463702,0.01814869144137691,0.23597464981589786,1.779826286352204e-15,0.2,0.15
2026_early,absz_swing_length__saturating_exposure_pitcher,saturating_exposure_pitcher,absz_swing_length,all,False,False,ok,505,171742,505,0.04661572389548897,0.10446231156049532,0.21165345364570526,5.685729664861583e-13,0.2,0.15
2026_early,distortion__log_exposure_pitcher__speed50,log_exposure_pitcher,distortion,speed50,False,False,ok,508,166730,508,0.01705768223600079,0.05101250895263794,0.16932480419441326,1.968453178236018e-12,0.2,0.15
2026_early,distortion__log_exposure_pitcher__innings6,log_exposure_pitcher,distortion,innings6,False,False,ok,481,115884,481,0.027963203055886825,0.06462402430830114,0.17701038045824372,1.697963991631468e-11,0.2,0.15
2026_early,distortion__log_exposure_pitcher__innings3,log_exposure_pitcher,distortion,innings3,False,False,ok,408,57939,408,0.039884592445548386,0.1251901581620011,0.2607587097297892,6.661338147750939e-16,0.2,0.15
2026_early,distortion__log_exposure_pitcher__recent_similar,log_exposure_pitcher,distortion,recent_similar,False,False,ok,457,85415,457,0.032883738114246365,0.07145966381725913,0.15297686037412922,1.1109399511433082e-10,0.2,0.15
2026_early,distortion__log_future_exposure,log_future_exposure,distortion,all,False,True,ok,509,171742,509,-0.055697528511728094,0.05522224450142152,0.22708880938148004,3.649858193455202e-14,0.2,0.15
2026_early,distortion__log_irrelevant_exposure,log_irrelevant_exposure,distortion,all,False,True,ok,509,171742,509,-0.0018200701383716174,0.059257049737502135,0.2219309241104273,1.913191827185301e-13,0.2,0.15
2025_late,distortion__log_exposure_pitcher,log_exposure_pitcher,distortion,all,False,False,ok,491,157823,491,0.031846948255045276,0.04872610193682046,0.11111295080120032,6.72222805198075e-10,0.2,0.15
2025_late,absz_swing_length__log_kernel_h1_m5,log_kernel_h1_m5,absz_swing_length,all,False,False,ok,491,157823,491,0.048806356719549596,0.0673649846488647,0.13479991359352836,4.1260590083469495e-10,0.2,0.15
2026_late,distortion__log_exposure_pitcher,log_exposure_pitcher,distortion,all,False,False,ok,496,144971,496,0.036401232067367055,0.06756530086485021,0.20564383131211078,8.305439669342718e-13,0.2,0.15
2026_late,absz_swing_length__log_kernel_h1_m5,log_kernel_h1_m5,absz_swing_length,all,False,False,ok,495,144971,495,0.05704974341160467,0.05539258327070883,0.09040248769447118,2.9056810568750535e-09,0.2,0.15
2025_full,distortion__log_exposure_pitcher,log_exposure_pitcher,distortion,all,False,False,ok,587,328082,587,0.03501590084769404,0.03549572762532071,0.09046865968433968,1.6354901322124249e-09,0.2,0.15
2025_full,distortion__log_exposure_pa,log_exposure_pa,distortion,all,False,False,ok,587,328082,587,0.030628905938992836,0.07350353551768787,0.134929278231989,1.0599240929387577e-10,0.2,0.15
2025_full,distortion__log_exposure_type,log_exposure_type,distortion,all,False,False,ok,587,328082,587,0.025282746652159092,0.03181389018130923,0.12274824386398814,3.338446880052359e-10,0.2,0.15
2025_full,distortion__log_kernel_exposure,log_kernel_exposure,distortion,all,False,False,ok,587,328082,587,0.0552634539796331,0.058662958474201644,0.13921597529907104,9.013131907487093e-11,0.2,0.15
2025_full,distortion__log_exposure_sequence,log_exposure_sequence,distortion,all,False,False,ok,587,328082,587,0.025252567169962367,0.044377613296611426,0.13382668416309448,2.0483105489521591e-10,0.2,0.15
2025_full,distortion__log_kernel_h0.5_m5,log_kernel_h0.5_m5,distortion,all,False,False,ok,586,328082,586,0.07651051208596124,0.09084355427128737,0.1529073816237473,2.988076452936639e-11,0.2,0.15
2025_full,distortion__log_kernel_h0.5_m20,log_kernel_h0.5_m20,distortion,all,False,False,ok,587,328082,587,0.05673009085416651,0.06883328691178683,0.15386418421879186,1.8754220398875532e-11,0.2,0.15
2025_full,distortion__log_kernel_h1_m5,log_kernel_h1_m5,distortion,all,False,False,ok,586,328082,586,0.07641552988496794,0.08015722974789949,0.14765509419004175,6.408043540240271e-11,0.2,0.15
2025_full,distortion__log_kernel_h2_m5,log_kernel_h2_m5,distortion,all,False,False,ok,587,328082,587,0.07784112074068922,0.06717478046112796,0.1300936789289828,3.2692543117107675e-10,0.2,0.15
2025_full,distortion__log_kernel_h2_m20,log_kernel_h2_m20,distortion,all,False,False,ok,587,328082,587,0.055502309378236386,0.05131460221589969,0.13465637169223058,1.970644480930872e-10,0.2,0.15
2025_full,distortion__linear_exposure_pitcher,linear_exposure_pitcher,distortion,all,False,False,ok,587,328082,587,0.011048956707603226,0.014883935347346146,0.1428653969184703,2.959860828655181e-11,0.2,0.15
2025_full,distortion__saturating_exposure_pitcher,saturating_exposure_pitcher,distortion,all,False,False,ok,582,328082,582,0.07631559348808095,0.07643208076260558,0.0918777493173942,2.0866290084686767e-09,0.2,0.15
2025_full,absz_attack_angle__log_exposure_pitcher,log_exposure_pitcher,absz_attack_angle,all,False,False,ok,587,328082,587,0.023204550549154962,0.021261716391725142,0.07750185744112689,3.0337910098595516e-09,0.2,0.15
2025_full,absz_attack_angle__log_exposure_pa,log_exposure_pa,absz_attack_angle,all,False,False,ok,587,328082,587,0.016942099325326115,0.041247806464116174,0.08896149659896523,1.8558512643318537e-09,0.2,0.15
2025_full,absz_attack_angle__log_exposure_type,log_exposure_type,absz_attack_angle,all,False,False,ok,587,328082,587,0.01489792161851219,0.02195048418661675,0.1234227398733549,4.076684927134533e-10,0.2,0.15
2025_full,absz_attack_angle__log_kernel_exposure,log_kernel_exposure,absz_attack_angle,all,False,False,ok,587,328082,587,0.03784787642977708,0.042500294017506185,0.1492285599229348,2.7432080912381807e-11,0.2,0.15
2025_full,absz_attack_angle__log_exposure_sequence,log_exposure_sequence,absz_attack_angle,all,False,False,ok,587,328082,587,0.015452434032637491,0.021863748854186887,0.08080119864004093,5.179407625011123e-09,0.2,0.15
2025_full,absz_attack_angle__log_kernel_h0.5_m5,log_kernel_h0.5_m5,absz_attack_angle,all,False,False,ok,586,328082,586,0.04929987339878714,0.060865874352971826,0.142280526318632,6.218828230153406e-11,0.2,0.15
2025_full,absz_attack_angle__log_kernel_h0.5_m20,log_kernel_h0.5_m20,absz_attack_angle,all,False,False,ok,587,328082,587,0.037938675365382285,0.04728067878507393,0.14886990490700958,2.960261202833436e-11,0.2,0.15
2025_full,absz_attack_angle__log_kernel_h1_m5,log_kernel_h1_m5,absz_attack_angle,all,False,False,ok,586,328082,586,0.0506278509728114,0.05643171036691638,0.15043661480230858,3.652893265648771e-11,0.2,0.15
2025_full,absz_attack_angle__log_kernel_h2_m5,log_kernel_h2_m5,absz_attack_angle,all,False,False,ok,587,328082,587,0.0503144215028673,0.05042711972927549,0.14766445883084042,4.278323528783545e-11,0.2,0.15
2025_full,absz_attack_angle__log_kernel_h2_m20,log_kernel_h2_m20,absz_attack_angle,all,False,False,ok,587,328082,587,0.036353056391212196,0.037249159165991474,0.1442031765087461,4.118870869374014e-11,0.2,0.15
2025_full,absz_attack_angle__linear_exposure_pitcher,linear_exposure_pitcher,absz_attack_angle,all,False,False,ok,587,328082,587,0.008004200028098516,0.010418154120149467,0.14036272634549873,5.46250163158124e-11,0.2,0.15
2025_full,absz_attack_angle__saturating_exposure_pitcher,saturating_exposure_pitcher,absz_attack_angle,all,False,False,ok,582,328082,582,0.04996711204350719,0.05001068075938062,0.08816200559709605,1.9785146741432835e-09,0.2,0.15
2025_full,absz_attack_direction__log_exposure_pitcher,log_exposure_pitcher,absz_attack_direction,all,False,False,ok,587,328082,587,0.023225633073897585,0.02272036420076836,0.0857561159699189,3.0946129200848382e-09,0.2,0.15
2025_full,absz_attack_direction__log_exposure_pa,log_exposure_pa,absz_attack_direction,all,False,False,ok,587,328082,587,0.022692843107996512,0.060293415677417375,0.16709665316898184,4.754197036049845e-12,0.2,0.15
2025_full,absz_attack_direction__log_exposure_type,log_exposure_type,absz_attack_direction,all,False,False,ok,587,328082,587,0.013819486641348602,0.01799601946867381,0.09189257428985566,2.9416519116420847e-09,0.2,0.15
2025_full,absz_attack_direction__log_kernel_exposure,log_kernel_exposure,absz_attack_direction,all,False,False,ok,587,328082,587,0.04172143627236942,0.033299713429407754,0.09980870515399907,1.4598508513152808e-09,0.2,0.15
2025_full,absz_attack_direction__log_exposure_sequence,log_exposure_sequence,absz_attack_direction,all,False,False,ok,587,328082,587,0.011568199236408134,0.01617046766947746,0.049453126931973936,1.0755759879965687e-08,0.2,0.15
2025_full,absz_attack_direction__log_kernel_h0.5_m5,log_kernel_h0.5_m5,absz_attack_direction,all,False,False,ok,586,328082,586,0.056849991213814496,0.05232328094839474,0.11076955358182528,7.130051271619919e-10,0.2,0.15
2025_full,absz_attack_direction__log_kernel_h0.5_m20,log_kernel_h0.5_m20,absz_attack_direction,all,False,False,ok,587,328082,587,0.04303348659725452,0.034803918974032705,0.08841370527888945,2.2923477699388073e-09,0.2,0.15
2025_full,absz_attack_direction__log_kernel_h1_m5,log_kernel_h1_m5,absz_attack_direction,all,False,False,ok,586,328082,586,0.05612249198020071,0.0484521315076523,0.11729939092664332,5.038729988804391e-10,0.2,0.15
2025_full,absz_attack_direction__log_kernel_h2_m5,log_kernel_h2_m5,absz_attack_direction,all,False,False,ok,587,328082,587,0.05543754722629607,0.04527276403147358,0.12064324061217989,2.611626193083083e-10,0.2,0.15
2025_full,absz_attack_direction__log_kernel_h2_m20,log_kernel_h2_m20,absz_attack_direction,all,False,False,ok,587,328082,587,0.04059575859281405,0.03151062638039578,0.10890375946122782,6.923348283560671e-10,0.2,0.15
2025_full,absz_attack_direction__linear_exposure_pitcher,linear_exposure_pitcher,absz_attack_direction,all,False,False,ok,587,328082,587,0.006918521306364943,0.008771142059367383,0.11170610300958009,1.141733069198736e-09,0.2,0.15
2025_full,absz_attack_direction__saturating_exposure_pitcher,saturating_exposure_pitcher,absz_attack_direction,all,False,False,ok,582,328082,582,0.050508224901539965,0.05259773497121912,0.09666038973934175,2.1171587677448755e-09,0.2,0.15
2025_full,absz_swing_path_tilt__log_exposure_pitcher,log_exposure_pitcher,absz_swing_path_tilt,all,False,False,ok,587,328082,587,0.013126034766853199,0.037729112412547575,0.18025088638239734,1.407207683712386e-13,0.2,0.15
2025_full,absz_swing_path_tilt__log_exposure_pa,log_exposure_pa,absz_swing_path_tilt,all,False,False,ok,587,328082,587,0.00869826796117118,0.05829852649612463,0.1529518954238931,1.2743764377098898e-11,0.2,0.15
2025_full,absz_swing_path_tilt__log_exposure_type,log_exposure_type,absz_swing_path_tilt,all,False,False,ok,587,328082,587,0.008490761951452055,0.022532494829878694,0.12408075823516738,3.0049344262872424e-10,0.2,0.15
2025_full,absz_swing_path_tilt__log_kernel_exposure,log_kernel_exposure,absz_swing_path_tilt,all,False,False,ok,587,328082,587,0.02218680935196925,0.04720427639762663,0.16813813798594598,1.8726964423620984e-12,0.2,0.15
2025_full,absz_swing_path_tilt__log_exposure_sequence,log_exposure_sequence,absz_swing_path_tilt,all,False,False,ok,587,328082,587,0.012385216313243769,0.03695221828186192,0.16555268996353875,2.126063214369367e-12,0.2,0.15
2025_full,absz_swing_path_tilt__log_kernel_h0.5_m5,log_kernel_h0.5_m5,absz_swing_path_tilt,all,False,False,ok,586,328082,586,0.028512677494659383,0.07845820749575977,0.19733519699752344,3.5110803153770576e-14,0.2,0.15
2025_full,absz_swing_path_tilt__log_kernel_h0.5_m20,log_kernel_h0.5_m20,absz_swing_path_tilt,all,False,False,ok,587,328082,587,0.02175210263381547,0.058157075019420815,0.18997847681404803,7.210898544940392e-14,0.2,0.15
2025_full,absz_swing_path_tilt__log_kernel_h1_m5,log_kernel_h1_m5,absz_swing_path_tilt,all,False,False,ok,586,328082,586,0.030008913847652745,0.06385768626658066,0.172872243940299,1.2132655990981789e-12,0.2,0.15
2025_full,absz_swing_path_tilt__log_kernel_h2_m5,log_kernel_h2_m5,absz_swing_path_tilt,all,False,False,ok,587,328082,587,0.03121051715869528,0.0570010350424174,0.16859671601429074,1.2733772369877272e-12,0.2,0.15
2025_full,absz_swing_path_tilt__log_kernel_h2_m20,log_kernel_h2_m20,absz_swing_path_tilt,all,False,False,ok,587,328082,587,0.022276453378194783,0.04346262166323599,0.17483322416279481,6.591047152504359e-13,0.2,0.15
2025_full,absz_swing_path_tilt__linear_exposure_pitcher,linear_exposure_pitcher,absz_swing_path_tilt,all,False,False,ok,587,328082,587,0.0039860535578979065,0.013600979428253092,0.19914904547847764,8.059525269388246e-15,0.2,0.15
2025_full,absz_swing_path_tilt__saturating_exposure_pitcher,saturating_exposure_pitcher,absz_swing_path_tilt,all,False,False,ok,582,328082,582,0.029227522684647893,0.08153196831053955,0.17845917137852324,1.6661672042062037e-13,0.2,0.15
2025_full,absz_bat_speed__log_exposure_pitcher,log_exposure_pitcher,absz_bat_speed,all,False,False,ok,587,328082,587,0.011556410352235851,0.01664962738692443,0.04357965731621515,9.517474894131517e-09,0.2,0.15
2025_full,absz_bat_speed__log_exposure_pa,log_exposure_pa,absz_bat_speed,all,False,False,ok,587,328082,587,0.022735806816417764,0.04589777514734974,0.10056786648438172,1.2325353376807513e-09,0.2,0.15
2025_full,absz_bat_speed__log_exposure_type,log_exposure_type,absz_bat_speed,all,False,False,ok,587,328082,587,0.011120354673411832,0.01486444321600747,0.054664001305465455,6.2710346780854576e-09,0.2,0.15
2025_full,absz_bat_speed__log_kernel_exposure,log_kernel_exposure,absz_bat_speed,all,False,False,ok,587,328082,587,0.01863428177441443,0.028192641051210825,0.06741408280720229,4.261537869115761e-09,0.2,0.15
2025_full,absz_bat_speed__log_exposure_sequence,log_exposure_sequence,absz_bat_speed,all,False,False,ok,587,328082,587,0.014948332802912077,0.027830815980046532,0.09488005482090786,1.297122034782383e-09,0.2,0.15
2025_full,absz_bat_speed__log_kernel_h0.5_m5,log_kernel_h0.5_m5,absz_bat_speed,all,False,False,ok,586,328082,586,0.02619481442441314,0.03763330648822906,0.05683548815343098,5.837218503695896e-09,0.2,0.15
2025_full,absz_bat_speed__log_kernel_h0.5_m20,log_kernel_h0.5_m20,absz_bat_speed,all,False,False,ok,587,328082,587,0.019779399129555546,0.025096705183662013,0.04679291675862301,7.50229727647378e-09,0.2,0.15
2025_full,absz_bat_speed__log_kernel_h1_m5,log_kernel_h1_m5,absz_bat_speed,all,False,False,ok,586,328082,586,0.02534757650133894,0.036477646050475,0.06482626966101382,4.669384427724577e-09,0.2,0.15
2025_full,absz_bat_speed__log_kernel_h2_m5,log_kernel_h2_m5,absz_bat_speed,all,False,False,ok,587,328082,587,0.027191653719952996,0.04144869719141768,0.0912241349455878,1.7674596300421008e-09,0.2,0.15
2025_full,absz_bat_speed__log_kernel_h2_m20,log_kernel_h2_m20,absz_bat_speed,all,False,False,ok,587,328082,587,0.019561393552986195,0.0325907161378955,0.0990180099753197,1.0756010457302345e-09,0.2,0.15
2025_full,absz_bat_speed__linear_exposure_pitcher,linear_exposure_pitcher,absz_bat_speed,all,False,False,ok,587,328082,587,0.004706082224851565,0.010903156897009183,0.13776466687913697,4.3576982300397304e-11,0.2,0.15
2025_full,absz_bat_speed__saturating_exposure_pitcher,saturating_exposure_pitcher,absz_bat_speed,all,False,False,ok,582,328082,582,0.02554224752414215,0.035617779832408956,0.04358368064324215,9.475175940729108e-09,0.2,0.15
2025_full,absz_swing_length__log_exposure_pitcher,log_exposure_pitcher,absz_swing_length,all,False,False,ok,587,328082,587,0.022392920575136484,0.026198075243547503,0.09928040688510774,1.501446605933765e-09,0.2,0.15
2025_full,absz_swing_length__log_exposure_pa,log_exposure_pa,absz_swing_length,all,False,False,ok,587,328082,587,0.013503682505932188,0.0435075730255262,0.09692021336564807,1.7225427265121773e-09,0.2,0.15
2025_full,absz_swing_length__log_exposure_type,log_exposure_type,absz_swing_length,all,False,False,ok,587,328082,587,0.01393082639876628,0.024991695586224015,0.1442155144273548,5.7666822705915166e-11,0.2,0.15
2025_full,absz_swing_length__log_kernel_exposure,log_kernel_exposure,absz_swing_length,all,False,False,ok,587,328082,587,0.037291415752030925,0.048008449469179225,0.1802802699688419,6.6702893208869796e-12,0.2,0.15
2025_full,absz_swing_length__log_exposure_sequence,log_exposure_sequence,absz_swing_length,all,False,False,ok,587,328082,587,0.011548832650325556,0.024330870258977937,0.0863491241546009,1.8692142191717442e-09,0.2,0.15
2025_full,absz_swing_length__log_kernel_h0.5_m5,log_kernel_h0.5_m5,absz_swing_length,all,False,False,ok,586,328082,586,0.048423855659533416,0.06075750487214181,0.13997525225224397,1.3206558763245724e-10,0.2,0.15
2025_full,absz_swing_length__log_kernel_h0.5_m20,log_kernel_h0.5_m20,absz_swing_length,all,False,False,ok,587,328082,587,0.03719148527901371,0.04667124371941658,0.14146191148536455,8.604854329075096e-11,0.2,0.15
2025_full,absz_swing_length__log_kernel_h1_m5,log_kernel_h1_m5,absz_swing_length,all,False,False,ok,586,328082,586,0.049738108967671474,0.06460416982737956,0.1824202606955956,5.562744709308731e-12,0.2,0.15
2025_full,absz_swing_length__log_kernel_h2_m5,log_kernel_h2_m5,absz_swing_length,all,False,False,ok,587,328082,587,0.05008635744773745,0.07246560136157584,0.2535993419206367,8.326672684688674e-16,0.2,0.15
2025_full,absz_swing_length__log_kernel_h2_m20,log_kernel_h2_m20,absz_swing_length,all,False,False,ok,587,328082,587,0.03705385019074084,0.04845250862162044,0.21111189359431073,9.828249325494198e-14,0.2,0.15
2025_full,absz_swing_length__linear_exposure_pitcher,linear_exposure_pitcher,absz_swing_length,all,False,False,ok,587,328082,587,0.0072620674646853125,0.011588745914136056,0.15835668621883006,1.71057612519121e-12,0.2,0.15
2025_full,absz_swing_length__saturating_exposure_pitcher,saturating_exposure_pitcher,absz_swing_length,all,False,False,ok,582,328082,582,0.048503130153413725,0.05615198709655279,0.0984168361695925,1.5329950156517391e-09,0.2,0.15
2025_full,distortion__log_exposure_pitcher__speed50,log_exposure_pitcher,distortion,speed50,False,False,ok,587,318587,587,0.020368929013288677,0.03620704053178653,0.12458914542146451,1.1548749456746776e-10,0.2,0.15
2025_full,distortion__log_exposure_pitcher__innings6,log_exposure_pitcher,distortion,innings6,False,False,ok,574,221790,574,0.03500123273972125,0.049398624844588915,0.13682296389907608,8.649297944529621e-11,0.2,0.15
2025_full,distortion__log_exposure_pitcher__innings3,log_exposure_pitcher,distortion,innings3,False,False,ok,490,110604,490,0.029279643794408804,0.07634201493225845,0.1388482592325653,1.3608801585629493e-10,0.2,0.15
2025_full,distortion__log_exposure_pitcher__recent_similar,log_exposure_pitcher,distortion,recent_similar,False,False,ok,551,169266,551,0.039087736139585605,0.05326873726585533,0.12422638261414874,7.72409122773432e-10,0.2,0.15
2025_full,distortion__log_future_exposure,log_future_exposure,distortion,all,False,True,ok,587,328082,587,-0.045978647283496724,0.04881025459440266,0.2487494472430692,3.191891195797325e-16,0.2,0.15
2025_full,distortion__log_irrelevant_exposure,log_irrelevant_exposure,distortion,all,False,True,ok,587,328082,587,-0.005202183834010112,0.030607998050967998,0.10479691156677146,1.6444518385894114e-09,0.2,0.15
2026_full,distortion__log_exposure_pitcher,log_exposure_pitcher,distortion,all,False,False,ok,591,316713,591,0.029745457176632996,0.04571026579610537,0.15808498688665015,3.2182201348263106e-11,0.2,0.15
2026_full,distortion__log_exposure_pa,log_exposure_pa,distortion,all,False,False,ok,590,316713,590,0.028866279414402715,0.08368231385321745,0.1744447167102741,5.472872155465325e-12,0.2,0.15
2026_full,distortion__log_exposure_type,log_exposure_type,distortion,all,False,False,ok,591,316713,591,0.018789417549051456,0.03708633663159088,0.15380541151032098,1.3190989966993527e-11,0.2,0.15
2026_full,distortion__log_kernel_exposure,log_kernel_exposure,distortion,all,False,False,ok,591,316713,591,0.0482217178164019,0.056814027852440656,0.13806242404189628,1.549907840958653e-10,0.2,0.15
2026_full,distortion__log_exposure_sequence,log_exposure_sequence,distortion,all,False,False,ok,591,316713,591,0.023132873689773528,0.032828439748830554,0.07983091351866838,4.061443070746407e-09,0.2,0.15
2026_full,distortion__log_kernel_h0.5_m5,log_kernel_h0.5_m5,distortion,all,False,False,ok,587,316713,587,0.06480268284094316,0.07597632652036172,0.1175377432438143,7.804893120688661e-10,0.2,0.15
2026_full,distortion__log_kernel_h0.5_m20,log_kernel_h0.5_m20,distortion,all,False,False,ok,591,316713,591,0.05113571983139945,0.05988299583943121,0.12358792617607295,4.2483572909590706e-10,0.2,0.15
2026_full,distortion__log_kernel_h1_m5,log_kernel_h1_m5,distortion,all,False,False,ok,590,316713,590,0.06289255665500286,0.07104007445570723,0.1261340455756142,3.47711456849531e-10,0.2,0.15
2026_full,distortion__log_kernel_h2_m5,log_kernel_h2_m5,distortion,all,False,False,ok,591,316713,591,0.06382002075724996,0.06865017615786079,0.13643393085573596,8.85169715303391e-11,0.2,0.15
2026_full,distortion__log_kernel_h2_m20,log_kernel_h2_m20,distortion,all,False,False,ok,591,316713,591,0.04793581542126995,0.05531747192309726,0.15224582665181816,2.0608383055620294e-11,0.2,0.15
2026_full,distortion__linear_exposure_pitcher,linear_exposure_pitcher,distortion,all,False,False,ok,591,316713,591,0.009785524788031956,0.017222298620329243,0.1811589417307919,3.984937380074882e-13,0.2,0.15
2026_full,distortion__saturating_exposure_pitcher,saturating_exposure_pitcher,distortion,all,False,False,ok,584,316713,584,0.06530790984745397,0.09552822259447272,0.15229877244073048,7.37681860041306e-11,0.2,0.15
2026_full,absz_attack_angle__log_exposure_pitcher,log_exposure_pitcher,absz_attack_angle,all,False,False,ok,591,316713,591,0.026138805825558054,0.010198116454044098,0.02561694847968697,8.887490583753266e-09,0.2,0.15
2026_full,absz_attack_angle__log_exposure_pa,log_exposure_pa,absz_attack_angle,all,False,False,ok,590,316713,590,0.025295727303960562,0.04194674703059973,0.09654357823616645,2.5669267302019794e-09,0.2,0.15
2026_full,absz_attack_angle__log_exposure_type,log_exposure_type,absz_attack_angle,all,False,False,ok,591,316713,591,0.01741237766710909,0.012894541321591242,0.05361097480547115,6.496840588947339e-09,0.2,0.15
2026_full,absz_attack_angle__log_kernel_exposure,log_kernel_exposure,absz_attack_angle,all,False,False,ok,591,316713,591,0.03995434510389052,0.02655972719304664,0.07220713984987785,4.6365783061899646e-09,0.2,0.15
2026_full,absz_attack_angle__log_exposure_sequence,log_exposure_sequence,absz_attack_angle,all,False,False,ok,591,316713,591,0.017641254863223772,0.030938106640850338,0.12486710031938576,1.588793263618271e-10,0.2,0.15
2026_full,absz_attack_angle__log_kernel_h0.5_m5,log_kernel_h0.5_m5,absz_attack_angle,all,False,False,ok,587,316713,587,0.05786423662878898,0.037951109133633774,0.06661628563269163,6.565747488664758e-09,0.2,0.15
2026_full,absz_attack_angle__log_kernel_h0.5_m20,log_kernel_h0.5_m20,absz_attack_angle,all,False,False,ok,591,316713,591,0.04464787726826058,0.027841740033981217,0.06443669293611864,6.582506434892055e-09,0.2,0.15
2026_full,absz_attack_angle__log_kernel_h1_m5,log_kernel_h1_m5,absz_attack_angle,all,False,False,ok,590,316713,590,0.05359371622850801,0.03917570927800712,0.08676418546344933,3.3486928872200616e-09,0.2,0.15
2026_full,absz_attack_angle__log_kernel_h2_m5,log_kernel_h2_m5,absz_attack_angle,all,False,False,ok,591,316713,591,0.04810733447198485,0.03947190454230713,0.09964098288304184,1.0406229649685683e-09,0.2,0.15
2026_full,absz_attack_angle__log_kernel_h2_m20,log_kernel_h2_m20,absz_attack_angle,all,False,False,ok,591,316713,591,0.03565380190038707,0.02952004060079458,0.10014477091886367,1.0474359990464421e-09,0.2,0.15
2026_full,absz_attack_angle__linear_exposure_pitcher,linear_exposure_pitcher,absz_attack_angle,all,False,False,ok,591,316713,591,0.00929689645366287,0.008181559545173495,0.09684492886523413,1.6456213371152106e-09,0.2,0.15
2026_full,absz_attack_angle__saturating_exposure_pitcher,saturating_exposure_pitcher,absz_attack_angle,all,False,False,ok,584,316713,584,0.05727513915867258,0.022476326550521918,0.027176204246158395,9.123017841172754e-09,0.2,0.15
2026_full,absz_attack_direction__log_exposure_pitcher,log_exposure_pitcher,absz_attack_direction,all,False,False,ok,591,316713,591,0.025808275912408078,0.03415452798467504,0.17628580684223052,4.5037584772700257e-13,0.2,0.15
2026_full,absz_attack_direction__log_exposure_pa,log_exposure_pa,absz_attack_direction,all,False,False,ok,590,316713,590,0.013626392052021112,0.0430532659522481,0.10206825309720276,9.440162263008034e-10,0.2,0.15
2026_full,absz_attack_direction__log_exposure_type,log_exposure_type,absz_attack_direction,all,False,False,ok,591,316713,591,0.01194120995085504,0.024687234658150557,0.1510843899707664,3.834595141416486e-11,0.2,0.15
2026_full,absz_attack_direction__log_kernel_exposure,log_kernel_exposure,absz_attack_direction,all,False,False,ok,591,316713,591,0.04170158412303878,0.043179723235685336,0.15572816091176198,4.277720538903296e-12,0.2,0.15
2026_full,absz_attack_direction__log_exposure_sequence,log_exposure_sequence,absz_attack_direction,all,False,False,ok,591,316713,591,0.01145429584946835,0.02688439662258405,0.09283058202883615,1.1940242128360978e-09,0.2,0.15
2026_full,absz_attack_direction__log_kernel_h0.5_m5,log_kernel_h0.5_m5,absz_attack_direction,all,False,False,ok,587,316713,587,0.05730032412482053,0.04511447672052071,0.08606418420854695,2.4487429865945043e-09,0.2,0.15
2026_full,absz_attack_direction__log_kernel_h0.5_m20,log_kernel_h0.5_m20,absz_attack_direction,all,False,False,ok,591,316713,591,0.04516870920616454,0.039846663774986565,0.11108007258698545,4.722209810681388e-10,0.2,0.15
2026_full,absz_attack_direction__log_kernel_h1_m5,log_kernel_h1_m5,absz_attack_direction,all,False,False,ok,590,316713,590,0.05460308504392592,0.052256271955819084,0.1328184956290409,8.878386567601204e-11,0.2,0.15
2026_full,absz_attack_direction__log_kernel_h2_m5,log_kernel_h2_m5,absz_attack_direction,all,False,False,ok,591,316713,591,0.05054187491384313,0.049665239777452484,0.14269108219333354,3.117810523645126e-11,0.2,0.15
2026_full,absz_attack_direction__log_kernel_h2_m20,log_kernel_h2_m20,absz_attack_direction,all,False,False,ok,591,316713,591,0.03769464613981345,0.039689187458191014,0.15976027945236596,2.8328485390805014e-12,0.2,0.15
2026_full,absz_attack_direction__linear_exposure_pitcher,linear_exposure_pitcher,absz_attack_direction,all,False,False,ok,591,316713,591,0.00792255586783672,0.011462585990741734,0.16950471529384561,4.1533443351227106e-13,0.2,0.15
2026_full,absz_attack_direction__saturating_exposure_pitcher,saturating_exposure_pitcher,absz_attack_direction,all,False,False,ok,584,316713,584,0.05596624010843719,0.07396580451099613,0.17926294217762795,4.360123373459146e-13,0.2,0.15
2026_full,absz_swing_path_tilt__log_exposure_pitcher,log_exposure_pitcher,absz_swing_path_tilt,all,False,False,ok,591,316713,591,0.017932853657703106,0.03032245516172126,0.1380317092488861,5.305171579816914e-11,0.2,0.15
2026_full,absz_swing_path_tilt__log_exposure_pa,log_exposure_pa,absz_swing_path_tilt,all,False,False,ok,590,316713,590,0.024479650691930525,0.057251585637831656,0.14742370279435096,4.582892398907745e-11,0.2,0.15
2026_full,absz_swing_path_tilt__log_exposure_type,log_exposure_type,absz_swing_path_tilt,all,False,False,ok,591,316713,591,0.010990507120820104,0.02463947186433777,0.1358767281253219,1.2166662469170753e-10,0.2,0.15
2026_full,absz_swing_path_tilt__log_kernel_exposure,log_kernel_exposure,absz_swing_path_tilt,all,False,False,ok,591,316713,591,0.0329791247602144,0.04017744086092509,0.1328023342285637,6.619772091598364e-11,0.2,0.15
2026_full,absz_swing_path_tilt__log_exposure_sequence,log_exposure_sequence,absz_swing_path_tilt,all,False,False,ok,591,316713,591,0.013460723049356136,0.03654900291046788,0.15961005033949033,2.0533852396198427e-11,0.2,0.15
2026_full,absz_swing_path_tilt__log_kernel_h0.5_m5,log_kernel_h0.5_m5,absz_swing_path_tilt,all,False,False,ok,587,316713,587,0.047927376128313645,0.06085347963378366,0.1314005651024528,9.717335269776584e-11,0.2,0.15
2026_full,absz_swing_path_tilt__log_kernel_h0.5_m20,log_kernel_h0.5_m20,absz_swing_path_tilt,all,False,False,ok,591,316713,591,0.03491928694661246,0.04804140459054322,0.14445443629342555,2.683049615814781e-11,0.2,0.15
2026_full,absz_swing_path_tilt__log_kernel_h1_m5,log_kernel_h1_m5,absz_swing_path_tilt,all,False,False,ok,590,316713,590,0.04568418033686278,0.05269456433805149,0.13075816135115526,1.2392279216677515e-10,0.2,0.15
2026_full,absz_swing_path_tilt__log_kernel_h2_m5,log_kernel_h2_m5,absz_swing_path_tilt,all,False,False,ok,591,316713,591,0.044691596268139386,0.046764108062277425,0.125109083098033,1.619983452938456e-10,0.2,0.15
2026_full,absz_swing_path_tilt__log_kernel_h2_m20,log_kernel_h2_m20,absz_swing_path_tilt,all,False,False,ok,591,316713,591,0.03183342767619532,0.03626733458387076,0.12911347408040053,7.180375738435885e-11,0.2,0.15
2026_full,absz_swing_path_tilt__linear_exposure_pitcher,linear_exposure_pitcher,absz_swing_path_tilt,all,False,False,ok,591,316713,591,0.0061439517011107544,0.01250309589452225,0.17606854896588184,1.9792847916200174e-13,0.2,0.15
2026_full,absz_swing_path_tilt__saturating_exposure_pitcher,saturating_exposure_pitcher,absz_swing_path_tilt,all,False,False,ok,584,316713,584,0.03912528888403777,0.06442111752256674,0.13496192964384948,7.84171755308094e-11,0.2,0.15
2026_full,absz_bat_speed__log_exposure_pitcher,log_exposure_pitcher,absz_bat_speed,all,False,False,ok,591,316713,591,0.010386359254156064,0.022983470402370268,0.08220749673980841,2.830269713038902e-09,0.2,0.15
2026_full,absz_bat_speed__log_exposure_pa,log_exposure_pa,absz_bat_speed,all,False,False,ok,590,316713,590,0.005986903646180056,0.03587342243511281,0.0716284171180703,3.966756131901228e-09,0.2,0.15
2026_full,absz_bat_speed__log_exposure_type,log_exposure_type,absz_bat_speed,all,False,False,ok,591,316713,591,0.00924159052754898,0.02688020499079182,0.13910094959057565,8.707937843022151e-11,0.2,0.15
2026_full,absz_bat_speed__log_kernel_exposure,log_kernel_exposure,absz_bat_speed,all,False,False,ok,591,316713,591,0.014008260677344321,0.029331879717231085,0.07415459129949395,5.000419640854847e-09,0.2,0.15
2026_full,absz_bat_speed__log_exposure_sequence,log_exposure_sequence,absz_bat_speed,all,False,False,ok,591,316713,591,0.013849464277839422,0.021366401965503826,0.058807794424646266,6.973672077303927e-09,0.2,0.15
2026_full,absz_bat_speed__log_kernel_h0.5_m5,log_kernel_h0.5_m5,absz_bat_speed,all,False,False,ok,587,316713,587,0.017779723232713526,0.058760713701237095,0.124027158991972,5.453401480393083e-10,0.2,0.15
2026_full,absz_bat_speed__log_kernel_h0.5_m20,log_kernel_h0.5_m20,absz_bat_speed,all,False,False,ok,591,316713,591,0.015537906090009369,0.04165315644702519,0.1093742883358888,9.596511085785409e-10,0.2,0.15
2026_full,absz_bat_speed__log_kernel_h1_m5,log_kernel_h1_m5,absz_bat_speed,all,False,False,ok,590,316713,590,0.01569922993748005,0.036367522711433384,0.06833775070855067,7.028523395236075e-09,0.2,0.15
2026_full,absz_bat_speed__log_kernel_h2_m5,log_kernel_h2_m5,absz_bat_speed,all,False,False,ok,591,316713,591,0.016323054088966345,0.028745475389443532,0.05344227631858505,9.188151559036406e-09,0.2,0.15
2026_full,absz_bat_speed__log_kernel_h2_m20,log_kernel_h2_m20,absz_bat_speed,all,False,False,ok,591,316713,591,0.014047424094748316,0.02364126867422445,0.06015458419415087,7.039225591309872e-09,0.2,0.15
2026_full,absz_bat_speed__linear_exposure_pitcher,linear_exposure_pitcher,absz_bat_speed,all,False,False,ok,591,316713,591,0.00460688542204739,0.009575281022371027,0.11583989026664956,3.379500498890131e-10,0.2,0.15
2026_full,absz_bat_speed__saturating_exposure_pitcher,saturating_exposure_pitcher,absz_bat_speed,all,False,False,ok,584,316713,584,0.022451314205239124,0.049049968013837285,0.08127209248730571,2.997133208282321e-09,0.2,0.15
2026_full,absz_swing_length__log_exposure_pitcher,log_exposure_pitcher,absz_swing_length,all,False,False,ok,591,316713,591,0.024948341701789757,0.03845845122936374,0.20061803037087284,4.388850394221322e-13,0.2,0.15
2026_full,absz_swing_length__log_exposure_pa,log_exposure_pa,absz_swing_length,all,False,False,ok,590,316713,590,0.02043999541602318,0.05298328360533364,0.1338332184739882,1.9588775046486262e-10,0.2,0.15
2026_full,absz_swing_length__log_exposure_type,log_exposure_type,absz_swing_length,all,False,False,ok,591,316713,591,0.015906520367736404,0.024523130287518485,0.13404446852298207,2.031446261208103e-10,0.2,0.15
2026_full,absz_swing_length__log_kernel_exposure,log_kernel_exposure,absz_swing_length,all,False,False,ok,591,316713,591,0.03732312436421066,0.037154725972421726,0.11861862449775715,6.461876311814052e-10,0.2,0.15
2026_full,absz_swing_length__log_exposure_sequence,log_exposure_sequence,absz_swing_length,all,False,False,ok,591,316713,591,0.011753145309828144,0.04206430181690271,0.19507473957312232,3.5081659799374165e-13,0.2,0.15
2026_full,absz_swing_length__log_kernel_h0.5_m5,log_kernel_h0.5_m5,absz_swing_length,all,False,False,ok,587,316713,587,0.05129653746246799,0.029167302930007286,0.043052371163380045,9.761084787673902e-09,0.2,0.15
2026_full,absz_swing_length__log_kernel_h0.5_m20,log_kernel_h0.5_m20,absz_swing_length,all,False,False,ok,591,316713,591,0.04077340367169699,0.02646807224679456,0.057240457540860976,7.504454710427488e-09,0.2,0.15
2026_full,absz_swing_length__log_kernel_h1_m5,log_kernel_h1_m5,absz_swing_length,all,False,False,ok,590,316713,590,0.04879133364913689,0.045101638921645634,0.10202111081865126,1.8836358722795765e-09,0.2,0.15
2026_full,absz_swing_length__log_kernel_h2_m5,log_kernel_h2_m5,absz_swing_length,all,False,False,ok,591,316713,591,0.04599154278177525,0.051585612691708596,0.14075008213265705,1.1624901041784597e-10,0.2,0.15
2026_full,absz_swing_length__log_kernel_h2_m20,log_kernel_h2_m20,absz_swing_length,all,False,False,ok,591,316713,591,0.0346213628330061,0.041672910417864674,0.15986246473765103,2.1278201423058363e-11,0.2,0.15
2026_full,absz_swing_length__linear_exposure_pitcher,linear_exposure_pitcher,absz_swing_length,all,False,False,ok,591,316713,591,0.007912415918859068,0.015387935952766083,0.2498423591016257,2.5673907444456745e-16,0.2,0.15
2026_full,absz_swing_length__saturating_exposure_pitcher,saturating_exposure_pitcher,absz_swing_length,all,False,False,ok,584,316713,584,0.05455830506115035,0.0851232651016949,0.21013157567024746,1.997568777056813e-13,0.2,0.15
2026_full,distortion__log_exposure_pitcher__speed50,log_exposure_pitcher,distortion,speed50,False,False,ok,589,307549,589,0.017785133404130512,0.03383263229938315,0.12109006227653311,2.607069421456387e-10,0.2,0.15
2026_full,distortion__log_exposure_pitcher__innings6,log_exposure_pitcher,distortion,innings6,False,False,ok,557,213640,557,0.03284346757093334,0.05252011894144562,0.1734868429344578,1.2344250621687536e-11,0.2,0.15
2026_full,distortion__log_exposure_pitcher__innings3,log_exposure_pitcher,distortion,innings3,False,False,ok,496,107001,496,0.03679825690824305,0.06686369571382501,0.11680104975153366,7.928764311770919e-10,0.2,0.15
2026_full,distortion__log_exposure_pitcher__recent_similar,log_exposure_pitcher,distortion,recent_similar,False,False,ok,538,157787,538,0.036080752429783244,0.05059637459465763,0.1241143688259469,7.82967718437888e-10,0.2,0.15
2026_full,distortion__log_future_exposure,log_future_exposure,distortion,all,False,True,ok,591,316713,591,-0.05592036869347349,0.04400891640113026,0.21609519774241118,2.5503904543811018e-14,0.2,0.15
2026_full,distortion__log_irrelevant_exposure,log_irrelevant_exposure,distortion,all,False,True,ok,591,316713,591,-0.004079131945627899,0.052324005903510454,0.24921961699832715,2.636779683484747e-16,0.2,0.15
