player_id,estimate_a,se_a,n_a,games_a,information_a,estimate_b,se_b,n_b,games_b,information_b
457705,-0.0840785199141326,0.0807929478894599,978,133,140.0927230123567,0.2865316581438288,0.1310747355455314,157,35,24.241930601217184
467793,0.0055484123869044,0.1069296677519006,842,122,104.99336087154876,0.0043300706539358,0.2362913184566188,54,8,7.070759406568742
500743,-0.177342764834496,0.1095996100454253,488,108,53.075625968188305,-0.4019186429725065,0.1344269445633276,397,94,51.20534798581053
502054,-0.1847227834068082,0.1493001899525652,715,115,99.5967352547686,0.0859554764913497,0.2542238754351942,45,12,7.025109327961217
502671,0.0345981687138965,0.0692872617005161,988,137,135.92887965286545,-0.1101622073764986,0.0850490667120389,694,97,108.1392701460618
514888,0.0593546286357019,0.0618501927057968,1070,153,162.5828213649335,-0.0098693448770912,0.0862422116025847,888,129,142.12113284887192
516782,0.0412911030397758,0.0934340046583794,605,95,80.85410919196016,0.1874274969483683,0.1267409521968885,336,55,48.23930616589884
518595,-0.0587769931538222,0.1204344693878324,459,67,48.779339255084025,-0.1072283360488411,0.2818746656876387,151,30,16.975473999920197
518692,0.0140115475610609,0.0684939112158044,1211,146,149.50444391708072,0.0478497760836174,0.0548970715491289,1302,148,233.3682264294311
519317,0.0742102160077635,0.1258208659785472,495,76,59.12910335723236,0.0872782907903378,0.1941701798022068,172,24,30.790591820545355
521692,-0.0631394672996464,0.0690668344280918,1277,154,160.58601743543528,0.0195194404273262,0.071342540523471,1245,146,195.6984451338936
542303,0.0860253543791987,0.0910395134859313,1011,143,156.88060338164476,0.1114723416606251,0.1027928331753939,522,69,80.53179470726499
543309,0.1468651078512525,0.0890062856735353,568,92,82.95799246025902,0.0586120504965795,0.1276646125291907,326,53,43.557333454374465
543510,0.0224570722984877,0.1292829180766624,241,38,30.36505336292089,0.0484879070893339,0.1880608364154889,273,42,30.209562171210052
543760,-0.116179202920632,0.0963473070481248,966,127,151.81216474949565,-0.0440616509834913,0.0674562428768139,965,134,137.35072288386863
543807,0.0813278850938517,0.0866140973499819,1025,136,145.69757646387802,0.0921963153787086,0.077233891108077,933,120,161.15602340715753
543877,0.0822784570753933,0.1272055085744892,349,62,42.1110015896527,-0.0074520179376011,0.0985148618645692,468,82,68.00933914133296
545121,0.1588290484097642,0.2981930830509534,209,36,17.479102045469347,0.0608523603705259,0.0604642168920777,796,127,102.7533311859716
545341,-0.1749124207481744,0.3136941681127971,513,109,67.81862173103141,0.1749442590896525,0.1020026124623753,497,107,73.03363400978992
545361,0.0334411453939251,0.0840061325653459,952,130,143.70173502258854,0.1304776097503786,0.0776959430134402,1026,137,175.61144286379118
547180,0.1308418654428568,0.0621103777441039,1147,132,184.6866243916147,-0.0663265566080918,0.0589312137039512,1285,154,230.7415763033842
553869,0.126068695145025,0.1304127322471366,531,96,63.9129954869525,0.1128784056953051,0.1052688877034864,476,71,52.22254064142757
553993,0.0533620250611382,0.0851115838594084,1281,157,175.14609249847751,0.1176332337315829,0.0863645855720652,889,120,122.59747431535516
571448,0.0433810408978306,0.0739502231998154,771,106,107.17146336091446,0.0531862287709731,0.0686471730535049,1030,144,161.1877705896864
571771,-0.0907481513481522,0.1126044786694861,517,84,54.91787359306625,0.1557064515320045,0.1898393533992266,164,33,22.96613445469351
571912,0.1496287040389234,0.1919707892899983,91,19,11.86357599703248,0.1302894573369641,0.1563762821849037,70,15,16.375593438957235
571970,0.047674650951092,0.1122064348998366,672,99,86.86843331196637,-0.1774465335681556,0.0790796519062897,951,143,147.55685772743834
572233,0.0155100536586371,0.0653287229186259,1285,153,170.32259215177135,-0.0161272728833752,0.0663107134071314,1183,149,183.07021477679737
573262,-0.008093474274447,0.0717373260520217,936,143,136.81354473279254,-0.0009468762070307,0.0759761865313103,691,130,99.93225650562992
575929,-0.0158495324116223,0.0788982773424158,1028,135,153.49882898110764,0.0606471702146257,0.0619370121060936,987,127,171.4731535375131
592206,0.1123376165102783,0.063704082138786,1242,146,179.32139897666582,0.2047681847625826,0.1991586752050023,263,39,27.50483033804462
592450,0.0925511732907636,0.0630524181321594,1126,152,175.56514790810337,0.011958579196465,0.0738982608024477,516,66,91.92506475314636
592518,0.0666027141973266,0.0550437654374155,1311,159,194.53965833665865,0.0882403284875386,0.0983330376136468,1177,150,199.5761697763121
592626,-0.0844247046984355,0.1120989438960837,532,95,74.21705364493445,0.0614770194259888,0.0731325835972285,783,134,132.9628478518469
592663,-0.0055050718516047,0.0724764527832189,1036,133,136.26230641175513,0.1102759578465282,0.0836069214809566,780,115,124.42728990427034
592885,0.0516549748053153,0.0634069546000313,1170,149,171.27531508230186,-0.2206108923776633,0.0718602977961657,848,108,156.5087194945283
593428,0.0592456201118134,0.1160510661264619,825,136,104.75322769563296,0.0295254824546094,0.0897009381377865,828,145,122.79581556253189
593871,0.0993071847752686,0.0779549543656077,892,134,117.09325015834996,-0.2149674871064733,0.1433892606385821,251,37,40.302419663536114
595879,0.0376927561440232,0.0813162008296824,822,123,99.09772053100912,0.1827793312757672,0.1505823003566183,354,53,44.70133578798321
595978,0.0039927896190957,0.1652343562608179,337,58,46.688821471333384,-0.0590506768190302,0.145298676380266,381,71,53.51496396583346
596019,0.0353184765039823,0.065423821553012,1308,159,189.30653011711064,1.101353862512787e-05,0.0701278821139121,840,98,135.62468891071816
596103,0.05878618203748,0.1603292533015591,315,59,39.72440503375121,-0.0811784272760824,0.1959956939713495,131,28,21.039854216438805
596115,0.0561531349956302,0.062161319111636,1293,156,179.77770945361982,0.1322577289673778,0.1387617665477573,511,60,69.0501318742557
596142,0.0426679651955051,0.1373358911437556,162,28,19.178868314064765,0.2968408995648926,0.1445023629688265,379,80,46.464602949993306
596146,-0.0112056983071823,0.0830834217423847,870,126,111.63386849944052,-0.1979208955708204,0.1594277475973352,275,40,42.005141746517936
602104,0.0708417389331239,0.1195898888124304,709,109,83.66821775900696,0.0491444812082503,0.208328266624641,171,34,19.32893119014078
605137,0.0070881678548959,0.0649351502189785,978,138,124.49386409034052,0.0808142298521491,0.0582287580465816,1164,148,195.46824633006344
605141,0.0152539778669861,0.0997585045730887,962,150,110.75256310006873,0.1379149203607492,0.1289507960927423,718,116,106.758980129154
605170,-0.0195133808236281,0.0966978278628216,652,111,81.75517006103263,0.2991779873818084,0.1076015903554978,593,102,76.73290805922909
606115,0.023711040986142,0.129711088207731,405,64,45.19361119154751,-0.3745450571588773,0.1082430118894662,83,17,15.956723654883524
606192,0.1070581578465103,0.069192441718543,1046,134,144.79800669969254,0.0024962096895484,0.0802362649071326,869,119,124.14496319758824
606466,0.1291865419498893,0.0787660768488443,936,126,124.67430789601644,-0.0069870906284967,0.0544521369311083,1019,133,171.16501081354102
606992,0.5763329737294607,0.6785195109564046,157,27,23.570818058758505,-0.1320364151395915,0.2056937874985742,149,26,20.329184665307928
607043,0.1578827145937474,0.0754739690259296,1182,153,151.52231021337155,0.1757994241694942,0.0843868080817103,1193,149,185.061655786346
607208,0.1029395226330463,0.0653775754639221,1182,141,174.72598400486544,0.0560034793582201,0.0665612865646319,1236,149,216.66348914794168
608070,0.0099416242704324,0.0810814300492257,1191,158,155.9952523139916,0.0439639211046415,0.0795538075928779,918,119,147.42012585536924
608324,0.0647581985623943,0.0643642503472335,781,114,116.07244704540196,0.1117270155559223,0.063144275789484,1125,153,199.62740350974968
608348,0.0326352102676012,0.0515485627314322,732,108,88.72588765838044,0.08962826537316,0.0524280787265392,707,110,99.25866483985764
608369,0.02302319897708,0.0629133914808394,817,102,131.078272246729,-0.1255065137408245,0.0670676014256938,777,95,133.89047433631123
608701,-0.0035561284497074,0.1292355995461546,359,68,49.815895572104736,0.2507984175386202,0.1595769251583318,227,52,30.34679489985033
609280,-0.0456007721538825,0.0911238630115086,640,93,86.24090922786719,-0.1219392677811847,0.1654566457294409,480,70,62.7718015964227
620443,0.0073520673582835,0.0920637137610275,522,87,72.64134001078202,-0.0362356779645731,0.1131343767563769,498,83,63.01674469910737
621020,-0.0870493748967337,0.0691874469385331,1253,159,160.92682237404665,-0.1188665733416033,0.0680191940232491,842,120,119.89568952392868
621043,0.0805582912558087,0.099592987006305,1024,142,124.23168152755204,0.0738153485902542,0.1601230324024234,254,32,38.6086384194829
621438,-0.0632351589553932,0.0983749854069528,590,100,64.1522916868964,0.1907323164871267,0.11624356117541,407,84,67.42834903808384
621439,0.0962655081837483,0.0803611511191794,1031,126,137.28558013041416,-0.0766580993679776,0.0888165307679569,762,92,113.17577074164772
621493,0.0496289512027103,0.0625221022664434,993,156,157.12525800772266,-0.0132967030165075,0.0823349824238348,835,139,142.52689073263556
621566,-0.0146142842430606,0.0649133240113369,1385,162,216.6415684338275,0.0374134565462447,0.0629179888000905,1293,155,221.5934738064527
622761,0.0961149329227788,0.2231318537840595,163,27,20.395528474481345,-0.1248593934153284,0.0849630354391554,418,73,69.16517043881589
623168,-0.1622177300202959,0.1178859657914664,305,52,41.704861923945145,-0.0089604855007269,0.122049598970097,343,64,36.61838071894272
624413,0.0174552582514376,0.0611894081309133,1250,161,180.5006496254179,0.055754503151493,0.0542839792607884,1215,156,185.2425692671183
624424,-0.1114166465144866,0.0888317890042204,914,137,106.10029862829282,-0.0270038504019921,0.1010504906699602,498,104,80.8172362291269
624428,0.1138343274137845,0.0868466636611979,902,130,107.27575215927828,0.3409606081515564,0.216633960519077,285,57,31.457357503552306
624431,0.0316056033725856,0.1058862454706755,478,88,52.422076100536174,-0.1336553239735623,0.1666121782370012,255,46,26.70914096925415
624512,-0.0180564880057364,0.0989441363513936,261,40,35.530958755413,-0.5244000079738396,0.2170281266575911,53,10,4.194968722878082
624585,-0.0462231486656837,0.0799661658818604,571,79,91.82845918947636,0.0213062883424881,0.0709829838636723,685,86,118.52569819993904
624641,-0.0826267387105746,0.0926023605194033,523,84,53.3248993472545,0.0166955401004684,0.0876384979144761,526,80,74.52305008610492
628451,-0.0489344112627164,0.1290859616090573,362,85,38.02185358784141,0.325852442319525,0.1284268081579225,51,12,9.44544415535361
630105,0.1709220979045129,0.0826370580562811,893,134,134.79617249391384,-0.1256210025654179,0.0879204597710443,695,100,120.12492241863136
640902,0.0442650912541897,0.2203478162019039,135,26,15.161842500451169,-0.0100929256783891,0.1066273304482549,181,28,31.673115513019734
641343,-0.002150880490294,0.079007916779358,381,82,48.87654348036071,0.0019018309241078,0.0793973253228238,887,133,158.55789919512284
641355,-0.0206744266942635,0.0486167854302212,1233,151,189.31759723607888,0.0544022484241722,0.0711963834880021,950,128,124.3975401997011
641487,-0.0430497070729156,0.0718054422800563,1181,153,166.2830698798349,0.2853248106133515,0.0654888518985783,735,110,123.56445385811236
641555,0.0235706756043526,0.1785416279350818,162,33,20.363981554087474,-0.1543996984296877,0.1861287145780071,154,28,19.22026324188896
641584,0.146884986999611,0.1415818989645045,378,71,38.54163234816423,0.5212714506837387,0.2652008203319184,171,31,27.44102115141887
641598,-0.1298832419551816,0.1613372426977702,464,84,49.880636268779426,0.0453101086492809,0.1251814338314401,258,47,36.724666070977655
641680,-0.0512710923831339,0.0879214876403498,821,122,99.74147179864404,0.0170802931202879,0.0703159370209867,653,94,96.4728943795672
641857,0.0342761566534425,0.077892076197231,1109,150,171.2507173166867,0.0257460465826878,0.0795277369743193,638,109,90.6708649046098
641933,-0.0530786435107537,0.1190438299413509,382,54,42.784676019677825,0.1759511153692754,0.0837906957532958,484,83,66.69598686004814
642086,0.1150723618340773,0.1273834691535676,413,63,45.9516192647298,-0.1445500245422065,0.1192796146524592,540,99,64.52106716710912
642201,-0.0441307327075292,0.1061422543969691,508,89,68.5976422115452,-0.0078560929716809,0.0780529848675561,409,80,64.92517159399168
642215,0.240964519330036,0.1153118747038762,225,46,37.51834475154178,-0.0089473508973678,0.1176973776445961,329,60,51.555763015058645
642350,0.3001638134733908,0.2945331458550629,80,12,7.720873541152591,0.0965213161858894,0.0837772422761793,461,85,57.40596997902677
642708,0.1199587617320076,0.2029914014946072,346,60,35.90439164845667,-0.1180819802992126,0.0892941465446866,453,81,72.5498661964366
642715,0.0381072461304309,0.0664508014553327,1271,159,175.59000205449897,0.0872215909335358,0.0711284350274277,939,121,148.99609143819794
642851,0.0599468674801644,0.1369094410581635,219,35,27.46707189771243,0.0012915687417512,0.1060380975098669,173,28,21.31465379957242
643217,0.1481795388641074,0.0857911102895633,851,116,100.07899071915386,-0.1213911694185743,0.1441187189173196,872,136,126.91846592601144
643289,0.0614613132637186,0.0724781408731008,693,118,95.145559510436,0.0432637661018888,0.0641574411238849,1153,147,155.760227169505
643376,-0.1054726401495882,0.1130139541430704,565,97,69.00330949899929,0.1632461118102696,0.1456415133005839,351,59,49.666616879781834
643396,0.3206488226267602,0.0828964396075599,761,132,73.71545301026438,-0.0150352250451911,0.1368343584777185,278,52,35.18945692238375
643446,0.0490177614754554,0.0758894669251969,876,121,124.44121658113772,-0.0334021132151161,0.0730472367122127,983,133,131.46933067585076
645277,0.0053389600818448,0.0810187048566583,1243,157,159.42920581514358,-0.0277164137547702,0.0679042824606862,1333,155,208.81511683047336
645302,-0.3506145328927595,0.2829800620955607,207,29,21.432877714866414,0.1549510117203502,0.1505773021371659,265,45,34.21499053572296
645305,0.0526439014062884,0.3631848430718509,46,9,5.743100915813349,0.1760748646086574,0.1599736781645363,135,34,15.465604941626282
646240,-0.0287990745384653,0.0543163513130094,1408,163,246.5584849129563,0.0475911690344188,0.0506544676435972,1200,148,196.84950369803892
647304,0.1077253859267772,0.0890097470335159,1031,144,125.9492824743668,-0.0427256049741997,0.1067380049248043,1034,146,147.48596087006297
649966,0.1242013344328922,0.0853373257469349,542,92,69.97236677803866,-0.1918601145415005,0.2765240257765487,115,22,16.187360621135447
650333,-0.1268973566882364,0.095250563599896,1149,152,176.80502148112228,-0.0711569506610742,0.0695763013626182,1119,147,168.55049677992645
650402,0.0698203537793684,0.049583737061181,1055,144,179.7581389689136,0.0069673865104138,0.0822942935059766,724,92,118.19288264401422
650489,0.1336602817178707,0.0857336353876749,897,119,129.26189575368,-0.0203577768753758,0.0798305468427597,974,116,154.21758379410716
650490,0.0176073819601986,0.0583256219872059,1090,148,159.0308581064483,0.0377415952482537,0.0557777761373223,1154,149,197.51626205099797
650559,0.5909778862806615,0.2759583808900177,96,16,10.747180851922362,-0.2471888485658936,0.2022270714219051,148,26,18.49814838411776
650859,-0.0449192623087854,0.0828608974597093,1007,145,111.4292177310684,-0.0159638740510843,0.0936565663600941,630,91,83.28698451604629
650968,0.0516848346671524,0.1567545012400862,356,63,41.58228652788892,-0.1741039554056833,0.2894590074679404,116,27,11.467423713255403
655316,-0.0182066269290149,0.1400231616791609,257,47,26.987039229911097,0.0094723157951816,0.0731019311071215,652,98,102.00000898532542
656305,0.0136641285008004,0.0952679613675474,911,127,141.09120140891108,-0.0517192452142762,0.076657585330667,607,84,102.0108399348401
656413,-0.1848490036863364,0.1683995534515464,91,21,9.907907740011025,0.5985754029809591,0.3627568104020814,40,11,5.088587297382564
656484,0.084143467944696,0.1082485715974989,158,27,18.01532868254449,0.2294284691078843,0.0822191578545614,390,61,46.45927611030061
656537,-0.0713913004275465,0.0938740920883353,296,48,43.00731849941878,0.2281872300993195,0.1106195432774956,393,80,54.13960186898713
656555,-0.0005459596682056,0.1457176756496187,562,90,62.91577376310531,-0.0225428709233227,0.1217692756485368,548,93,94.86126234877122
656577,-0.0898705645723913,0.1298641303165449,189,30,25.448387651703325,-0.2651675054522716,0.1261091633938178,142,26,16.71551583167039
656582,-0.0996929423903672,0.15658423999758,134,35,20.976994864493655,-0.2595800223693882,0.4024350865704135,83,18,8.611914239445749
656716,-0.055979812193214,0.0721285153389931,931,142,129.9998892864336,0.0050653179056459,0.0784101456899152,732,119,101.0188406040563
656775,0.1076124093610857,0.0848820712232503,957,127,129.80836281633546,-0.0397741429753384,0.0787341980501462,892,125,112.79102213590758
656811,-0.0959253194034912,0.0703999960835946,996,143,157.10398009002245,0.0798012677818233,0.0894124869294341,762,104,101.36137657163376
656941,0.0818590272094352,0.0872816764280689,1260,162,205.3266890091594,0.1185869571350244,0.0595975315719406,1250,149,254.8901155377256
656976,0.0487140029218172,0.117189321688126,497,86,79.4378397104226,-0.0419601031478975,0.1466752306809368,186,34,24.378454133733364
657041,-0.1163381627717367,0.1570585876312465,235,38,28.674869539731535,0.1059915715653447,0.0753423827026137,623,112,104.3569496261297
657136,0.1595078962338792,0.1415498148498044,349,55,38.574822094244055,0.0270927938047732,0.1368752165572586,402,68,62.570165974655616
657656,0.0781878687524269,0.081535285958216,922,129,116.86232254644392,-0.0785598339105269,0.1259698701520017,397,51,54.84909843344012
657757,-0.079044004448792,0.0775065576539724,1010,144,159.30011798173928,-0.0460936266478249,0.1382831239077233,733,120,121.00258172864648
660162,-0.0256327155776457,0.1453135538493332,495,82,74.37195712416975,-0.0219639961593781,0.1626663190187636,210,41,30.82324306283972
660271,-0.0113719925080549,0.0603032615789612,1276,158,171.49513643680342,0.0987443788808931,0.0595293704952206,1049,130,174.96442895658913
660670,0.0935119335117038,0.0796851696255572,786,95,120.51588853456651,0.1713384257349673,0.0868012852923868,870,102,169.96762079225627
660688,-0.0863974415427407,0.1192068609362459,458,68,54.03770264864825,-0.0924416975745989,0.0889306061559059,561,97,70.4033192805098
660821,0.2168150246555541,0.1260942622839648,914,133,130.3318319309887,0.0551301851487411,0.225230514304681,579,101,81.34857970134014
660844,-0.0283830736959477,0.2359365772516381,166,36,20.88867786689031,0.3554223446247456,0.2324595538120073,207,42,18.3755400512743
661388,-0.0528217810622366,0.0607519872559027,1172,150,155.3745990596762,0.0180018405235931,0.0734557079170857,998,137,156.8917037075551
662139,0.1000242683277826,0.1082738254351097,499,66,61.422427867273214,-0.0331918185503703,0.0565574207213031,996,133,146.49211255824017
663330,-0.0261949165791572,0.1501114453915814,259,66,35.929765375569254,-0.0975491677988959,0.1538368239579095,296,87,30.185649605825688
663368,-0.7852755624871375,0.6400166080688628,263,46,26.438794027192788,0.1920180691928967,0.2187777722822103,166,39,17.89309751202031
663457,-0.0010977030866281,0.0742917920830346,897,132,140.47682061262896,0.0649642877419697,0.1268913683592827,475,85,76.17766121953915
663538,-0.0087990853119604,0.068706183793117,1095,156,146.39634251286353,0.0257108332582708,0.0529703032611997,1096,153,168.80195467398974
663586,0.1299132071196585,0.0743625109001635,890,102,132.22216596939847,-0.0194581288817743,0.0606937110494898,1162,152,188.97140484931188
663604,-0.1655200741677592,0.1564668953481186,285,51,37.06268116496735,0.0431004944002275,0.1114650121419989,201,34,28.31176553478571
663616,0.1596429709436166,0.0927220000742246,955,141,125.93594064060603,-0.1803485391383418,0.0884216209507628,722,119,124.06462861691416
663647,-0.0132997848712549,0.0691225355939054,922,149,113.5198749042876,0.1115375013557555,0.0918899723118528,379,73,51.87318575568855
663656,0.0748658671617945,0.082201732914869,1026,135,143.37853913216037,-0.0410900227884022,0.0697188193580036,1130,147,174.0720029022848
663662,0.2382208942709221,0.2310052829404516,84,17,8.95649087435828,0.3705063816997279,0.3359577512324633,49,8,8.244103568526604
663697,0.1483390253769644,0.0936568304256873,920,133,140.73574396906477,0.2075256882794636,0.3625031456396859,91,16,6.999473756621325
663698,-0.0222275911782674,0.0908902269998723,521,88,78.08028067862924,-0.0123501386072604,0.1456937913921279,224,42,28.639187061208947
663728,0.0768276808555376,0.0709163368781183,1423,157,209.1447142284907,0.1432212529361004,0.1103669484499624,1083,121,164.89484470052426
663743,0.2067597554700663,0.139714163137972,413,82,43.716484241005034,0.0193056655271504,0.1190682008434553,525,97,76.3462460071887
663757,-0.1306744653630462,0.12524790810322,895,134,132.64582420135656,0.0432590189422519,0.0886299162585179,748,119,126.2572828526932
663837,-0.0539814658089005,0.1336064036569529,192,31,23.24502366520188,-0.0131684402886498,0.0641271547365391,522,84,80.16396784595838
663853,0.0795880703124696,0.1070265488879027,653,92,82.4064376683323,0.1583688464538772,0.1845053775494385,148,19,24.88412504950316
663886,0.0529614362577946,0.1048936603808161,589,87,77.38510452716375,0.0054918868215409,0.0983757589353191,799,124,121.32211909190649
663968,0.0641218959923795,0.1155810445923258,848,115,107.03855220674753,0.0618424809646821,0.0739641287581985,934,119,138.83736823787893
663993,0.1353972446359044,0.0768588629167389,1146,152,142.25786130663698,-0.012288948862022,0.0877437861652066,775,117,112.0926903607596
664023,-0.0061686239060249,0.061438577165528,1154,150,162.40778768034855,-0.0817770524799329,0.0722656615743659,1128,149,180.42283424190344
664034,0.1411221577455712,0.0665640226638134,949,134,130.87075994188808,0.0379133882402166,0.065039446341267,983,121,160.76433318691446
664040,0.0389915559137319,0.0636867701464711,1163,133,169.8916308003097,0.0204327508287576,0.0978489561243888,1268,145,220.2737611230004
664056,0.0670582913396536,0.0750527412633637,922,135,105.58539867000177,-0.0336891818447729,0.2345451475032388,222,30,24.728189680487233
664059,0.1466211832408386,0.1479386107131447,312,56,41.41349867017957,-0.1932248397408274,0.2900871803749223,83,26,10.064841662942952
664702,0.084262985403204,0.1331836577939578,476,100,52.49576538252621,-0.0594454105649382,0.1070409716211215,455,119,63.93753200482666
664728,0.062595805442662,0.1409509316448714,610,123,64.38996751499991,0.0182682603633026,0.0884691158822221,481,92,57.43180492903214
664761,0.0789828561373907,0.0590292334895906,853,120,106.92962799261956,-0.1749854546603625,0.0884005966668588,996,146,142.70926294622714
664770,-0.2113641133200943,0.0867210777458249,773,124,97.40117902449845,-0.1401877310937346,0.0758214638105115,803,115,124.26952076878378
664774,0.1854125931279231,0.1356645814767957,412,74,45.77153568640293,0.0607660620759975,0.10486865582525,254,52,45.469054853096736
664983,0.0078904701946774,0.1230167658861387,383,65,37.3151313114301,-0.0545334018710811,0.0890192822445516,1015,136,162.82406091683606
665019,0.0202999787611163,0.0798239086092119,724,111,82.32759882553974,0.0410051825737586,0.0485371319293217,1054,134,165.90309224064143
665052,0.1484351481315469,0.1581365612538874,153,24,16.417021723400197,0.0932488697510319,0.0960493921741718,545,86,79.35138651056819
665161,-0.002164387756223,0.0634089807094852,897,125,124.7132348921818,0.1018840280057924,0.0510478979081862,914,105,172.20882503834864
665487,0.0546238705720777,0.0731902001962186,1152,155,171.11786259972746,-0.0278713516830119,0.0984614690964235,1063,151,168.75538136801993
665489,0.0770605659745252,0.0624014493525694,1021,155,130.14670648916135,-0.0225298166751014,0.0722181477246783,998,141,127.3109242266081
665561,0.2978177424647619,0.2810861143393656,200,39,22.10068851923797,-0.046936231921219,0.1970882706209064,181,31,18.70577372188237
665742,0.1170646037875432,0.092629803796267,1022,159,151.7863550320758,0.046552646331058,0.1178366502113918,693,104,113.47772002589775
665750,0.0355771125690097,0.1244759024319474,336,54,44.34313089552734,0.0351404376199294,0.0790135542860941,832,129,102.8990424543532
665804,0.1100847336024112,0.2450413807443144,204,28,27.096270538966984,0.2373761051891039,0.1062505155874307,432,71,59.54170245652194
665833,-0.0068140545879959,0.0831208258016389,904,133,131.31327570617526,0.0132430095655876,0.0806667594085107,699,92,113.49129176054484
665861,0.1713018731570886,0.4577091993990329,78,11,9.908679882852898,0.0133641428205339,0.1584140457206472,133,19,13.20935564238972
665862,0.0922270281045715,0.0822331615634679,974,130,118.39933096812008,0.1659824214721129,0.0928653595253493,934,132,121.52650669394754
665877,0.0356095473652038,0.1503437429114185,96,27,13.39503619496656,0.0768751123582559,0.1011022851152113,572,108,90.9947778827775
665923,0.2673790990507295,0.2049795281981836,45,11,6.7267842862516085,0.0165021593066199,0.110594420792025,420,87,54.81942139827843
665926,-0.0022131978496301,0.1280907054411807,713,97,97.15236853851306,0.1282627255623282,0.0716211237832941,976,137,118.16836372651446
665953,0.109651510750492,0.1490004819380486,141,26,18.67114695949793,-0.1456583558196074,0.1276506147142191,397,75,56.504821479021096
665966,-0.0787107184600081,0.0802674494260216,879,117,114.50543502939348,0.1236733204802711,0.1258759109290889,558,85,67.48854523627988
666018,-0.108959041049586,0.0845495231089237,815,106,104.96934033365244,0.090655265773829,0.0540312206005665,1168,149,211.56455976787817
666023,0.0395650310601313,0.090858174631306,692,102,100.31696975626583,0.1350818270423063,0.2156035359649191,476,75,65.94196804471989
666126,-0.0023314960009483,0.137792850796989,175,37,33.69962321757957,0.0796941253348087,0.0776256009404886,638,111,100.7034576367474
666139,-0.1062467164884145,0.0861392135369425,967,108,127.85628919780277,-0.0242447507167129,0.0798035701526871,753,103,118.53700378664988
666152,0.045572903604654,0.1394957906915086,310,64,29.927049555609713,0.2324361843918898,0.0875767226125845,580,103,81.28273959801821
666160,0.1451108425376088,0.0739329639260695,889,132,112.64946263475078,0.1033584630761016,0.0633063203360703,858,112,125.14629744111052
666163,0.0613008029396765,0.1182954221303621,225,41,35.467642767078324,-0.4008202864891166,0.4718249026180161,43,11,4.011729421963015
666176,-0.0394322637685966,0.0783330807022148,1145,149,146.87560112482333,0.1167598354073562,0.0610328512588915,1302,153,213.4170512443053
666181,0.0031784452224967,0.1475570315005968,470,84,59.73685081095164,0.0884643688915179,0.1417767481813241,201,44,35.493798717179885
666182,0.0169956396342129,0.0762026804626233,1177,139,150.8029463463333,0.1461108248523852,0.0717579188701389,1295,154,205.32744463743012
666211,-0.0491251381148179,0.1456424628572909,242,46,27.84860881460827,0.1527023311561134,0.1255414203139967,490,87,75.61509762157765
666310,-0.0622842056951326,0.088801853844885,774,119,93.52660331898096,-0.0887346484669192,0.1515063844657736,187,28,21.595089600639337
666397,0.0848385358731844,0.110783488714417,348,62,49.05515281934893,0.2895655430660944,0.0886813799955679,450,81,75.4747281544673
666464,-0.0642265847610898,0.2884346892210122,93,19,9.145154170576696,0.2537394472802258,0.3697106533792216,83,15,10.620685175393174
666624,0.3808403156159483,0.1632307055376635,614,99,71.10854075414483,-0.3656630317509655,0.1945437999661835,180,34,25.32206611705917
666969,0.1336250372854896,0.0735923849273714,1108,134,148.9759085577681,0.0819125360846586,0.1049152840876028,488,67,66.22190392373136
666971,-0.0127799384541504,0.0916006483304588,1026,128,110.3334156070649,0.1884062804515413,0.1607156780936171,363,49,43.708111426198755
667472,0.1629980614108622,0.135520223080835,516,100,60.664834952986546,-0.1154275947116415,0.0905322792869591,524,101,87.203914749323
667670,0.1620573292732138,0.0751784037288575,1251,161,171.8115243457518,0.0955586301355892,0.1074837197378494,344,47,60.03823430407984
668227,0.0531594541123128,0.0823932598128575,1214,158,175.40628398887495,-0.0034628658972799,0.0834544518194662,1161,148,194.17052396712108
668670,0.1427970535872628,0.1122135044654302,247,45,35.143299536341516,-0.0318359224821542,0.132872488461879,282,54,40.4576549355284
668709,0.0239745406927682,0.1041136123106133,576,96,84.19523615512054,0.210330808385463,0.0688943549328742,936,127,154.35689786590066
668715,0.0670115404962707,0.065928151823017,1091,142,142.78910324019648,-0.097238831332453,0.0813247952462558,676,97,94.41567786889868
668800,0.2367659816294054,0.2661390519498408,150,30,17.625146872072573,-0.2352883150905838,0.2982687335181498,119,23,14.873074961674073
668804,0.0808678786722831,0.0939439376381583,1269,153,193.21913061200215,0.120941335291409,0.086344581693715,1228,156,185.2385699913985
668885,0.125209857322597,0.1880898173758087,271,46,36.80271039144911,0.2131668079077527,0.0919989185964287,524,100,84.73082512504604
668901,0.1076872513943,0.0796247661550123,886,120,102.49703082463192,-0.0315176755085246,0.0830146591565852,543,83,69.27128657879344
668904,-0.0264897560001674,0.0802892538272889,756,105,85.9094113690595,0.045577640308719,0.0638704739008795,950,119,142.50564758064868
668930,0.0408637426098093,0.0692221480622931,1192,155,192.19763338245764,-0.001685349108944,0.0620841530537425,1125,140,195.29780134085405
668939,0.0273073285493852,0.0900544502457895,586,89,75.39738841456594,0.0502040292496323,0.0867298305442808,642,94,93.61314840302155
668942,0.0576934612054609,0.0863164903036539,353,63,40.571674691249605,0.0049154333477472,0.1529619574397023,194,38,27.775549872192705
668952,-0.022588283913751,0.3248397571169061,88,15,13.675408524140272,0.2261755747366227,0.0836844913432294,487,85,65.66297082983965
669003,0.4248962553464558,0.2336579272014235,131,23,15.797953126992368,0.0408965315068004,0.05115560181086,867,134,128.6378328802578
669004,-0.5470997662707577,0.8278828385232825,117,19,10.824422618732829,0.085664781794292,0.1590502279657009,284,55,48.18383242359367
669016,-0.075989497102562,0.0963483952320597,760,126,86.84011714097346,0.0456147849567654,0.0648674926514788,1039,146,149.58547902741427
669065,0.006952839282922,0.0692748953101275,903,115,123.72962674463908,0.1984904924463703,0.0611795462605709,984,118,175.6067165496608
669087,-0.263804801327154,0.2441129573596606,105,20,12.679010310231067,-0.0556333541401277,0.2132122809443525,73,12,9.338406113979694
669127,0.132540982209832,0.0568198504689177,988,123,147.20274730289577,0.1184456064358931,0.0580051964614587,776,95,136.36361774116634
669134,0.3976974077415646,0.5193629108629718,43,9,9.484696831208868,0.0164980319959714,0.1354046014278173,411,66,58.55095765829495
669221,-0.1433636788240152,0.143155084869624,640,93,77.07874725046196,-0.1301889318333538,0.1415348733496099,186,27,22.148219065153786
669224,0.1522640321947504,0.0783440627106552,894,118,100.75222473140632,0.0287049334077839,0.1228286239109502,699,117,100.83445997603522
669236,0.0510884720908441,0.154257853535038,355,47,49.80198757293311,-0.064916555488618,0.1419267573757677,554,86,64.54824599977867
669242,0.0829670696648052,0.0897227299063396,628,96,76.31305075512796,0.033903919145074,0.065755380907939,524,76,78.01897823050854
669257,-0.0522305373686347,0.1010269415670254,729,109,91.49258906774185,0.0181280219467417,0.1096061479212288,446,67,65.63870343472334
669289,-0.0316525661659232,0.1120354202997664,551,101,72.09482767558691,-0.0491189901330045,0.1852242678706934,105,26,18.660469251270353
669326,0.0360228039246492,0.1385855881442746,311,49,36.04266619328062,0.483791811377238,0.2902995071728498,92,21,12.70803775660884
669357,0.1111672363185107,0.1043898092173501,760,108,93.91091109946032,0.0708913837725515,0.0754959442847962,587,82,92.9427733994992
669364,-0.0742679891071165,0.0821088496623717,1036,137,142.1413606346045,0.0212856800173864,0.0675688537555263,958,139,147.29226005628124
669369,-0.0106695575650315,0.499167504620321,120,36,10.707238035371038,-0.387945948650533,0.2406645458591732,81,20,7.598676589392202
669394,-0.0260949950629136,0.0766083190499099,718,102,112.47178394130351,0.0553303592529915,0.0588363297718208,1108,149,172.81482835996857
669397,0.0137410253585869,0.1112389632764409,714,130,85.10510150228045,0.2162917376365915,0.1278651909873474,243,58,29.043304107916686
669477,-0.0272706895824815,0.099412627706871,663,94,81.87396376665936,-0.3416637246049391,0.3794444675744851,765,97,121.93879642059466
669701,0.0647829199740355,0.070300935418961,1009,140,135.2919776552188,-0.109508801176461,0.1657837268281889,410,71,48.50467488560414
669707,-0.043829756880283,0.1630297684341249,651,99,100.14398130927977,0.1545808233598304,0.1167164525434162,570,107,80.55551877932812
669720,0.0395137237745554,0.1422516208346425,795,102,108.63557363783926,0.0865602925975232,0.1317275249928374,186,33,24.6422485406226
669743,0.1047827285007744,0.1180077188577532,480,91,66.71730715205666,-0.0681393557838937,0.1301674929116728,344,70,46.005648773251366
669911,0.0173803825337785,0.0795125414366166,656,87,80.78482561737766,0.6213080414229988,0.6116267702525837,46,9,4.463795223975366
670032,0.0967781022768482,0.1479603140474798,45,13,8.821377219932492,0.0023025365782552,0.0905994371375519,461,88,51.452308597958314
670042,0.1942287160453795,0.1274367980830719,438,65,43.31809307591702,0.0295056820240739,0.0941419654536241,580,92,71.57032215569969
670097,-0.2387136730668713,0.3028713121345942,95,19,9.829400433059382,0.0976875920735906,0.236460743256605,117,24,20.021541088241285
670156,0.0815636624852124,0.1448417748710766,244,66,25.433198347607828,0.6365443459722105,0.4327841191930126,42,10,5.701084154938935
670224,-0.0230440845742235,0.0881099116480889,417,63,53.05749762064228,-0.1885997539226469,0.1303334416572019,92,14,12.077511988429023
670231,0.0518221163666365,0.2002817714610036,299,54,38.044204226940835,-0.0734650676004899,0.1211481180364113,227,44,33.5330988394926
670242,-0.0358196989718934,0.1317366087351752,768,103,98.09625991429324,-0.0833968068212007,0.2062574265217463,291,34,43.60078596765621
670541,0.0568232084984884,0.0896542646483354,350,48,48.61005795278891,0.0255427183805927,0.052980541529827,1080,152,193.68446451313537
670623,0.2317102106617713,0.1807022566939168,726,101,113.83344137226578,0.1544976573786008,0.0628943679207992,1127,149,212.34006305017488
670764,0.1292558728802657,0.080376124458918,546,89,67.28378070215399,-0.0503339053541816,0.1029507385615448,646,115,74.47966071205275
670770,0.1190969190849141,0.085507468220274,984,151,130.24161510947255,-0.2467372899552901,0.2705081851583648,396,80,66.99467382936629
671056,-0.0477400159068042,0.11768723294641,782,107,112.47246382427085,0.0761628330378832,0.0825204679908579,1182,155,186.0559551769212
671083,-0.386459717658362,0.4077226486100193,54,11,4.5879295351651646,-0.1238997613975866,0.1661397708320224,99,21,14.406798599333296
671218,0.0591266961349216,0.0787131550508642,1246,157,158.01688256315265,0.0733740979936804,0.0712532835144332,821,106,132.8718582513471
671277,-0.0008648797424351,0.081060669482268,970,137,117.9020698522694,0.0431589645136945,0.0687942647846432,1003,142,147.68455390359117
671289,0.0212963175233073,0.0750654597458112,712,107,113.00587072862496,0.1547436405458528,0.0953312316382367,472,76,73.23424639613435
671655,0.4763784899495075,0.2198738407092509,84,16,14.998937451993122,-0.5397680610602036,0.1558936300563569,67,13,7.4134909777895
671732,0.0808591480975265,0.0616452780420796,1151,148,170.67901067444043,0.0725144178246291,0.0629314307279257,938,136,148.91481392391725
671739,0.226912349691402,0.096794876832908,1188,159,138.1636516772381,-0.0137530212129638,0.0639799842105121,1157,149,179.43548992156616
672016,0.1443964305510449,0.1971790287251393,285,46,33.723215610468344,-0.0185981800139285,0.1832962099347216,127,28,13.9904663958283
672275,0.1078918431062493,0.0793931293235753,831,129,91.73017836885496,-0.065705712155603,0.1281535490051194,623,99,83.16151239751136
672284,-0.0969673490714074,0.1479447756145291,128,23,13.577524428582032,0.0752250408241815,0.1769016027556435,147,31,18.262732228093967
672356,0.1536672746868567,0.0758051628913604,1004,126,132.58699595368228,0.2331437409801781,0.1623945970997323,287,45,34.76503328013119
672386,0.0190853016830616,0.0703352949076594,929,130,119.83167872516644,0.0077427535722711,0.09603022595826,485,72,80.59168929075528
672515,0.021214248293329,0.0796209135455131,573,80,80.28109742026753,-0.0048221358726434,0.0505474341058931,940,125,137.76458364205723
672580,-0.108423077540615,0.0639711622220602,987,157,120.419787432847,0.1060010826908526,0.1076445081776694,485,77,56.77875314222545
672640,0.0816499559043246,0.0621985420219062,969,142,118.49335850620456,-0.0187160593875097,0.0667640137353847,1070,152,181.05861562542515
672695,0.1557345368195323,0.0793356059987555,1130,161,155.90602019495142,-0.0714137234374419,0.0730837166484612,1018,150,184.91092458994976
672724,-0.0011988940528583,0.0878121947254857,522,90,68.47590318736962,0.0790097537103309,0.0782925293853475,743,109,102.84865357802462
672761,-0.0019954712613633,0.0724536006398128,739,98,106.42111241413484,0.0456685133393914,0.1545756378577077,305,53,30.44121651931822
672820,0.0813936503220423,0.0645248556615172,1030,140,133.74017542675614,-0.2205212943144116,0.1543405013310274,239,39,41.52216765243775
673237,0.2019904593746156,0.0569678547745493,1086,142,139.99725937461244,0.0161367060764843,0.0942433272231465,608,87,89.67787126148791
673357,0.0387906842376073,0.094175647676406,804,107,107.96443141587368,0.0080467318189979,0.0835499204341934,440,59,64.21781794879237
673490,0.2245831107579415,0.0993891124661896,305,47,47.28456579388445,0.0330982632727112,0.1528803314780765,237,41,31.904788310647767
673548,-0.0213009585660048,0.0831179552767354,1100,151,150.26185218138912,0.0791467092704511,0.0633619394955496,1043,138,180.14511526078655
673962,0.0588446115478989,0.0599541858512651,971,130,117.51424776679252,0.0110607643777661,0.1046226151726696,722,100,91.46915995698464
676356,0.1542295804015144,0.2974310560244427,110,18,14.073135197766032,0.1070604319269152,0.0811140319293073,627,97,81.76091348054338
676391,-0.1166508094628401,0.0995076517904696,956,148,100.27172410832152,-0.1702794808010465,0.0902078280456649,1038,151,130.49763152105984
676439,-0.1367154336719143,0.1693683755081212,200,35,22.92425884125675,0.044290216118278,0.0914568516195539,392,84,54.44043289076547
676475,0.1101725319267908,0.0736538524113077,935,137,117.84969473893076,0.0383455327019159,0.0692137792769139,1248,154,182.806555664822
676572,0.0758966105393915,0.0836106270713605,862,138,120.9418237099564,-0.0007817956826356,0.2517405072100164,96,22,14.799381256943416
676609,0.1773354218774211,0.0922816165504855,630,106,87.19551969597515,-0.0930993588200968,0.0940229143794367,845,122,122.24186101006975
676694,-0.2400867650167225,0.1538763148757574,585,97,74.80501122832396,-0.0651053733569299,0.1573533410965149,267,46,35.9117591101625
676724,-0.0719449006048121,0.3253893524122984,89,19,12.80986377819017,0.1758638782013945,0.0889375632556621,614,99,99.64021156077234
676914,-0.17758066430143,0.125536688451564,408,77,51.799753644467586,0.0198425820586488,0.1696303168586348,238,55,33.33586602405284
677587,0.0289906413805357,0.1153729221077752,688,110,78.03020041446194,-0.0423147464123258,0.0692421271414228,1053,148,145.87774580505254
677588,-0.1465989547023896,0.0843219175786374,295,48,35.20291582220528,0.0144716794242732,0.0918316891267866,548,108,74.89893427926037
677592,-0.2231524247628379,0.2762643032667527,138,21,19.004499063975352,0.0594760116464319,0.1468701501039803,211,34,34.09769909370151
677594,-0.0373655236817307,0.0724767581841716,1338,158,179.69277559075675,0.0171458117836469,0.0605898393349956,1186,145,191.83929656880633
677595,0.0108516133505909,0.1282441760804348,359,58,40.04994311234608,-0.0623980597188027,0.1163405174728054,118,18,23.965965502174186
677649,0.0464356140607487,0.1078622178008548,415,75,46.599793441121,-0.0746424151222567,0.0800114327490568,1128,145,183.62461475843628
677800,0.0980651326651376,0.0763991687197284,823,112,116.13373546996884,0.127740981471389,0.0503167425186823,1255,151,226.57909504821544
677870,0.334452925502141,0.2603028290180205,58,13,8.820280253736257,0.0993827397104448,0.1036464476671846,320,62,42.82495160007467
677942,0.0365134131302133,0.1240621593463119,464,67,60.63115835187734,0.2628266452251259,0.0912193950206225,594,83,77.28805494279446
677950,-0.141398438294886,0.1033795482358777,854,134,100.82546285981223,0.1338933353482715,0.1959684723066899,208,32,19.86772835285559
677951,0.0279290677055295,0.0633754837744252,1229,156,173.0187230498213,0.0371401466095032,0.0599130313717468,1046,137,170.7790544185068
677956,0.1730535618007494,0.2016621438757177,91,14,11.573573598922298,0.0360721723932872,0.1298227458160731,128,21,21.29386653594337
678009,0.1089064848355673,0.1069482878962322,367,56,56.987231989957536,-0.3392850351951363,0.2001167575665909,73,12,8.904118195525614
678011,0.3980067602018478,0.311659435874005,109,32,8.8108699675644,0.2784151458055935,0.1437431425534135,293,48,50.32497973162374
678246,0.0767378369051342,0.0672528974883826,1043,138,148.93909497246975,0.018112415854442,0.058354805735539,1177,154,189.00485208538564
678391,-0.0009878186172409,0.2638392339343481,122,27,14.716418954052369,-0.1715942269856576,0.1062906813158922,617,113,81.50725508615511
678489,-0.1615052289613029,0.2823420736408536,150,28,16.300256256283035,0.1913221529289525,0.2896219243066058,280,62,32.51630751655415
678554,-0.0166482088551008,0.1146498689440877,477,88,54.29938532733997,-0.096663557059414,0.1024911791596832,557,88,88.99808830662879
678662,0.082913004516647,0.0708423539840104,859,95,122.77040073307894,-0.055636588071457,0.0684461126133267,1037,136,143.36126087619
678882,-0.158778638659185,0.0592682987565767,1224,150,134.5052734584839,0.0188280263859661,0.055664538560766,1167,133,157.7604159142251
679529,0.2041561974562528,0.0725323882152339,1153,155,159.37235692947908,-0.0112816759004007,0.0895136552520114,1056,153,147.67796491313564
679845,0.0466819923757923,0.1165624933601046,306,62,35.04585634917359,0.069312518608999,0.080955890518908,609,115,98.00490654682788
680474,0.1748907120587366,0.0956864975720663,358,70,44.381287456779894,0.3015986315136048,0.1755464938141235,138,31,17.580095967798382
680574,0.0521388054525924,0.0905783350224102,978,142,140.48460277143877,-0.0129881227904105,0.0656336381129954,814,124,118.20134437142502
680700,0.2253106293255071,0.2002525005068613,71,15,7.87731818874911,0.1096732106682626,0.0683884162032746,665,113,105.69273349887844
680718,-0.0792310054457106,0.0867912578341726,943,133,108.37154252191922,0.1269519894493704,0.3507768896688145,51,8,11.716232830381191
680728,0.1701766399040821,0.1341161706201618,247,42,26.872084510885426,0.0403294857744472,0.0927394753173941,358,57,52.80509110939863
680737,-0.0353922900160078,0.1564167573315908,211,36,27.94370965076544,0.0958737240768456,0.2190526094171772,58,11,7.711947646586045
680757,0.0227314386831579,0.072271373370315,1071,156,160.0977697705427,0.0622823934631575,0.0801115864049896,862,145,152.84544061758464
680776,0.0240406117323515,0.0517686467884227,1196,157,177.93109943864638,-0.0320651806637217,0.0714566670471095,1086,145,163.6880595948958
680777,-0.0118251914001292,0.097504758441524,711,113,99.2683973325089,-0.0090132929211457,0.0991195056020362,579,84,102.27873905849252
680779,0.064762640522706,0.0842848945749232,573,81,73.93486422951733,-0.0317304149860475,0.177039293173872,550,85,83.73088932445876
680869,0.1283304551504411,0.094916701930311,207,27,27.05140125563483,-0.0943470721912201,0.0670474748397429,673,94,93.7912684421422
680977,-0.0166195929713963,0.0630382332529541,810,118,122.9682962438066,0.1575688312642647,0.1231704656452304,261,37,38.305012578472144
681082,0.0084968394191797,0.0630580534895309,973,145,138.82559836811575,-0.0916272119831827,0.0746097082628931,985,148,155.16425962768105
681297,0.2057401121471391,0.102435690603179,610,90,90.09142619002488,0.0337096804862674,0.097205464134005,698,125,106.34988929705266
681351,0.0592376300297633,0.0915856398358788,897,119,122.27816733171753,0.279913431513175,0.1490212382812439,494,81,66.00397045665115
681393,0.2367645919146561,0.1281497810461902,651,87,76.33627980602817,-0.0275349629771112,0.0826402962868542,704,99,110.04576051174452
681481,0.0204142754956434,0.0701159352574263,910,127,143.0482067548893,0.1776553584973004,0.0796797292066578,507,81,71.58886131521882
681508,0.1944880956167544,0.1436476055997657,171,37,22.060588129188808,-0.1552067247819268,0.1093060167765784,312,60,50.09389026111534
681546,0.0233077787276402,0.1467075816985374,275,47,33.67542197376265,0.3387366183993816,0.1718581616891489,345,61,48.786314812380176
681624,0.0664017862523084,0.0838890248727137,1236,155,159.14895060748847,-0.0536765075551229,0.0664156612112063,1051,125,178.57054987602316
681715,0.2030987460182838,0.1069998708386191,509,85,70.04059644265402,0.1360107576622332,0.0772301232008289,852,124,124.55870954459829
681807,0.0687615612365169,0.1495074860895236,321,63,37.77692297487124,0.0581843673587425,0.1391912386282191,362,80,63.26535267607952
681987,-0.1604128627115313,0.175296664385547,152,32,22.221834342639376,0.2176928396661094,0.1406230099272798,108,19,19.61997527680458
682177,-0.1228016052907595,0.1105323757543586,728,126,85.37580550322681,0.005913854333112,0.0823223921263586,551,84,74.60595651553024
682622,0.0809274101857131,0.1258232056239817,645,88,84.72592107068967,0.184901370479123,0.1519103910432021,391,58,61.714396534049136
682626,0.0791649741952673,0.0818953832990637,497,73,70.70674730786298,-0.0457877094009765,0.0818282827701519,753,107,111.30365282607916
682641,-0.0074041713520862,0.136471909958183,348,55,40.36207340048232,0.0689790230279004,0.2296926257070102,43,8,4.528082907702252
682657,0.0307354907636109,0.0869460998156772,904,135,108.97512612354724,-0.0995110797972603,0.0894164184276972,730,101,89.34121365912657
682663,0.0245148363725199,0.0812183093675263,1044,136,136.92975169976108,-0.0544322771913254,0.1099683683942331,446,64,75.1992481858365
682668,-0.0171985160920846,0.1708425260613825,319,65,41.07941450331559,-0.2517117430910053,0.1054899772498667,366,76,43.91037138694987
682729,-0.0939081051788853,0.1828657331495387,187,33,25.01267141957676,-0.0687319307335572,0.4390483935622795,45,9,6.025720654530369
682829,0.2490885143385303,0.188860879581163,1200,162,138.49182169682865,-0.0550271783371999,0.0753749786803269,1001,137,171.53654959843607
682848,-0.1264270212408262,0.276966146679248,92,16,8.573362183523324,0.0277838580915275,0.1322778113963128,270,45,29.256673992631058
682927,0.3641943061506767,0.2160288522373432,147,26,15.749523815699334,0.0870666062110072,0.2350956500384811,95,15,11.46821768873176
682928,-0.0088906068198472,0.0822413039172013,1149,144,156.65912067319363,0.0423883086327135,0.0723168275276333,1232,146,191.94215749770777
682985,0.2954198511778856,0.0689038787207316,1384,157,217.5784509304929,-0.0285926467975908,0.0785309606084948,1075,135,161.6141886012274
682988,0.2800163797599438,0.2317526136471306,232,31,23.44129818010252,0.0362978951570605,0.3480014976402092,84,14,7.098515334892966
682998,-0.0487441894379398,0.0682587224994081,1200,141,166.53950606689122,0.0370753849903142,0.0541119444230677,1118,148,183.04380064048323
683002,0.0454805077830854,0.0654264197847141,1161,153,151.4730938244193,0.0463313071597187,0.0550775206465811,1272,153,208.3205998820656
683011,0.0684747058695847,0.073542443993748,1081,148,137.45194787759772,0.1877603990028164,0.1268823519800567,409,65,52.38505261977915
683083,0.0390183724486958,0.2786398280512463,176,31,22.833203219615584,-0.042774394731703,0.1056480809102065,862,131,117.66296474352852
683146,0.1609429538340697,0.0763992214117725,794,125,105.54688758586744,-0.0067655238416419,0.0727224633352185,885,134,111.46956261315216
683227,-0.072869530276351,0.1449665890419343,222,35,31.78617185635063,0.0951141574976903,0.1715107791605243,156,31,24.186216138036674
683357,0.5027104633308109,0.2256571493046946,61,12,4.711514096284228,0.0133759131507023,0.0756466620044057,622,107,100.74663376575636
683734,0.1659125086495287,0.0969374599132053,799,112,108.93021513917026,0.1263968751269048,0.2056920287757564,495,99,65.62368048919592
683737,-0.0574030238460821,0.0927729683034493,1054,153,141.42120232846344,0.1261971680180912,0.0525461494376459,1157,154,189.43756907982555
683748,0.6499226642785609,0.2749165549590807,73,12,6.885315697427342,-0.0033983583988866,0.0920870697059502,448,68,72.60820814217686
683766,-0.1559254855020129,0.1716730087425026,334,57,43.31830298999568,0.0698095068643354,0.1620624330942614,344,61,39.19863977322565
686217,0.1185264690479832,0.093819446260667,973,141,119.23962238604348,0.2065306019259516,0.1049342788889987,560,101,73.31786655845357
686452,0.2641951814190593,0.2324600898539078,93,16,10.476936086247408,-0.1430946258879473,0.1541621944749508,249,43,24.685751686307064
686469,0.0538270718783535,0.0659719392577741,1204,159,155.93494314914074,-0.0201204086618935,0.0854413327643063,825,108,123.61471824500332
686475,-0.1112269208669892,0.1563264661571998,100,34,9.308430763139512,-0.0127775771007719,0.1219672088331086,222,53,27.374702163175012
686527,0.0393082613956627,0.1154039038905976,513,80,57.653375650363905,0.0541335141840626,0.0611215959591686,900,139,139.40587511965967
686555,-0.1000908931566186,0.0924756401028241,755,124,96.00380314576744,-0.0091725790552774,0.0773622800736968,775,138,126.83687131510932
686611,0.2670991404556039,0.0990309367937256,531,83,69.41431102514579,0.0218881240881808,0.0920296407666637,778,101,112.67857430452024
686668,-0.1247922993154739,0.069509364134164,960,138,136.506815995233,0.1036610662407647,0.138771943998519,382,68,51.905248760599015
686681,0.0553890017771202,0.086046755756981,534,75,54.69379247822509,0.016975747027257,0.056787012832191,806,123,108.57606050740476
686765,0.0763126330393061,0.2256445007060678,165,30,22.547254342927847,-0.041898051776019,0.1002116340530604,386,59,61.03128510337605
686780,0.1267933265152682,0.0950172697835178,756,107,84.78792373884482,0.3175468805570648,0.0882660829268906,402,65,69.76213429749305
686797,0.1772330941756438,0.0863777089022591,949,137,125.28709678994656,0.0622636472963245,0.0756997618498275,1153,146,161.77844555504038
686894,-0.1355304316372753,0.50133851278779,122,17,15.214493112952134,0.3552704815586069,0.2493243203940615,129,26,18.920544987466705
686948,-0.0184448142711145,0.1137010547355918,858,123,106.5265293607704,0.0629571374083368,0.0527254834237024,1155,132,183.9790800425621
687221,-0.1113362679105583,0.1670695298518265,263,50,31.753815561986155,0.0117731985776694,0.0747294265988075,456,74,60.78944508795516
687231,-0.0090939846368603,0.1405119915793166,342,49,39.505221933469976,0.2664596426788891,0.1648098957011685,302,49,43.2201538293055
687263,-0.1492475288531072,0.0843859289845836,1026,128,172.33349702165617,-0.0260171683013688,0.0620957049938216,1333,151,236.47265040046136
687363,0.068680386104576,0.104485208670058,732,131,93.12228412075991,-0.0215328060792123,0.1135479709636255,289,63,37.27957259523302
687401,0.0544033408852453,0.0831996210777339,842,145,102.76251431149096,-0.0077155364725352,0.0975897855260316,658,112,88.95974815171633
687462,-0.0099206983865163,0.0925631568748627,755,107,114.38031598850978,-0.0523224486858911,0.0840078375322215,679,108,91.24053045906628
687515,-0.0681935813099113,0.1380654861354273,268,46,27.033836580926017,-0.073135852423566,0.1095752094026003,231,45,39.055719899411145
687529,-2.8129221685385453,2.853722263407526,46,9,3.3229946802528,0.1359119758528095,0.2339835958586008,150,29,19.68957111699642
687551,-0.1606098078990626,0.0933443220311802,186,34,22.983472745414645,0.1174820173277957,0.1076529094175195,614,125,88.31697048183645
687597,0.2825731739502984,0.0801051867083209,1043,146,147.94331120549268,-0.1124456036641659,0.1371100358241704,322,57,42.65108600044925
687637,0.1499557509676245,0.1433298712746631,215,34,33.47155057744099,0.2307955362876316,0.0915708821052558,577,97,99.80661966700544
687859,0.1162086757358779,0.1685896250215848,230,44,28.34299079215168,0.047608774934757,0.0839670592857605,802,120,105.80999883827748
687952,0.0939071852762216,0.1876443269701352,262,36,23.983366997379488,0.1554392475569316,0.0956645776501489,418,53,55.9892009609886
687957,0.3507520102321054,0.405604501167098,90,17,12.737564671806988,0.1824243656059918,0.1281332315109158,205,35,34.6434340269024
688363,-0.1351451574635619,0.1785963659520316,315,57,28.858867107731168,0.0265171882891448,0.1533356005331346,278,50,39.10906294195776
689414,0.161183167016401,0.1231920526671861,561,119,73.30639812724968,0.1193455825334775,0.0888792003445383,789,137,123.82932147615657
690924,0.1202378829145853,0.1464404099466996,215,37,27.37783197915492,0.0717819317515952,0.1863628530583803,140,35,17.222049869883502
690976,-0.2385230485517539,0.3775303304006682,154,28,16.296402772314188,-0.0280860115133248,0.1559104901893171,431,88,54.292936690148835
690993,0.0319243749608558,0.0711274227330573,806,135,130.61187301235236,-0.1250826366510325,0.0713512172399771,697,138,112.79698293036203
691016,0.2220376728902828,0.0749545624166408,1056,155,157.8664734464641,-0.107049797606982,0.0858209568560372,740,103,117.54328737334149
691019,-0.1582639623353209,0.0885214692056885,535,77,76.49614935926954,0.171062726379882,0.1258895499091659,239,34,31.935726504125498
691023,0.0346089341514462,0.1038290909631947,758,104,91.68022795989796,-0.0216230137035814,0.0798296417989961,1168,152,176.10613281431642
691026,-0.1108618533633375,0.0655409192137705,990,127,131.30119817919774,0.0811704968113635,0.0663838805490356,837,127,105.31209562996676
691176,0.0157698491912878,0.0946721507975766,845,116,102.20693757173372,-0.0192705851945359,0.0921921549396596,414,55,65.3091875959029
691182,0.0839127643703415,0.2609365865068579,205,38,18.418675861804456,0.0162949791646861,0.1866091428391754,141,21,21.6380986449065
691406,-0.0827377494275689,0.080660459961728,1205,153,149.48744130031997,0.0793468764544175,0.0736012224563186,1116,155,171.23225765403265
691594,-0.0943965224065563,0.1450977248988801,525,109,55.17542076938062,-0.0559510782107369,0.0936897548157342,792,126,115.03341205704106
691718,0.1205796669111983,0.0676024330531633,1352,156,174.57321437430608,-0.1338242500083939,0.0963431026001323,1355,156,256.59062734947577
691720,-0.0002424049541674,0.2595277995779078,273,42,31.09621730071423,0.1389886763025242,0.0745678750827445,760,119,127.07333532795413
691723,-0.0070090800234462,0.1493672806652538,496,83,64.60597902885456,0.1876340009902104,0.0868143729876398,769,121,124.20693016572888
691728,-0.3516310445552033,0.4277630245287708,79,10,14.026347115611678,-0.1698984218713167,0.1500084243154624,136,28,22.189155142691423
691777,0.2677726707038627,0.1246378652286796,405,60,53.77425610685678,0.1802090393945397,0.1110913818421528,513,77,61.80335435107513
691781,0.0601540168826201,0.0993516223540104,548,73,59.24724167757974,-0.1753225391137776,0.0875628021042073,614,89,88.13040604781636
691783,-0.4189297526945373,0.300844550564073,117,24,9.933161935762731,0.1028589967615348,0.1514030150522519,208,37,25.405420366655555
691785,0.1079383072804342,0.1340713739979141,255,42,28.895310174316403,0.2602074256725585,0.1030879983939853,413,68,52.84501679429188
692216,0.1249308268723224,0.1415234116735448,251,42,34.3361356680943,-0.1762691316751839,0.1935860543971375,55,8,6.7353059042458865
693304,0.065778763837089,0.0847602433835771,770,95,106.57988533793548,-0.0170104481884047,0.0896005407673091,1100,142,167.84005729440793
693307,-0.0119865289386243,0.0677234017161609,862,125,105.0884667798764,0.1049728604475769,0.0752443391122861,1082,141,163.19159405796674
694192,-0.0738054158788415,0.0862562888620056,1101,131,153.97760831031533,-0.0390875520199418,0.0634227245914295,955,117,161.6871007221108
694203,-0.0212136931019732,0.1702413059537962,91,13,9.596178769416182,-0.0449071891428555,0.0973093175882584,544,74,74.76600906147769
694208,0.1686245526403378,0.2345480587531246,109,19,11.445658024788068,0.0972210047687847,0.0802269185089677,626,99,88.52162974867792
694212,-0.1689281186279755,0.0851068784835829,237,31,29.361211778007153,-0.1045895175934027,0.0629180816709484,753,110,116.76517606475012
694362,-0.0967486419503553,0.2668555556570739,124,26,18.6287216375052,0.0298433138121614,0.1388550441714488,239,35,42.17245384669138
694374,-0.0193770615836034,0.1310831644947418,401,66,46.50635119716066,0.0907308190351261,0.082495893816993,590,88,81.27395302897861
694376,0.232245167652314,0.2071527204545922,69,15,9.723655375194864,-0.032431605481158,0.2083482675626044,182,38,23.471711326250237
694377,0.0351310856636441,0.159433282707244,135,21,15.18067679053407,-0.1015608446882488,0.1286108903810678,223,36,32.03798614241187
694384,0.0883302419556666,0.0737574400966678,907,130,129.8760714459611,0.064034746077408,0.0812633753081732,710,106,105.50174839720252
694388,-0.1621105025901541,0.1547363952971817,196,38,23.002168921345824,-0.0764843876377652,0.1828932650674858,226,39,40.99110967708526
694497,-0.1050916138910739,0.1744252976679335,351,60,43.79818141673651,0.0048718193216347,0.139759209992288,656,132,109.194608497054
694671,0.0041050248006898,0.0729317998134261,993,133,137.27670597107854,-0.0446982449117564,0.0728778705814909,820,104,139.37778739355798
694728,-0.0797036689968089,0.1662023176427675,87,13,12.9910540423643,-0.1625176298871278,0.1135507169494721,412,72,57.201003984491216
695238,0.1455178062824634,0.1308792666490348,304,55,35.982551134707734,0.3445932446911021,0.2348312419455563,69,16,10.195121934073402
695336,-0.0027496585906713,0.1069005952399898,575,81,65.05567017926657,0.1033343519781494,0.1142506445264559,324,46,33.581005993894244
695391,-0.2790293124082175,0.1232846552758133,140,26,17.805630196011045,0.1616097847554518,0.2450439374153541,46,12,5.727279392609953
695506,0.0312145049977953,0.1073604170736502,430,61,61.41489085051506,-0.0706518668937321,0.0687066973536339,1026,138,157.73445672443015
695578,-0.0013507767133877,0.076309593542179,1145,157,197.3814239523304,-0.0460467227492609,0.0679350092259455,936,129,165.042039066827
695600,0.177756277849031,0.1904940700012504,137,19,12.526286367543722,0.1971426250751408,0.0950001906193222,1045,143,166.45410086082282
695657,-0.118021515855744,0.0946866414734293,545,71,70.63855625972639,0.0202808033636433,0.0653069880600336,1211,147,181.52412845511336
695681,0.0604138393458917,0.1376967247061799,362,49,44.40444948729099,0.059777391457253,0.1209978920191229,237,31,40.21055919859778
695734,0.0066228085158434,0.1525841796727289,664,91,83.4370888741424,0.0884973540910022,0.0661958889911322,1250,154,181.2792432193004
696030,0.0184134191163278,0.1151753686120212,319,55,44.64675556878949,0.0573607290861557,0.1143735577618758,368,72,46.68196352585734
696100,-0.1076091078091405,0.0664265994943247,1147,141,154.67310644760056,0.0609682388077613,0.0719544560109193,1058,129,158.11032811093838
696285,-0.0089044530649299,0.0826580276877883,550,107,70.44299854452416,0.0432191394385612,0.0592432272037247,708,126,98.58928899207714
699625,0.1972874459582746,0.1502467970261378,99,13,15.427803004643737,0.0960516561897407,0.1626487888261142,275,51,33.7736822077109
700246,0.0022439775104547,0.1613570857605077,196,30,25.321057132838423,-0.147470532114546,0.1679943541092003,79,13,9.550826305575445
700250,0.0807089070288478,0.0581332375475215,869,134,123.20173588480566,-0.005781882972582,0.0771180755508623,1104,148,189.29079250663668
700337,-0.1533530607881942,0.0811999017840945,725,111,86.64823620241725,0.0781917201862995,0.1321910462718566,402,64,45.703874262657024
700932,0.0904540494239597,0.0942368290952974,949,142,116.7133397111945,-0.0839785025264353,0.0913823755601242,661,101,115.5962720008826
701305,0.2805608198018247,0.1292112929594327,211,32,34.49015038593164,-0.2943011391358357,0.1763480530369402,153,34,20.629044108011716
701350,0.0937219950423543,0.1008856592738305,463,69,65.43966013485225,-0.0919436468008987,0.0939370433224112,336,50,49.81027317900461
701358,0.077998042012779,0.0665944987468104,977,133,144.70396519510007,0.063233059080717,0.0933423186891976,1076,144,180.25317578252387
701398,0.4250895722610124,0.1304491457708003,106,18,13.804515648139464,0.0980526678173665,0.0681905737712728,1254,156,206.0518387036512
701538,-0.0215647767334591,0.0815073404219238,947,114,130.6906649389199,0.0595579118495198,0.0887030992159823,1258,150,185.03782040167872
701675,-0.1874379972286767,0.188715370683369,127,19,13.383041987088006,0.144340587619511,0.1076598976405716,922,125,137.85846529282762
701762,0.0218040725619298,0.0607806117434958,804,116,117.45879897297328,0.0377403394893674,0.0632473373610791,736,93,147.2443006029589
702176,0.1429322491728701,0.1734239939661168,252,47,23.741586914259106,-0.2792646428778871,0.2320811570758399,128,28,19.154504928992107
702284,-0.0278281234807907,0.0881369851085366,439,72,53.0624477530298,0.071204929419231,0.0585111754950489,1105,153,152.44821426079494
702332,0.0589878513435974,0.0971214403712562,777,132,91.72252816633656,0.0964917552404551,0.0795106280820065,922,146,125.37502709327036
702616,-0.0552316588766316,0.0770592826881068,1105,148,165.26598438929904,-0.0108468634845295,0.0930368821425266,590,96,82.49149573685247
802415,0.0076343761507643,0.1033001880991042,687,107,87.9446663577788,-0.1266179908672683,0.1206802808440026,845,143,117.19822880230296
805249,0.2644709243485903,0.1293544836632734,407,62,46.09873433788947,0.1615947502162806,0.3272394766269905,57,10,10.293644700360732
805300,0.03074157418851,0.1093773163287178,374,55,50.64679457941861,0.0981168588649384,0.1021907533842206,882,145,130.75463954193287
805367,-0.0234900811617208,0.0947386208891739,768,118,102.96432585223124,0.0609783105236172,0.055108517519373,1041,150,159.43232344212686
805779,-0.0634693035118969,0.0879029740725364,813,123,133.29266367700987,0.0593669835182191,0.1158303342135443,596,77,85.18898857213449
805811,-0.1972042317785015,0.247959709888838,64,10,10.229457910265236,0.0011460303170785,0.0747981361635118,799,107,139.7823836792258
805904,0.2278634189813669,0.1588346860817772,87,14,15.047808941541078,0.0318017895114365,0.1899059256437072,94,18,9.780221199419804
807712,-0.2034006082087201,0.1954808774609713,302,48,51.24950021938064,-0.1352530908440313,0.0979872180527901,868,144,137.2570245481735
807713,0.1312640313384043,0.0924323992965292,792,122,94.50064252590964,-0.0230287163331438,0.1306165435680272,326,63,54.72036698733423
807799,0.0543269467842263,0.1884825077575256,317,55,33.75874313892966,-0.0745277286664447,0.0894093134509781,455,84,61.055156911706966
808975,0.069614415557127,0.1624389846300644,326,58,35.66018329225619,0.067884499590308,0.1630495912854991,239,40,29.95481774640269
808982,-0.0397289004932122,0.0997280841203397,1014,147,132.71208453331894,-0.0086243090625472,0.0774149041845739,986,143,142.2538829904566
810938,0.1530594057240878,0.0906495285919454,568,82,75.1036446253923,0.1194866236946009,0.1168163538619865,426,81,57.08470895646763
