scenario,replicate,n_players,coverage90,coverage50,rmse,unpooled_rmse,mean_bias,rank_spearman,mu_mean,mu90_low,mu90_high,tau_mean,true_mu,true_tau,mu_interval_excludes_zero,first_stage_coverage90,missing_fraction,median_observed,median_clusters
heterogeneous,0,30,0.8333333333333334,0.5,0.06314056196190736,0.07168671456511065,0.008195110332591918,0.7717463848720801,0.06050010414826246,0.02701939552795015,0.09098915038160033,0.08813840354376797,0.055,0.09,True,0.9,0.15680026832131477,184.0,36.0
heterogeneous,1,30,0.9,0.5666666666666667,0.05026725277844597,0.06581207092459893,-0.005631228552930003,0.800222469410456,0.047000570281765554,0.015413801068073003,0.08002831560837617,0.08579828849171917,0.055,0.09,True,0.8666666666666667,0.16226630512344797,195.0,38.5
heterogeneous,2,30,0.9333333333333333,0.7,0.03666383689522153,0.059348111763433915,0.004880264295669709,0.8327030033370411,0.0544495105344855,0.023614979122862104,0.08603744471213441,0.07811094448186057,0.055,0.09,True,0.9333333333333333,0.1640046747175692,129.0,24.5
heterogeneous,3,30,0.7333333333333333,0.4,0.07241153796676793,0.08369699928098848,-0.0014983118297094006,0.7152391546162402,0.04012421657850672,0.010017347785047365,0.0695323415500472,0.07545272898314469,0.055,0.09,True,0.8333333333333334,0.16332916145181475,164.5,34.0
heterogeneous,4,30,0.9333333333333333,0.43333333333333335,0.05824800068069438,0.07445070841712248,-0.002497168440280052,0.7770856507230256,0.0329468355584566,-0.004205142953979834,0.07123858986023915,0.10289487126517044,0.055,0.09,False,0.9,0.16194005800837896,140.5,27.5
heterogeneous,5,30,0.8333333333333334,0.3,0.0620809287837033,0.06191894141025226,0.009012336656454751,0.7477196885428253,0.08102542072001105,0.049440635988165275,0.11062066328294219,0.07351762823676439,0.055,0.09,True,0.9666666666666667,0.17000765110941085,175.5,35.0
heterogeneous,6,30,0.9,0.5666666666666667,0.05245341918206849,0.07670036518339679,0.0074974470023763595,0.6507230255839822,0.06744916928121199,0.03329767254583337,0.10038591338413246,0.0959720951766235,0.055,0.09,True,0.8,0.16839049174378518,147.0,30.0
heterogeneous,7,30,0.9333333333333333,0.4666666666666667,0.056956153361354976,0.07039410289677757,0.002548922259117665,0.796662958843159,0.0532774882350435,0.014405378608440867,0.09073027605910321,0.09789832710987789,0.055,0.09,True,0.8333333333333334,0.1572348946543618,158.0,29.5
heterogeneous,8,30,0.9,0.4,0.05989367158649752,0.07967616036292585,0.012378892144170588,0.7076751946607341,0.041701152366887644,0.010388861253054554,0.0747763235016925,0.09009943916745522,0.055,0.09,True,0.7666666666666667,0.15586659754622434,128.0,24.5
heterogeneous,9,30,0.9333333333333333,0.43333333333333335,0.04843212772669935,0.043553987707301366,0.011930925016738815,0.9061179087875416,0.06375174772206921,0.033291076343638454,0.09487112997878441,0.0798542275484287,0.055,0.09,True,1.0,0.16726986624704954,166.5,34.5
heterogeneous,10,30,0.7333333333333333,0.3333333333333333,0.06222503432408551,0.05418792854342313,-0.012405348050534297,0.7414905450500555,0.05403094640922505,0.023672706059535545,0.08438077331353377,0.0728861191218773,0.055,0.09,True,0.8666666666666667,0.1629557921910294,158.0,31.5
heterogeneous,11,30,0.8333333333333334,0.36666666666666664,0.06268585013790302,0.0805684435626666,0.0019000468943809513,0.657397107897664,0.03773696192289839,0.001885966207132012,0.07419243418080429,0.10149956035402592,0.055,0.09,True,0.8333333333333334,0.166189111747851,146.5,29.5
heterogeneous,12,30,0.8,0.4,0.05100940867621478,0.06080653117061431,-0.014262859578759616,0.8375973303670745,0.05898522654588743,0.028265236267156508,0.08844858274565745,0.06472764303691637,0.055,0.09,True,0.9333333333333333,0.1591917200591424,147.0,30.5
heterogeneous,13,30,0.8333333333333334,0.5333333333333333,0.05615791231440052,0.06954288681345856,0.009850619835650307,0.7677419354838709,0.05504581041587154,0.013874048925467123,0.09547346113287937,0.11572220963261438,0.055,0.09,True,0.8333333333333334,0.1660090191657272,184.0,38.0
heterogeneous,14,30,0.9333333333333333,0.6,0.04072789236362787,0.051661231405717455,-0.007648196668065885,0.9087875417130145,0.07058873923167695,0.031375356662773246,0.10942420546053079,0.11325286681066736,0.055,0.09,True,0.9,0.15981277164827812,151.0,30.0
heterogeneous,15,30,0.9333333333333333,0.6666666666666666,0.042281134570599385,0.05262584612826246,-0.004834169635668208,0.8300333704115684,0.06243344848048136,0.026776144286341633,0.1011884129812728,0.1057179129527753,0.055,0.09,True,0.9333333333333333,0.16264462809917357,158.0,31.5
heterogeneous,16,30,0.9333333333333333,0.4666666666666667,0.05310113228134156,0.06801995969753731,-0.014324218745970065,0.8545050055617353,0.029901002049069987,-0.008039802396394492,0.06945379121415783,0.10876824350493754,0.055,0.09,False,0.9333333333333333,0.154635705872455,157.0,29.5
heterogeneous,17,30,0.8666666666666667,0.5,0.058432778210760775,0.06438778776828025,-0.01039473929478048,0.8478309232480534,0.01964238648847142,-0.021277503497473316,0.06013593170078085,0.10685964375601775,0.055,0.09,False,0.9333333333333333,0.1621056301202719,145.0,28.5
heterogeneous,18,30,0.8333333333333334,0.5,0.05720372643144,0.06745402081150126,0.012246816024860774,0.778865406006674,0.046940771770525386,0.01416443873862619,0.07720138344271402,0.0848573568315652,0.055,0.09,True,0.9333333333333333,0.16892109500805152,157.0,31.5
heterogeneous,19,30,0.9,0.43333333333333335,0.06176781029814815,0.07822035286784029,0.0335410999102936,0.8442714126807563,0.12985400900350874,0.09209727072172899,0.16439337629392284,0.10844157635898422,0.055,0.09,True,0.8666666666666667,0.16509667823500251,131.0,26.0
heterogeneous,20,30,0.9333333333333333,0.6,0.057211820777725075,0.07615089638922556,-0.010161999080573223,0.7806451612903226,0.06240764499132177,0.029711347274557737,0.09783796785209704,0.08819653145713026,0.055,0.09,True,0.8666666666666667,0.1619859578736209,135.5,26.5
heterogeneous,21,30,0.9,0.5666666666666667,0.04796120067729855,0.062466094281427534,0.018315761545370814,0.8122358175750835,0.0673890088339447,0.029949394258345204,0.10465138119327777,0.10141157682874515,0.055,0.09,True,0.9666666666666667,0.1562151616499443,206.5,41.5
heterogeneous,22,30,0.8333333333333334,0.36666666666666664,0.06363510437551152,0.079527022541101,0.020103829116248473,0.757508342602892,0.07923849854488806,0.043738902658813625,0.11096870305403907,0.08873610150447124,0.055,0.09,True,0.8666666666666667,0.15911330049261085,168.5,33.0
heterogeneous,23,30,0.8,0.5,0.055950809376236484,0.05838544399608544,-0.012539355219099562,0.7962180200222468,0.03239460751823247,0.004771140286768538,0.061845812020571725,0.07678622980622675,0.055,0.09,True,0.9333333333333333,0.16982635016727732,165.5,32.0
heterogeneous,24,30,0.8666666666666667,0.43333333333333335,0.05778414814420883,0.06981630496419147,-0.010310098576484109,0.8273637374860956,0.06564232471706122,0.028815989504374886,0.10255278239002881,0.10206765293138727,0.055,0.09,True,0.9333333333333333,0.15705005731753918,122.5,25.5
heterogeneous,25,30,0.8333333333333334,0.4666666666666667,0.07036306158052733,0.07987965868040699,-0.012961582608589662,0.6898776418242492,0.04149945274037949,0.011554038189509912,0.0717405312017039,0.0810553270307233,0.055,0.09,True,0.9,0.16079755587715072,159.0,33.0
heterogeneous,26,30,0.9666666666666667,0.5666666666666667,0.04806959730757746,0.07135589275082645,0.0011779739423144462,0.8607341490545051,0.05606883749523692,0.01761202268753519,0.09398477290824875,0.11250566750675395,0.055,0.09,True,0.9,0.1622618315918869,171.5,33.5
heterogeneous,27,30,0.7666666666666667,0.5,0.05584300530100406,0.07399709744041016,0.017247346311686434,0.6298109010011124,0.07235381244443462,0.042924847955395924,0.1015297853926874,0.07301128746101923,0.055,0.09,True,0.8,0.16025202027119567,218.5,42.5
heterogeneous,28,30,0.8666666666666667,0.5333333333333333,0.05793320393031309,0.08332474135535509,-0.007934873082089993,0.7757508342602891,0.039340452971977594,-0.0023830099159650826,0.077331363857757,0.11002957435410053,0.055,0.09,False,0.8,0.16219044297174745,141.5,28.5
heterogeneous,29,30,0.8666666666666667,0.43333333333333335,0.06286123392349803,0.07883970878698231,-0.01404571655317662,0.8024471635150167,0.05243649854995382,0.012283211080434208,0.09683897087220754,0.12365850589269772,0.055,0.09,True,0.8,0.16700263606760735,155.0,33.0
heterogeneous,30,30,0.9,0.5333333333333333,0.054730462510534615,0.06456620502944252,0.0035743293609875287,0.7873192436040044,0.05888172874419594,0.024076733376387858,0.09105564160053543,0.09394132157600822,0.055,0.09,True,0.9333333333333333,0.16367600201240984,131.0,26.5
heterogeneous,31,30,0.9,0.5333333333333333,0.04635205019787113,0.059131266570615765,0.00582679930749742,0.9038932146829811,0.06015001372680294,0.016582223477267073,0.10725063833151428,0.1273719167704599,0.055,0.09,True,0.8666666666666667,0.16091767002928736,160.5,30.5
heterogeneous,32,30,0.7666666666666667,0.43333333333333335,0.0703522998154718,0.08851143851284889,0.028115489628756322,0.6925472747497218,0.0646671952386912,0.022358046633158886,0.1043110746763302,0.13007115215748263,0.055,0.09,True,0.6666666666666666,0.156695652173913,153.0,31.5
heterogeneous,33,30,0.9,0.36666666666666664,0.05430837663860463,0.07750041085312398,-0.008470861164588632,0.6458286985539488,0.06459996899436567,0.0296037781915257,0.09959725175315425,0.08857465916315488,0.055,0.09,True,0.8,0.16094062708472312,158.5,30.5
heterogeneous,34,30,0.8666666666666667,0.4,0.06719342133980603,0.07506598864404462,0.0038418825112095686,0.6849833147942158,0.06072879489059879,0.028453996613829805,0.09214842297920323,0.08765397664159068,0.055,0.09,True,0.8333333333333334,0.1697422172136921,191.5,39.0
heterogeneous,35,30,0.8666666666666667,0.5666666666666667,0.060370732321338855,0.08220953995938624,0.011806776504183084,0.7441601779755282,0.07974747177207153,0.04882637842416959,0.11170827505223987,0.07925508712531666,0.055,0.09,True,0.9,0.15692363902082573,135.0,28.0
heterogeneous,36,30,1.0,0.6333333333333333,0.036272323627095766,0.05718457803617488,-0.005178537690908637,0.9110122358175751,0.0658661039979342,0.026987628067587435,0.10311757423182898,0.11598447106172961,0.055,0.09,True,0.9666666666666667,0.1583029919265474,162.5,32.5
heterogeneous,37,30,0.9666666666666667,0.5666666666666667,0.043893489986387174,0.06275991882821222,0.0032604435780637007,0.8318131256952168,0.06447715519694529,0.032488150807949215,0.09688701596205809,0.08964604540302427,0.055,0.09,True,0.8666666666666667,0.1646002565198803,185.0,36.0
heterogeneous,38,30,0.9,0.5666666666666667,0.046711742444320394,0.058539489153814885,0.012693763122492645,0.7454949944382647,0.059868129016805216,0.023941005800713424,0.09676559836290555,0.11057144423760988,0.055,0.09,True,0.9666666666666667,0.16199970678786102,182.0,35.0
heterogeneous,39,30,0.8333333333333334,0.5,0.054956503417361496,0.058821444454374316,0.00714852983146526,0.8442714126807563,0.06593576083234885,0.03169565912336863,0.10126190275812144,0.10006207089394575,0.055,0.09,True,0.9666666666666667,0.16563618613732511,145.0,29.0
heterogeneous,40,30,0.9333333333333333,0.6333333333333333,0.04732638549386191,0.06238810962175854,0.011115384697210077,0.8126807563959955,0.0194977743393084,-0.01833918108347098,0.05782635771556036,0.10177532194764129,0.055,0.09,False,0.9,0.15642722117202268,133.5,29.0
heterogeneous,41,30,0.9,0.5333333333333333,0.051064922639607525,0.07119268597268393,-0.008760677180140551,0.7601779755283649,0.02733457566481323,-0.006756073636301067,0.061685251264951536,0.09011521541108027,0.055,0.09,False,0.8666666666666667,0.15810152443815806,164.0,32.0
heterogeneous,42,30,0.8333333333333334,0.36666666666666664,0.05845636752029327,0.06396019458695852,-0.007630051058106795,0.6302558398220245,0.05732089129786949,0.027466871242073043,0.08904553403385448,0.07966130395518319,0.055,0.09,True,0.8666666666666667,0.16335642802155503,159.5,31.0
heterogeneous,43,30,0.9,0.6,0.050542183828203836,0.06739168100903138,0.011371801822493017,0.7432703003337041,0.058385048038025335,0.021631406051530095,0.09823514483671356,0.10781268707292956,0.055,0.09,True,0.8666666666666667,0.1658211794546608,165.5,33.5
heterogeneous,44,30,0.8333333333333334,0.4666666666666667,0.06043529906277067,0.08114284762727497,-0.00289936226300685,0.7579532814238041,0.06874843614014764,0.033205734528875354,0.10650007994216064,0.10478936247189664,0.055,0.09,True,0.7333333333333333,0.1584274036590113,239.0,48.0
heterogeneous,45,30,0.9,0.4666666666666667,0.05273126383933461,0.06374343692017961,0.0057544611873155144,0.7695216907675194,0.06431929429265147,0.033155351046308644,0.0957206019362012,0.08836699238430654,0.055,0.09,True,0.8333333333333334,0.16065781151170144,157.0,30.0
heterogeneous,46,30,0.9,0.5666666666666667,0.050323634213699245,0.06145225146855302,0.005977455470305291,0.7948832035595106,0.06048311092238657,0.030415583886059076,0.09195601421028886,0.08763254905548465,0.055,0.09,True,0.9666666666666667,0.15555222538588342,174.5,35.5
heterogeneous,47,30,0.9333333333333333,0.5333333333333333,0.04872068296242177,0.07263621354777171,0.017871820559984753,0.8300333704115684,0.07219859911014692,0.03245192828423434,0.11582146296939769,0.11575186401732784,0.055,0.09,True,0.8333333333333334,0.15334880636604775,149.0,31.0
heterogeneous,48,30,0.8666666666666667,0.4,0.061813890371059166,0.07698030815933755,0.012389844418420344,0.7147942157953281,0.08042275055668466,0.0447553027625797,0.1130985006355061,0.09666223250895754,0.055,0.09,True,0.7333333333333333,0.15956989247311826,182.5,36.0
heterogeneous,49,30,0.9,0.5,0.05193968220066482,0.06810225443328852,0.005888556927851995,0.7988876529477197,0.052680882562237685,0.011626273505089813,0.09198947755662037,0.11291005607329126,0.055,0.09,True,0.8666666666666667,0.16759138381201044,146.5,29.0
heterogeneous,50,30,0.9,0.36666666666666664,0.06386787169892731,0.08786555684449211,0.007349991089031961,0.6805339265850945,0.057208646788289255,0.01689124259658797,0.0994256315714203,0.1110949550280309,0.055,0.09,True,0.8,0.15898018837284833,173.5,33.5
heterogeneous,51,30,0.8666666666666667,0.4666666666666667,0.06104083218240747,0.06428001700980378,-0.012058509810666215,0.7352614015572858,0.05324394272544323,0.01967158565745472,0.08680962408929002,0.0892738880941447,0.055,0.09,True,0.9333333333333333,0.15502008032128511,165.5,31.5
heterogeneous,52,30,0.8666666666666667,0.3333333333333333,0.0541189129898594,0.09310810072363113,0.014404319512952386,0.7272525027808675,0.06444460178854292,0.0335192985502238,0.09806448831529893,0.076228267936625,0.055,0.09,True,0.8333333333333334,0.15803771172898695,150.0,29.0
heterogeneous,53,30,0.7333333333333333,0.36666666666666664,0.05738243895134943,0.07319810192564144,-0.014398863641131071,0.7699666295884315,0.03445383386431757,-0.008229367267880065,0.07748394840966767,0.1159201545623344,0.055,0.09,False,0.6333333333333333,0.1651289009497965,222.0,41.5
heterogeneous,54,30,0.9666666666666667,0.5,0.04091172331461865,0.05957559034915348,-0.01268206400801176,0.8091212458286985,0.04946870868665538,0.017810847772178548,0.07831406690072124,0.07975244331300123,0.055,0.09,True,0.9333333333333333,0.16269477543538036,171.5,34.5
heterogeneous,55,30,0.8333333333333334,0.5,0.05765527877324605,0.06139134017738784,-0.010377957233908466,0.7379310344827587,0.04265077133470253,0.01408063827609336,0.07094075835750992,0.06614255363198301,0.055,0.09,True,1.0,0.161100536424987,153.0,30.5
heterogeneous,56,30,0.8666666666666667,0.5,0.050677399178767256,0.059132370007570864,0.01937704558651522,0.7926585094549499,0.08074029301620735,0.04853950012454526,0.1125050848986796,0.08726032106363799,0.055,0.09,True,0.9,0.16150248465361006,189.0,36.5
heterogeneous,57,30,0.9666666666666667,0.6666666666666666,0.04762528114261676,0.06011949469757792,0.016022387969002592,0.8651835372636262,0.06009602749469442,0.02293737565927075,0.09638447426698446,0.09784568050701069,0.055,0.09,True,0.9333333333333333,0.15398701514899282,145.5,29.5
heterogeneous,58,30,0.9,0.5,0.04886451344693805,0.06730335032275689,0.004440223957654621,0.6614015572858732,0.06348228312175715,0.02830912655423195,0.09703416965203267,0.0916056132346624,0.055,0.09,True,0.8666666666666667,0.16360572872788548,156.5,30.0
heterogeneous,59,30,0.9666666666666667,0.5666666666666667,0.055808646286366545,0.0794925461287682,0.018011120660178088,0.8077864293659621,0.07245397634771897,0.035863064696630954,0.11143773615942561,0.10192733085585125,0.055,0.09,True,0.8666666666666667,0.16501173497021127,138.5,28.0
zero_learning,0,30,1.0,0.7666666666666667,0.01182453650915826,0.05486026047884159,-0.008474756245905593,,-0.008635214194939308,-0.026893541813813787,0.008904700768765766,0.021621652681197027,0.0,0.0,False,0.8333333333333334,0.15487914055505814,179.5,36.0
zero_learning,1,30,1.0,1.0,0.006968933361484044,0.0726934522252734,-0.004653483727334542,,-0.004701463018642336,-0.024678569306912285,0.014858716980653377,0.01793553500706492,0.0,0.0,False,0.9333333333333333,0.15178731812466317,135.0,26.5
zero_learning,2,30,1.0,0.5666666666666667,0.01849774091917245,0.057999975862509434,0.015454907663235484,,0.015716698432164607,-0.003793158797001411,0.03413919594026926,0.024971576260313093,0.0,0.0,False,0.9,0.15997594346714783,169.0,32.5
zero_learning,3,30,1.0,0.9,0.012745183453548026,0.06691402752594704,-0.004567631143707753,,-0.004361579564442793,-0.024496018235270763,0.01455488396138768,0.02762594707443445,0.0,0.0,False,0.9333333333333333,0.16255859670346284,158.0,32.0
zero_learning,4,30,1.0,0.6666666666666666,0.01776656434790637,0.06559606327142921,0.010174483512734155,,0.009855231789216342,-0.009298031177972746,0.02863015192461445,0.030148991739716947,0.0,0.0,False,0.8333333333333334,0.15639738323444397,190.0,34.0
zero_learning,5,30,1.0,0.9,0.008193539801068114,0.060042660300895216,-0.007384251835837597,,-0.0072437351592873275,-0.025102519044477318,0.010575025551116397,0.013856095917138298,0.0,0.0,False,0.9666666666666667,0.16164797782537488,219.5,43.0
zero_learning,6,30,0.9333333333333333,0.5333333333333333,0.032016503992299716,0.07858057445445059,-0.017918521223748866,,-0.017844013219890736,-0.04251308869020577,0.0056356115783472785,0.045761733184450835,0.0,0.0,False,0.8,0.16408613632318914,132.0,27.0
zero_learning,7,30,0.9333333333333333,0.4,0.03325458806772223,0.0818864952126768,0.023083223912571758,,0.022620628718286177,0.0009475809086015141,0.04562146384172721,0.043253455350544825,0.0,0.0,True,0.7333333333333333,0.15704809286898835,151.0,28.5
zero_learning,8,30,1.0,0.5666666666666667,0.01786947202479014,0.06796472836952958,0.013704667684578672,,0.013412654315833005,-0.007576639346087693,0.03438396227607797,0.02709214363399,0.0,0.0,False,0.8666666666666667,0.16293532338308458,146.5,30.0
zero_learning,9,30,0.9333333333333333,0.13333333333333333,0.02460919138684036,0.07697973022083722,-0.023259007203010988,,-0.02331845142433805,-0.04351978099578172,-0.004004857009174791,0.022165612512903533,0.0,0.0,True,0.8666666666666667,0.15520475148483903,144.5,29.5
zero_learning,10,30,1.0,0.9333333333333333,0.008285645187235789,0.06069613915348645,-0.0041421489219936524,,-0.004069250942186454,-0.022839019844907132,0.013554408455673135,0.02000300660488732,0.0,0.0,False,0.9,0.1691636363636364,190.5,37.0
zero_learning,11,30,1.0,1.0,0.005989281759197117,0.06159062126247642,-0.003450897580539242,,-0.003514035693909259,-0.0232227593058655,0.014824778428498305,0.016439945975163663,0.0,0.0,False,0.9,0.15551889622075588,189.5,36.5
zero_learning,12,30,1.0,0.8333333333333334,0.014848725407149417,0.06751878422460707,-0.00514734016233764,,-0.004861306909221428,-0.025778159543516633,0.015199231720858677,0.02968506514089258,0.0,0.0,False,0.8666666666666667,0.16103936517815465,176.0,34.0
zero_learning,13,30,1.0,0.9,0.01233950843085624,0.08150379948365068,-0.0018935830212428143,,-0.0018839939475200648,-0.02070048950024375,0.01675380523883725,0.027692851301967834,0.0,0.0,False,0.8666666666666667,0.16421645292461684,165.0,30.5
zero_learning,14,30,0.9666666666666667,0.2,0.020272633974224956,0.06850189851861019,-0.017371793319235714,,-0.017283930398609974,-0.036360608844938615,0.0017959454662594646,0.025712131266213013,0.0,0.0,False,0.9,0.15721844293272869,181.0,35.5
zero_learning,15,30,0.9333333333333333,0.6333333333333333,0.033530444626956174,0.07288659891162284,-0.0013007859487556403,,-0.0014164829092849498,-0.025810390759727114,0.023165880598599208,0.05406043538971844,0.0,0.0,False,0.8,0.16335174953959486,138.0,28.5
zero_learning,16,30,1.0,0.23333333333333334,0.015225838725021338,0.06270209009853342,-0.014683193592186557,,-0.014801687023968932,-0.03329678513912643,0.004322070139351311,0.01549658629588061,0.0,0.0,False,0.9666666666666667,0.17015657423127717,141.0,28.0
zero_learning,17,30,1.0,1.0,0.0028742464417071296,0.051567019349283164,0.0005880874563780854,,0.0005180549589420048,-0.018648240073165307,0.019103590976545095,0.0136474763361291,0.0,0.0,False,0.9666666666666667,0.1641815235008104,144.0,28.5
zero_learning,18,30,0.9666666666666667,0.5333333333333333,0.03522755810167735,0.08484519997000678,0.009571932922996986,,0.009013010317167102,-0.015887405242985802,0.03533740383548428,0.05522556376962473,0.0,0.0,False,0.7333333333333333,0.15862771739130432,154.0,30.5
zero_learning,19,30,1.0,0.5666666666666667,0.013190181413290578,0.07735767570946793,-0.011109794392720973,,-0.011037771852872594,-0.028691803104917292,0.0074220937854284404,0.01947265530040997,0.0,0.0,False,0.8333333333333334,0.1663631849031617,156.0,31.5
zero_learning,20,30,1.0,0.8666666666666667,0.010396393574007023,0.06165044811245969,-0.005324348458846079,,-0.005155501870552474,-0.02407205300726431,0.014566798907421956,0.02357679150394008,0.0,0.0,False,0.8666666666666667,0.15954102483495758,134.5,27.0
zero_learning,21,30,0.8666666666666667,0.26666666666666666,0.0327648520096106,0.07477253688843977,0.02843172790636442,,0.028266468953574705,0.005748654052296337,0.049649618801142124,0.03283197637577428,0.0,0.0,True,0.8,0.1692934782608696,204.0,41.0
zero_learning,22,30,1.0,0.5333333333333333,0.03107613880604272,0.09297089440285247,0.013511112097089422,,0.013833423234919784,-0.012795355239615376,0.03958672520975652,0.04844896482956997,0.0,0.0,False,0.8,0.16824133930051388,130.0,25.5
zero_learning,23,30,1.0,0.5666666666666667,0.01360711748558171,0.06409642699377571,0.012564138671707525,,0.012541305060114282,-0.005485800936378943,0.030664433490330427,0.017724661032652023,0.0,0.0,False,0.8666666666666667,0.16398662633338645,154.0,32.5
zero_learning,24,30,1.0,1.0,0.006722963008162384,0.0639494086951244,0.003627641714463223,,0.0035152056208835117,-0.014985348513813244,0.023044398028014734,0.017793894444583357,0.0,0.0,False,0.9333333333333333,0.16938280166435504,114.0,23.0
zero_learning,25,30,1.0,0.8333333333333334,0.010511347429254268,0.06352431744804733,0.008466257941296405,,0.008529146370224647,-0.011538227912008097,0.028374423382081352,0.0198501871555297,0.0,0.0,False,0.9333333333333333,0.16145924245068943,122.5,23.5
zero_learning,26,30,1.0,1.0,0.004695942487946554,0.06053632274151456,-0.0019833699203023972,,-0.002074892937656337,-0.021825007520653174,0.01684787995831522,0.016048177434889812,0.0,0.0,False,0.9666666666666667,0.16860658463584965,151.5,30.0
zero_learning,27,30,1.0,0.9666666666666667,0.008517881163347932,0.0633665541885572,-0.0007633357040480949,,-0.0009272735340868049,-0.021812834398798542,0.019980127198594086,0.022583969965025458,0.0,0.0,False,0.9,0.16319720324169718,155.5,30.5
zero_learning,28,30,1.0,0.9666666666666667,0.008163583202990333,0.06506910943489518,-0.005195444945481695,,-0.0054689228714353815,-0.024800089864658433,0.013473428332914851,0.01876315122610608,0.0,0.0,False,0.9,0.16189207195203192,159.0,32.0
zero_learning,29,30,0.9666666666666667,0.23333333333333334,0.023067172053903025,0.0779838720064434,0.021060699960443224,,0.021183902310023754,-0.00030693821710432777,0.041232728948499435,0.024137481189214424,0.0,0.0,False,0.8666666666666667,0.1642913697545526,117.0,23.0
zero_learning,30,30,1.0,0.9333333333333333,0.006913207884419707,0.060533006064975914,-0.003832245602160994,,-0.0037646811039730574,-0.02214412971986048,0.015088955268135697,0.018106898648923002,0.0,0.0,False,0.9,0.15653220951234192,145.0,30.5
zero_learning,31,30,1.0,0.9,0.008394420432557559,0.05810668264770847,-0.006819267589648016,,-0.006682685645205209,-0.02528522210629568,0.011902517557154059,0.016812119783862208,0.0,0.0,False,0.9333333333333333,0.15962509012256665,155.0,32.0
zero_learning,32,30,1.0,0.9666666666666667,0.010709128762820154,0.06709292306457659,-0.0015825907498726731,,-0.0015907344526988108,-0.02015204518937526,0.018702022340312745,0.025448077298388584,0.0,0.0,False,0.8666666666666667,0.16107281989811206,173.5,33.5
zero_learning,33,30,1.0,0.5666666666666667,0.014890120664117615,0.06505374672560942,0.012853470763403917,,0.013052645565506733,-0.005647264576545685,0.031274674659705015,0.02130921265732337,0.0,0.0,False,0.8666666666666667,0.15976993129892958,158.5,30.0
zero_learning,34,30,1.0,1.0,0.004189065303110762,0.04900341918538567,-0.0012298324169193195,,-0.0013801450331224656,-0.017767737290066664,0.01548242667506335,0.015134771192354615,0.0,0.0,False,0.9333333333333333,0.1582249426166794,169.0,31.5
zero_learning,35,30,1.0,0.9,0.010474822570783427,0.05696263109148862,0.004948354322344,,0.005069818123010277,-0.015713463670277115,0.02595148001801922,0.024610963003051368,0.0,0.0,False,0.9,0.15727565926769116,121.5,26.0
zero_learning,36,30,0.8666666666666667,0.5333333333333333,0.040966909598348714,0.0768378707364836,-0.015589620162825578,,-0.015157716360098113,-0.04272147165903543,0.010094318137302136,0.05902759035245394,0.0,0.0,False,0.8,0.16417673235855057,146.0,26.0
zero_learning,37,30,1.0,1.0,0.004685711471998091,0.0542788212092455,0.0027569117552902886,,0.0029610720956299063,-0.016486174604613355,0.0232392262544782,0.014954579108651608,0.0,0.0,False,1.0,0.16279450261780104,146.5,29.5
zero_learning,38,30,1.0,0.43333333333333335,0.024957143085172762,0.07429359096801823,0.019674656316621374,,0.019915900784151872,-0.001818406874158367,0.041065993872464415,0.03208719595706566,0.0,0.0,False,0.8,0.16826060968320378,178.0,33.5
zero_learning,39,30,1.0,0.0,0.0197088765726161,0.061918416104115914,0.019365227721517986,,0.019307778377304085,0.0022004162069817687,0.03739150779065421,0.01473584401970108,0.0,0.0,True,0.9,0.15390152605816299,196.5,37.5
zero_learning,40,30,1.0,0.9333333333333333,0.009449223473853456,0.0691572111564275,0.006194407415469578,,0.006268613400697045,-0.01199796434838485,0.023946231291099313,0.020424205769621187,0.0,0.0,False,0.8666666666666667,0.16651348039215685,166.5,35.0
zero_learning,41,30,1.0,0.9,0.012297807458237442,0.0805836179226218,0.0003524622404291778,,0.0006108146010363874,-0.020228406028584077,0.021685072403944523,0.028422544257194503,0.0,0.0,False,0.8333333333333334,0.16272799365582868,156.0,31.5
zero_learning,42,30,1.0,0.9,0.00930476460423099,0.060876723716779886,-0.004914463086513779,,-0.004905725811065158,-0.024183303703619586,0.014704076794380417,0.02197755352470671,0.0,0.0,False,0.8666666666666667,0.1566152407667134,180.0,37.5
zero_learning,43,30,1.0,0.9666666666666667,0.006292857783411955,0.05695400381900295,-0.003969295761319585,,-0.003735903571281796,-0.02159540104439646,0.014490726040503388,0.016234350976254853,0.0,0.0,False,0.9333333333333333,0.16233183856502242,196.5,38.0
zero_learning,44,30,1.0,0.9333333333333333,0.009887507872371767,0.06193736258811802,0.002748694868885542,,0.0027579453400638815,-0.016631644519330958,0.021519465087301935,0.023594402544099124,0.0,0.0,False,0.9,0.15608599966141867,143.5,29.5
zero_learning,45,30,1.0,0.9,0.010287949454637655,0.07481360157719878,0.008826841663473485,,0.008791085369373173,-0.01150278479322193,0.028361402282012515,0.01759135076151488,0.0,0.0,False,0.9666666666666667,0.16319333119589607,139.0,29.0
zero_learning,46,30,1.0,0.8333333333333334,0.013075686902278135,0.07429116713505353,-0.0005778231963963269,,-0.0007820261632563899,-0.020207392954847022,0.020316524805923247,0.02874874253910721,0.0,0.0,False,0.8666666666666667,0.16349438750610057,142.5,29.0
zero_learning,47,30,1.0,0.9666666666666667,0.01256450224002683,0.07424674299970496,-0.004358779558997177,,-0.004508090331090229,-0.024361766624492357,0.01610178205055688,0.027001190246345664,0.0,0.0,False,0.9333333333333333,0.16991770801584882,154.0,32.0
zero_learning,48,30,0.9333333333333333,0.6,0.03220967390757151,0.07706630259207196,-0.01615982336870007,,-0.016745092350142713,-0.03862096990343478,0.004608759809220414,0.045563923349296764,0.0,0.0,False,0.7666666666666667,0.1587878787878788,158.0,31.5
zero_learning,49,30,1.0,1.0,0.007249580218606518,0.06479829419593112,0.002348609533103263,,0.0022159169611609226,-0.015881016803704285,0.021582404597274882,0.019763157079491556,0.0,0.0,False,0.9666666666666667,0.15774173806609548,183.0,35.0
zero_learning,50,30,1.0,0.9333333333333333,0.00842512156728854,0.06413362491588756,-0.004442988284564314,,-0.0041464034881051005,-0.022257464686236822,0.014991532676814757,0.020128671333118457,0.0,0.0,False,0.9333333333333333,0.16651759093619556,159.5,33.5
zero_learning,51,30,1.0,0.9333333333333333,0.008375580911471175,0.058304101200954854,-0.007208017646045656,,-0.0070451416943094715,-0.026869013046028987,0.012347829312692118,0.01538057368662145,0.0,0.0,False,0.9333333333333333,0.16136711443632035,126.5,25.5
zero_learning,52,30,1.0,1.0,0.006849078679721272,0.06675197332518228,0.0007814096820147163,,0.0006911507722524395,-0.017823444072063856,0.019230772142006674,0.019365014725775738,0.0,0.0,False,0.9,0.16544064618491272,186.0,37.5
zero_learning,53,30,1.0,0.9333333333333333,0.010026861446678833,0.06090094540378202,-0.0035385539249323,,-0.0034744889853531653,-0.021872508965354715,0.01657583613575161,0.02402841496166454,0.0,0.0,False,0.9333333333333333,0.15379806189434198,157.5,31.5
zero_learning,54,30,1.0,0.9333333333333333,0.0141514923931455,0.07977727674971931,-0.001948066819522071,,-0.002110395066264834,-0.024471879588778996,0.019933883042490642,0.03233041783424557,0.0,0.0,False,0.8666666666666667,0.16726618705035967,115.5,24.5
zero_learning,55,30,1.0,1.0,0.010148151829442507,0.07576042815439049,0.0016491399760354894,,0.0015360380960384706,-0.019514237511428667,0.021881142306450198,0.025290811376635792,0.0,0.0,False,0.8666666666666667,0.15868318845940443,124.5,24.5
zero_learning,56,30,1.0,0.7,0.015562906995747635,0.08281637104787255,-0.01016297031419247,,-0.009985796558122813,-0.028258150814232906,0.008506178799979617,0.026058137819704577,0.0,0.0,False,0.8333333333333334,0.15891579526692345,180.0,35.5
zero_learning,57,30,1.0,0.9333333333333333,0.006495820889285122,0.05433491914258694,0.004396113923720502,,0.004195864334148496,-0.013501886457967592,0.020448406274388955,0.015728711375310324,0.0,0.0,False,0.9,0.1663622312772236,185.0,38.5
zero_learning,58,30,1.0,1.0,0.007215926407169252,0.06541883946838412,0.0033547329770712377,,0.0032908174712184576,-0.01628669915862666,0.022892310910569844,0.019531848397474887,0.0,0.0,False,0.9,0.1646187775677379,178.5,37.0
zero_learning,59,30,1.0,0.6666666666666666,0.019213928413304843,0.08387318590409469,-0.013718031910679043,,-0.013931337984241687,-0.03797290523302098,0.009661406433193742,0.031188975030089095,0.0,0.0,False,0.8666666666666667,0.16743158252592216,133.5,27.5
