player_id,estimate_early,se_early,n_early,games_early,information_early,estimate_late,se_late,n_late,games_late,information_late,player_name
455117,0.08414462206924393,0.18707802059673467,178,46,21.817368150710962,-0.9209413483315351,0.3577326663803974,61,14,5.693607002066407,Martín Maldonado
456781,-0.02923072802168634,0.140667858101454,260,49,31.97274247380685,0.13633894559694815,0.2746796768826879,83,17,5.086966389601185,Donovan Solano
457705,-0.12288937380930286,0.09892934862631012,570,75,84.81799722878716,-0.022434200945597393,0.13484522043126204,408,58,54.92600697199606,Andrew McCutchen
457759,-0.057441031746915464,0.13078603833525088,243,42,38.211483506569586,0.10160426627463831,0.15218295851513086,126,34,16.44888541385405,Justin Turner
467793,0.1116491629575326,0.1146369278942399,540,76,74.70290164312158,-0.2756888317809139,0.22720176130781594,302,46,29.841765370323174,Carlos Santana
500743,-0.198038764003181,0.1796383586731445,186,46,21.622142188996914,-0.15870224324457094,0.13818001683038567,302,62,31.426338365636248,Miguel Rojas
502054,-0.2551627863163933,0.27134933101764297,340,54,46.45151804704133,-0.11609940623334068,0.14006872951597296,375,61,52.637745246486205,Tommy Pham
502671,0.04402183077157242,0.08642405227566934,591,77,81.68303736695322,0.021629756872752433,0.11503149878651757,397,60,54.08855594875181,Paul Goldschmidt
514888,0.03214220188581131,0.08437039076675135,552,80,96.59669276828112,0.10373876252774086,0.08779864722417244,518,73,65.85172631516828,Jose Altuve
516782,0.1549540315576602,0.11015026554310438,309,51,36.89432559176498,-0.04734852154506596,0.1454173594034173,296,44,43.79214640368971,Starling Marte
518595,0.005957782262306318,0.1640814848947097,260,38,27.019286511361212,-0.14304634663341206,0.1784877988297621,199,29,21.757178891040883,Travis d'Arnaud
518692,0.02478125509238161,0.09052887184243426,595,71,73.72442268038759,0.0030721980680020497,0.10295330942617681,616,75,74.78075037710246,Freddie Freeman
519317,0.2758379181810827,0.2758442942183783,76,11,6.617914342701095,0.040620245949128685,0.13720512410340396,419,65,52.44578726913959,Giancarlo Stanton
521692,-0.06259938900715425,0.10775020934392857,680,80,78.36242519273172,-0.06355556851128209,0.08826577618282293,597,74,82.15784260270229,Salvador Perez
527038,0.1546761607661401,0.09531268549249093,586,80,74.03550629894363,0.108955411132866,0.1601152358560096,276,44,37.71416693745115,Wilmer Flores
542303,0.06329152215171963,0.13229450028010442,577,80,99.34512967726867,0.12095331758566001,0.10761152916510176,434,63,57.120917490388535,Marcell Ozuna
543309,0.16858222302224501,0.13980917038291038,248,43,40.94932395211663,0.1219563271262529,0.10807491793822585,320,49,41.61181491738863,Kyle Higashioka
543760,-0.13489051343699274,0.10681246895638671,645,84,108.8499289117402,-0.07778231692139259,0.2118449071988756,321,43,42.78984208945708,Marcus Semien
543807,0.15844135245982338,0.14603148268922758,516,75,58.95927695014563,0.011299446269080126,0.11072680679578495,509,61,85.22720914903945,George Springer
543877,-0.040598596235809956,0.1755820070819606,242,42,26.143715224397397,0.2827799663796453,0.18484016526547858,107,20,15.966601961513257,Christian Vázquez
545121,0.1453494213289361,0.5358275489298386,53,8,5.624499354114099,0.10386565636862577,0.2962821415757329,156,28,11.757547577789197,Ildemaro Vargas
545341,0.30193797257044475,0.190245840790505,247,52,30.026518061107453,-0.5462788298489988,0.523888750853647,266,57,37.74517459430994,Randal Grichuk
545361,0.15399332104439856,0.10673621442998964,416,57,65.48498674711446,-0.0791345996782412,0.12176008405987586,536,73,77.91625425372578,Mike Trout
547180,0.20803162586054036,0.07014132478856165,493,58,90.90570293279251,0.052677694984639103,0.10035081688090505,654,74,93.58784688479955,Bryce Harper
553869,0.12848126289760767,0.16386801244682297,352,64,37.11851128839278,0.12859287615649767,0.22654264927915624,179,32,26.734840967486214,Elias Díaz
553993,0.07947090447679223,0.13201297924496214,650,82,86.22475265911201,0.03654472327883514,0.10710627422261561,631,75,88.82701119705945,Eugenio Suárez
570482,-0.08528141776754,0.15369509769228873,237,35,30.791795730746152,0.007581844399829462,0.18235691276277524,153,20,26.28552001792751,Gio Urshela
571448,0.040270991691010415,0.09429143207823229,566,80,72.45113160804175,0.0858441146676013,0.12167443371650498,205,26,34.653762221619004,Nolan Arenado
571657,-0.22552140217908345,0.14620623503125849,335,59,39.24531092148299,0.019277423498924275,0.13825472281319956,190,37,18.102632795671447,Kyle Farmer
571771,-0.2787116863145285,0.14792602351441803,341,61,34.29218527490055,0.22230535925706993,0.13520273122128196,176,23,20.620866343536896,Enrique Hernández
571970,0.10288513332228044,0.11493088264644949,546,79,71.83673628324993,-0.12766659303219363,0.31611672869082597,126,20,14.536156865314826,Max Muncy
572191,0.018160747820096152,0.22593369750792133,312,59,36.809329894799454,0.06455071444477638,0.11922316576333387,296,50,34.952942037792006,Michael A. Taylor
572233,-0.0037048761973710203,0.0929512139867601,667,81,90.7580835047117,0.04680077926444771,0.09306636787844788,618,72,79.22049285093404,Christian Walker
573262,-0.03392903698724873,0.09730901773631047,493,76,73.91352571483402,0.012354027389354776,0.11149084826832724,443,67,62.840642364007294,Mike Yastrzemski
575929,-0.13304964667377872,0.09091232027925983,618,81,100.43985660390442,0.1590235735624322,0.1380622884304795,410,54,52.75907772315179,Willson Contreras
578428,0.1975312628418511,0.1756341148924485,324,55,35.636664008598544,-0.09016981873124033,0.16201053080872455,270,51,35.234821678805446,Jose Iglesias
592206,0.04432899963785733,0.08435959030258906,692,84,105.3804755870762,0.2132018891072448,0.098722200120328,550,62,73.7121170813621,Nick Castellanos
592450,0.1460867847865616,0.07806969590191418,654,84,103.29783410720907,0.008430346952904783,0.10416141366041345,472,68,72.2081067446021,Aaron Judge
592518,0.026602244991924446,0.0760039584499917,665,84,107.91105607549255,0.09991702668838934,0.07539257787551015,646,75,85.91407942765221,Manny Machado
592626,-0.10182103772499475,0.15417446265770618,248,46,36.141840726977044,-0.04511044555247114,0.16386309748763841,284,49,37.70959656345977,Joc Pederson
592663,0.0394255631764203,0.09535846332591452,522,70,69.10314183918683,-0.05344662445759118,0.1074670298683064,514,63,66.46667419523058,J.T. Realmuto
592885,0.06505002353675267,0.09688494605673856,617,78,92.78788864087636,0.028115581741149274,0.08053424307377637,553,71,78.4446042412439,Christian Yelich
593428,0.1878515147516755,0.10556495540999018,496,82,64.9224771718621,-0.1514318013510242,0.23753798415836813,329,54,39.8303939979013,Xander Bogaerts
593871,0.05648931683307327,0.11590813627815114,404,66,54.321274604062516,0.11296900161193571,0.10776103769480762,488,68,61.825736488933025,Jorge Polanco
595879,0.05197088418672328,0.11393469354721152,461,69,54.48624389035763,0.01605466516990646,0.11069734327480281,361,54,44.57822424275729,Javier Báez
595978,0.04001985738113931,0.21387843311780866,165,26,24.2228300905741,-0.0081504078779413,0.26703035220868043,172,32,22.248581970946233,Austin Hedges
596019,-0.04727222134689732,0.08774331531726454,678,83,92.60757758016939,0.11447350686044877,0.09426205633328869,630,76,96.69451965124085,Francisco Lindor
596103,-0.1332683613619217,0.1844207815800441,178,35,21.59215604736295,0.2597711235423221,0.17862951493070495,137,24,17.894683989311464,Austin Slater
596115,0.04761689451225838,0.08278218968723362,678,81,86.11909949785908,0.07563594333683944,0.08691563237741659,615,75,93.54794408685629,Trevor Story
596146,-0.06869155238833911,0.10326041843512587,534,76,66.26953426181747,0.06843266109355874,0.14111886505159543,336,50,45.31346151166218,Max Kepler
602104,-0.016763388870155837,0.15515454613038068,404,59,46.51646853425063,0.1919413267407898,0.17871251862076265,305,50,37.01350953422794,Ramón Urías
605137,-0.12554989468765673,0.10997885096216073,504,72,58.37975044813191,0.08416458362691553,0.07499769472445487,474,66,65.58529439377332,Josh Bell
605141,0.0008498508978341078,0.13771877177784028,499,78,57.529909623859915,0.02939950987962331,0.14741849326110537,463,72,53.15232089287966,Mookie Betts
605170,-0.10226882336019046,0.13330942869850823,331,55,44.070237394582534,0.0758562771091659,0.14491696326832182,321,56,37.6830331375529,Victor Caratini
606115,-0.1581011924043519,0.24025729892009604,189,28,18.147030279688583,0.1412045593735181,0.1351288130179594,216,36,26.997578932437634,Orlando Arcia
606192,0.07904244603099052,0.10421104232000052,540,69,75.16295869222327,0.13734413543158988,0.08932872060205602,506,65,69.63494373201351,Teoscar Hernández
606466,0.11180761670253263,0.11502310023318012,404,58,55.70753087165173,0.14481019019610647,0.1077625293951158,532,68,68.96227390409805,Ketel Marte
607043,0.22491476671025065,0.11322370280475148,614,80,80.75855493442559,0.08195582524140607,0.0954719725733912,568,73,70.76039281698209,Brandon Nimmo
607208,0.06268416852216006,0.08922150253470118,662,83,96.73959787001665,0.1646896072970713,0.10091001824970008,520,58,76.82663327364442,Trea Turner
607732,0.35935783096207585,0.21434980478857502,189,28,25.775174730113914,-0.8053598949805353,0.6334042462970445,73,13,8.929985704838066,Jacob Stallings
608070,0.18261100320182866,0.10487420481530997,595,79,77.21585588130276,-0.1554528786015836,0.11791068084671333,596,79,78.62508963103929,José Ramírez
608324,-0.03094031015479899,0.0914822043441561,358,51,50.87744467229018,0.13852682366264188,0.0857025445494189,423,63,65.19153652609316,Alex Bregman
608348,0.029006112223686948,0.0745794660098679,357,51,44.83907162349213,0.033547409847731774,0.07395626609155856,375,57,43.52858100151785,Carson Kelly
608369,-0.06595707468119502,0.09145603547865824,434,53,65.37140926311336,0.1320234693198414,0.08899306125690823,383,49,65.53126289946351,Corey Seager
608701,-0.1391178084082318,0.1864451962112117,176,35,26.82020226468426,0.1657157264068383,0.15893702311892913,183,33,22.9664477922938,Rob Refsnyder
609280,0.006189102873403378,0.1531767232674316,323,46,43.92296559296547,-0.09656584331165342,0.10218433429656462,317,47,42.29193243697884,Miguel Andujar
620443,0.05247974245648104,0.11950328126740921,301,49,35.5963124320472,-0.030785813888853906,0.14693731063140336,221,38,35.78684195278758,Luis Torrens
621020,0.09381997310013275,0.07833058618527207,660,83,79.64289756255107,-0.26001961861393,0.11285178584086276,593,76,80.52517982322776,Dansby Swanson
621028,0.06982429415067008,0.11253897716052669,157,31,18.29066000943454,-0.051520186474872,0.15754356443734926,54,13,4.915486347244187,Kevin Newman
621035,0.0026399623740638737,0.17107130122842631,134,25,20.372939521208522,0.4145911662246498,0.1664110159285783,105,18,11.854883285534449,Chris Taylor
621043,0.07955307150330278,0.14747923425416334,494,72,55.41922692085362,0.08846282793314275,0.13746526786676994,530,70,68.7541307658081,Carlos Correa
621438,0.02177215437654945,0.12802334487215658,426,72,43.916582406300265,-0.2128702565281858,0.13525490287707717,164,28,20.120756168330097,Tyrone Taylor
621439,0.03029990855802165,0.10412431332441907,534,67,75.11558405587337,0.18363814330614212,0.1236082097536573,497,59,61.873178385361726,Byron Buxton
621493,0.0437391962442792,0.09517574945531554,509,81,81.5872771059041,0.055818068190302585,0.08021785478880694,484,75,75.52853329435547,Taylor Ward
621566,-0.11392484120874455,0.10218110024185012,673,83,107.9157802274503,0.08844089549884514,0.07778387937265559,712,79,108.56078122500647,Matt Olson
623168,-0.08422655716568413,0.15526747089235676,145,24,18.410391194437253,-0.21772000886597254,0.17075141998838927,160,28,23.198530239829438,Tyler Heineman
624413,-0.009481611725126748,0.07382439957094118,691,85,104.25797517510236,0.07197776394562369,0.10152177245341776,559,76,76.15876405095264,Pete Alonso
624424,-0.06039110249333247,0.08552424932478403,478,71,55.69984102184546,-0.11984260689321058,0.15610350525757805,436,66,50.07837026585095,Michael Conforto
624428,0.15280091205548407,0.09630107888122949,484,70,57.7792621367487,0.0631752351776653,0.1553433040467847,418,60,49.49153265477359,Adam Frazier
624431,-0.058758118396906665,0.1589970038690195,270,49,30.043071196280923,0.15650023918138953,0.10340111635586706,208,39,22.219793725629135,Jose Trevino
624512,0.10789571122957677,0.19118100033851185,102,14,11.6306109430396,-0.051913518635618126,0.11597745454430802,159,26,23.726846131841658,Reese McGuire
624585,-0.03806692005848476,0.09060045055437896,487,65,78.66599350499979,-0.07108323078271185,0.139465591880146,84,14,12.958409880577614,Jorge Soler
624641,-0.13900578979375444,0.1514037126536887,241,40,20.094765426907372,-0.04617445374549095,0.12146324154593625,282,44,33.140996126350124,Edmundo Sosa
628451,-0.08304129841822329,0.21202635489445287,186,43,20.422867910986895,0.005314099521054588,0.13879068766969707,176,42,17.560737147971032,Andy Ibáñez
630105,0.291153450927332,0.14388921894170198,403,59,69.8099402759567,0.05575029740286916,0.08979879379058808,490,75,63.73085716688155,Jake Cronenworth
640902,-0.020700486058988977,0.2918765624207631,79,16,8.749512978631621,0.14816056885552834,0.3855161804024239,56,10,6.3204353345830935,Jhonny Pereda
641343,-0.062154715306907506,0.11018706361746321,205,47,25.939014829349734,0.06731502088621318,0.11168421271471318,176,35,22.93653728366836,Jake Bauers
641355,-0.07084547708700757,0.07183979992070155,626,75,94.99508229075418,0.03381681284294397,0.06380843899611813,607,76,94.27502651535085,Cody Bellinger
641487,0.02884047634536667,0.09644684788880356,611,80,83.8128061978855,-0.09631166643030357,0.10868881964796837,570,73,80.62651889368297,J.P. Crawford
641584,0.34403483538222,0.11526154050889564,245,44,24.903965842184377,-0.17322525472592076,0.3695166613390442,133,27,13.593413308477611,Jake Fraley
641598,-0.12552206984003852,0.24671865414460448,251,46,29.796566236100524,-0.08289756731462511,0.1519705537135376,213,38,19.770411935189053,Mitch Garver
641680,-0.055822415253397324,0.11281010674842096,462,65,53.4307658151625,-0.054119356305360744,0.14275924158011413,359,57,46.2879870167221,Jonah Heim
641857,0.046143570411957754,0.11516813251311579,630,81,103.04562382111305,0.005105685428046781,0.10662850527111396,479,69,64.46070564633068,Ryan McMahon
641933,0.1999277966370327,0.15406476812999212,179,24,22.634407551384594,-0.25006604718868664,0.1556217410188841,203,30,20.018122380721863,Tyler O'Neill
642086,0.19542005945493757,0.23223846672394,118,19,13.41462386471822,0.053923472893738764,0.15474227959190795,295,44,32.21447409011891,Dominic Smith
642133,0.2939273055422456,0.12586982747913775,316,59,38.49531840258159,0.025500804003211044,0.17844927280823697,246,49,27.748078755440908,Rowdy Tellez
642136,-0.008038119700082967,0.3177706984657553,294,46,37.346506048116964,0.5696134988343329,0.25926825445465784,72,12,10.920021863193654,Matt Thaiss
642201,-0.14388817636370066,0.10867622752114087,335,56,43.925494139131125,0.1486536024538936,0.21946940388446015,173,33,24.231831258386826,Eli White
642215,0.4332810668931089,0.2119415324222339,75,19,10.3856311145693,0.16893161791680378,0.14474180589068772,150,27,27.048500340546354,Weston Wilson
642708,-0.3033986056189496,0.19490357701525568,227,38,21.150997225765472,0.7266908722326434,0.3211251574170461,119,22,14.712149968994794,Amed Rosario
642715,0.14282776791030208,0.09478235886878042,645,84,96.93062910276335,-0.10074169026663228,0.0854195740460613,626,75,77.24649259616275,Willy Adames
642731,-0.013293594619644978,0.21215927901864837,175,22,18.900997647922374,-0.16913061376092073,0.1518125056835032,122,17,15.323831668074263,Thairo Estrada
642851,0.062486813016391585,0.1800808956513997,155,27,19.28257051032795,0.04798903009924897,0.22391835654422163,64,8,8.160447914162585,Austin Wynns
643217,0.22588617330310276,0.12043899771475516,412,56,53.493913453153894,0.07159797896325198,0.12816184887280246,439,60,45.14563119985445,Andrew Benintendi
643289,0.0837237109572998,0.13033571944212155,299,52,31.481322773560088,0.0632521211607212,0.09278263329586009,394,66,62.4383069048545,Mauricio Dubón
643376,-0.11875824574285021,0.13882717107696393,340,56,41.62759613238511,-0.09035345667547819,0.19506260070455453,225,41,27.296968108178408,Danny Jansen
643396,0.41810035240161775,0.11159779636663063,419,72,41.22156356730271,0.18220591171461842,0.11780071665392389,342,60,32.16736637154857,Isiah Kiner-Falefa
643446,0.21173978628650178,0.08829988793948186,383,52,55.628504882432985,-0.07949002858993412,0.11177856321603404,493,69,68.70522343288587,Jeff McNeil
643565,-0.15614352926022904,0.15623433865916128,242,32,33.77523903556454,0.0014505440880600304,0.09206851493848307,491,61,66.52656702853146,Mike Tauchman
645277,0.028260502606219023,0.10392889592615343,648,83,82.84693650531659,-0.02643020303073657,0.12285264507326742,595,74,76.50749863217698,Ozzie Albies
645302,0.20540240572948126,0.2665061292451976,86,10,8.472615198284924,-0.7799642770347404,0.36235014382938263,121,19,12.297846019858484,Victor Robles
645444,-0.20737589563657294,0.1633441479100241,193,37,16.873730872452384,-0.3288257714119383,0.2223169467531727,113,20,14.570610952787687,Jose Herrera
646240,-0.007940347037954373,0.0729118691420294,769,86,143.3307055186928,-0.05580075624191836,0.081198366897692,639,77,103.1553019889086,Rafael Devers
647304,0.056058822373412524,0.12807337397285526,552,77,65.35364736053354,0.16992773282812368,0.12374533545158865,479,67,60.547615599966974,Josh Naylor
647351,-0.06886952659192065,0.08552933275032357,296,42,36.4383301311159,0.04952202188961863,0.13223499411649597,238,35,28.361471094316094,Abraham Toro
649966,0.07755586006415255,0.10051962337298116,416,67,55.47586128486322,-0.03774201628329186,0.1274817399517538,126,25,13.49160817587763,Luis Urías
650333,-0.20324968121787307,0.11144606109246641,589,77,89.55624153044783,-0.039786127469398615,0.1588235292973668,560,75,86.899524170024,Luis Arraez
650402,0.07737312718583288,0.07573200050072722,497,72,83.64111410718476,0.05929497779327602,0.06636865973374621,558,72,96.00971432402153,Gleyber Torres
650489,0.13871967271548458,0.0983875337978226,479,61,84.40878880742791,0.13351803838108767,0.16507339313851105,418,58,44.641688921209564,Willi Castro
650490,0.06938836640921403,0.08474630806000162,579,79,88.05219358925049,-0.043222163241912234,0.08082456436595258,511,69,70.74019472718385,Yandy Díaz
650859,0.09437250970291282,0.10482160868541686,524,76,60.5368997733646,-0.20874500142093477,0.12221251678082895,483,69,50.56687625675505,Luis Rengifo
650968,0.12656205477856813,0.1349430714206029,165,26,18.385472488609345,0.009891444102883343,0.26357889305077414,191,37,23.129489808291055,Yohel Pozo
655316,0.2585978381079974,0.2563798408174065,54,12,9.771078220445066,-0.17129857938954418,0.16690032971821023,203,35,17.021936337690782,Andruw Monasterio
656180,0.2997621845224007,0.251106691622581,146,24,15.52774368041436,0.17437075068483446,0.11214385347117907,407,57,54.66908524803128,Riley Adams
656305,0.15426879905436244,0.13033495618201305,458,65,79.26852715963811,-0.16291056417572145,0.1425138725692745,453,62,61.61398737102444,Matt Chapman
656537,-0.0910003745302331,0.09290987704565687,165,22,28.65274874104002,-0.02280600976234498,0.21804757954042947,131,26,14.171714291498278,Derek Hill
656716,-0.10037880850224488,0.1041431694145959,507,76,71.68404636215011,0.018334541305499538,0.09484279184535382,424,66,57.224143739833956,Zach McKinstry
656775,0.11327463480956794,0.11272688941133983,550,67,78.10183876236137,0.174096498360167,0.13335719800792079,407,60,50.00953848340163,Cedric Mullins
656811,-0.03802782517124714,0.11967460522580262,487,71,75.75823240101153,-0.14572169086508366,0.08202289032284098,509,72,81.31488707875957,Ryan O'Hearn
656896,-0.2031667109811073,0.15792869502475554,156,25,19.72554586819033,0.36485044864669414,0.26278335862881724,91,14,8.746920280334127,Emmanuel Rivera
656941,0.053174703143141704,0.11787632986320992,609,85,104.77009487891486,0.11004130429991842,0.12979106029739998,651,77,100.55382043557398,Kyle Schwarber
656976,0.04802301164277871,0.12995382031163136,430,75,67.11246994054045,0.0366547864641844,0.2938748481964343,67,11,12.005785299264623,Pavin Smith
657136,0.5124010003299928,0.20921479543367866,156,25,17.158805096152573,-0.10444695466529802,0.21013950159918682,193,30,21.09833019512324,Connor Wong
657557,0.1694313642802199,0.1242397447681399,141,16,18.493464094344922,0.060878368593423826,0.12044563322370953,318,39,44.706290398289454,Paul DeJong
657656,0.06597670876346119,0.136861996595322,351,54,48.15420939183027,0.066343134277543,0.09886386426317607,571,75,68.51613002331635,Ramón Laureano
657757,-0.1492257146525097,0.0991997102288425,560,80,97.0895762560127,0.020489666611074316,0.12269068280573246,450,64,62.03249238864795,Gavin Sheets
660162,-0.05208333725169135,0.29997969714507133,179,29,21.580715760542986,-0.02155731380103875,0.1651354609891502,316,53,52.32690847953758,Yoán Moncada
660271,-0.037014131442876734,0.07584772042876832,656,83,88.31190244215077,0.03801224301542049,0.09474194671024509,620,75,82.81045618405703,Shohei Ohtani
660644,-0.4558936918078192,0.3698140421967018,62,16,6.421509829355312,-0.1664817329228999,0.23019656920519452,111,28,12.705792539788566,Vidal Bruján
660670,0.19141204204205906,0.10362520258645966,263,34,44.88290779489561,0.05547348533870885,0.1108815480386492,523,61,75.5207033748272,Ronald Acuña Jr.
660821,0.1760229845096451,0.1513582564261686,469,62,64.33665611642161,0.27022780051811973,0.20680185652641225,445,71,65.71804350726175,Jesús Sánchez
660844,-0.20521561522170714,0.264884767095706,113,24,12.278627523663136,0.1949835950512091,0.390735962976429,53,12,8.518905590798372,Leo Rivas
661388,-0.06825212908573526,0.07925066079936015,581,78,79.03404080691334,-0.0248459872990532,0.09503953559567598,591,72,76.2746937886378,William Contreras
662139,0.28588987876417005,0.17483507288664527,205,23,27.905564890627836,-0.05573473467877822,0.14114048327934545,294,43,33.30092256570686,Daulton Varsho
663330,0.19267412428849742,0.45195099424845125,66,18,7.685593042802704,-0.09080425727649755,0.15044986083441272,193,48,28.204053191540122,Jahmai Jones
663457,0.04242634880514148,0.09133356322213684,532,76,80.76398523169874,-0.06879985354186613,0.12980963881027144,365,56,58.597793864071875,Lars Nootbaar
663538,-0.0058273989915877565,0.10276937453497788,552,80,73.91666595705883,-0.008082124910388316,0.09192644101585198,543,76,72.31098375140004,Nico Hoerner
663584,0.20374139164633276,0.2149251113517323,68,14,6.821296196880985,-0.5682983164696523,0.15738198902219452,63,14,6.132154852723352,Hayden Senger
663586,0.17514232800190785,0.08563022036300566,727,83,109.37511205304617,-0.08903990536565239,0.13190628096211615,163,19,22.34535735058724,Austin Riley
663604,0.06189624409576257,0.22596186885020303,167,37,17.957475385336927,-0.27358118535903814,0.21275233643414945,118,14,18.163837505583736,Brandon Lockridge
663616,0.12824751662723632,0.12210530110557476,564,78,72.14482574280835,0.22753939677075263,0.12268748268972053,391,63,53.75958788125573,Trevor Larnach
663624,0.06844612355700616,0.09134341919326402,437,51,55.94960776580675,0.13548074482890288,0.1570386566629315,323,36,40.37587910761996,Ryan Mountcastle
663647,-0.09046020894132721,0.10900148951843565,501,77,58.46589050029911,0.11218450265727398,0.06589148434535666,421,72,53.64361207596639,Ke'Bryan Hayes
663656,0.020017941094593428,0.10306980348271991,642,82,89.73128552955353,0.16704223129355117,0.14065577824792766,384,53,53.634415438865304,Kyle Tucker
663697,0.0695039728802543,0.12273173040251346,563,77,88.58403021243876,0.24953548802107872,0.13722887274874793,357,56,51.473612650562686,Jonathan India
663698,0.06997179509113224,0.08873866914445597,317,53,52.192040450065406,-0.2303573659800513,0.21245856858629894,204,35,25.630054680945417,Joey Bart
663728,0.06970462584933326,0.10174792919270245,729,83,108.5965202488847,0.08012153988985665,0.10166972431754745,694,74,100.05143686790211,Cal Raleigh
663743,0.10796168164464688,0.1978887966685391,191,39,20.240301409879148,0.272663625515659,0.20592983735236292,222,43,23.407106014409848,Nick Fortes
663757,-0.11853626461750434,0.2053626788518889,440,66,68.8208547652626,-0.1491168520283512,0.14085154260460858,455,68,63.7753161202218,Trent Grisham
663853,-0.3182189226076386,0.32322570019908664,218,33,24.372349509110357,0.26908052909403324,0.07759049156225209,435,59,56.85191555099908,Romy Gonzalez
663886,-0.06029009935115481,0.11453382711786086,342,45,45.90518374222734,0.1845941120529188,0.18274759093112172,247,42,30.810626936511028,Tyler Stephenson
663968,-0.1372027482679743,0.18611009676158566,357,49,44.09559243133614,0.21146938520741618,0.14331106166491164,491,66,62.718282490736364,Jake Mangum
663993,0.025598339460947087,0.10260813465042126,654,84,77.99924152428311,0.2543186040426703,0.11515056090889192,492,68,63.955251810527685,Nathaniel Lowe
664023,0.028016314541366986,0.08986758475117577,627,75,85.57464194685684,-0.07377478100279998,0.07606388795719048,527,75,76.18216922716525,Ian Happ
664034,0.0687513652710581,0.0652447500443964,612,81,84.45360327069827,0.2565091988158257,0.13884030109293188,337,53,46.13622539531974,Ty France
664040,0.04345744779866966,0.0974977072161574,656,78,92.64299541398432,0.013088646197206923,0.07794947753484015,507,55,77.02976815362908,Brandon Lowe
664056,0.150202922933763,0.09358947698550601,429,66,48.19444728962284,0.03919552352896344,0.12169161002444272,493,69,56.695909258031705,Harrison Bader
664059,0.2600989802347204,0.16935243588608315,220,36,29.504693588006205,-0.12828986063174005,0.3055005020944192,92,20,11.88328179029998,Sam Haggerty
664238,-0.0458560324394089,0.11788282282446709,347,59,41.06053933843468,-0.08147315341306272,0.22590446636625228,133,33,20.910678440001483,Dylan Moore
664702,-0.0275171348806942,0.10479977811283649,268,51,29.649734822965048,0.23619789718600195,0.2795896875563475,208,49,22.843119377085003,Myles Straw
664728,0.2797007332791277,0.1760469775096356,328,65,32.91119727080674,-0.173118933144574,0.2025074478951453,282,58,31.413117914455277,Kyle Isbel
664761,0.09912393329247556,0.07216126680857796,586,82,76.35071271712215,0.03356919612081565,0.10204625525682186,267,38,30.569985611200956,Alec Bohm
664770,-0.24871087180777526,0.13888942419010789,297,54,32.97664033991478,-0.16329511424914928,0.1054154614962978,476,70,62.758770511983215,Nathan Lukes
664774,0.2905154368526178,0.15541272796369254,346,63,38.363701729806145,-0.14009281334340454,0.2573274275959601,66,11,6.124498481502463,LaMonte Wade Jr.
664983,0.10902425328937868,0.16787855054318182,114,20,10.304029913223662,-0.02296100715311622,0.14984699547913735,269,45,27.00826230971542,Jake McCarthy
665019,0.0654482258890943,0.1494758019816691,291,49,28.437332525762343,0.0055716698425624335,0.0956201469076019,433,62,53.49789592571366,Kody Clemens
665161,-0.012865264794815435,0.08125528493565447,584,82,81.01755966619811,0.017591488570173855,0.10200567458342075,313,43,43.68569783221049,Jeremy Peña
665487,-0.00842021465695502,0.09683231509830027,617,82,96.62537587717736,0.13033197904052463,0.1113540571679481,535,73,74.42985916809121,Fernando Tatis Jr.
665489,0.010220397458542637,0.07569956606584319,547,83,71.32050088026,0.13636417382970176,0.09764849773617083,474,72,58.477814395038294,Vladimir Guerrero Jr.
665561,0.013670774223959401,0.4377252784018768,98,20,11.427158328493322,0.6052814879111157,0.2733295373024818,102,19,10.671025819271481,Rafael Marchán
665742,0.1304851283696567,0.11996833748948574,530,84,82.67809416335639,0.10372426141571671,0.14793275546970114,492,75,68.7689112551796,Juan Soto
665833,-0.01710639796540113,0.11496170445963931,536,75,68.48399895456451,-0.0020769514434021657,0.12329946524524292,368,58,62.629627348109196,Oneil Cruz
665862,0.048107919476480264,0.1087416920166529,405,54,56.073344281135476,0.1050496660011258,0.10843113150248865,569,76,62.27967490153422,Jazz Chisholm Jr.
665926,0.005513655744865333,0.14833017598060264,414,56,60.635704904974254,0.11897839361490715,0.23344090473249726,299,41,34.147875982330575,Andrés Giménez
665966,-0.12566451684267096,0.11456790112265058,500,64,62.25989714552187,-0.008558059879152752,0.11011178922960208,379,53,52.13763836863414,Carlos Narváez
666018,-0.04064048134503565,0.07225893702138156,594,80,75.7120777205624,-0.2748998446963431,0.22220942101433713,221,26,28.92620301972363,Jonathan Aranda
666023,-0.05160030083153128,0.1201440883411765,302,44,49.54817817283167,0.16098265698613326,0.13227241562973935,390,58,49.827457084413695,Freddy Fermin
666134,0.15382110985867395,0.09702062579056066,386,70,60.198423466560364,0.036281693842972154,0.14477420940094482,376,56,42.707854077903015,Nolan Jones
666139,-0.11820163505648243,0.11431529686981652,330,41,51.451514452668114,-0.0909661903357789,0.12403303740595166,637,67,76.1639974990867,Josh Lowe
666149,-0.1771152536997609,0.15586359179145975,382,57,43.155370393153014,-0.28307204628779337,0.29721764600180967,77,12,9.553870033150321,Tyler Fitzgerald
666152,0.15511377837907936,0.24864571502541943,188,41,14.070209714312401,-0.021494679896018793,0.1301421092611285,122,23,15.591528216704827,David Hamilton
666158,0.22239057519661803,0.1378006113251906,489,74,68.96722701888113,0.21680586624228515,0.21441016869883267,375,65,54.79683175432238,Gavin Lux
666160,0.17653003104460566,0.11021562202568135,388,67,38.92493210379159,0.1065819968126089,0.0976952595288121,501,65,71.63004899150948,Mickey Moniak
666163,0.244687009111571,0.12608507121386378,122,23,22.115012226952125,-0.19855732837647097,0.1699254638269317,103,18,13.113932949117197,Ben Rortvedt
666176,-0.009338612804678471,0.14501922666328146,514,73,60.91260483214452,-0.03768468358956638,0.08475124892487905,631,76,85.33593731543513,Jo Adell
666181,-0.005249476818144711,0.19685008610111923,258,40,32.646541659423534,0.03665231099854444,0.21679218987037946,212,44,26.88291885884498,Will Benson
666182,-0.023406771871982437,0.10444221792360069,679,83,88.42809962858591,0.0717575180548809,0.10724138131995904,498,56,62.372470539238286,Bo Bichette
666185,-0.11549633276601728,0.12768237222789985,242,35,36.35717945667507,0.29759934132986116,0.14015915536692594,202,38,23.486186107314403,Dylan Carlson
666310,-0.08733081175146448,0.1336839534930582,415,60,51.894881158661505,-0.004952988899470832,0.11681693294832479,359,59,41.30984656475296,Bo Naylor
666397,0.040962390894366416,0.11879128820877838,187,28,27.801754392005478,0.15544767742483828,0.21360131969836593,161,34,20.15875119412162,Edouard Julien
666624,0.2924370477460946,0.20355214865179969,361,56,39.31900523131495,0.5099785550719194,0.28317084583392,253,43,31.474349510217817,Christopher Morel
666969,0.1340274714334117,0.09265142775305261,653,80,88.28708285504322,0.14285126836844067,0.117093018613366,455,54,60.60774278115811,Adolis García
666971,0.07708776505269747,0.10089289349767551,610,78,58.625585665469984,-0.10544553360907376,0.15219222511401276,416,50,51.69422083493643,Lourdes Gurriel Jr.
667472,0.1220495890742223,0.16527813121553908,292,52,34.137045303976315,0.18546997955448397,0.22679312733674148,224,48,26.35411545756586,Dane Myers
667670,0.11033431475488611,0.09946050528301456,669,87,95.35378799975805,0.22860213836393764,0.1151398191282797,582,74,76.4512222277676,Brent Rooker
668227,0.049827117533990224,0.12585123981698726,632,82,92.67525424685043,0.061142436689936186,0.10272855430210491,582,76,82.65944333674125,Randy Arozarena
668670,0.1563247486653314,0.1756533014999096,101,18,14.239592115286905,0.1572433591143842,0.14420345097261428,146,27,20.787534733658518,Jake Rogers
668709,-0.00037414732981407933,0.12081310447843147,360,62,55.0947235999263,-0.014034622472306729,0.18702007442579277,216,34,28.43160642954812,JJ Bleday
668715,0.06538048084559131,0.08715443681848156,598,78,76.90103347379926,0.0689844487741147,0.10110249161050579,493,64,65.82592716946503,Spencer Steer
668800,0.024805888056680502,0.3271562782620169,50,10,6.291824626245226,0.3619664597717964,0.3690160812154836,100,20,11.23297924400131,Andrew Knizner
668804,-0.03541418874620746,0.08241794695068597,650,80,91.1620374476604,0.18722546027693163,0.16182432994823318,619,73,101.82351156105472,Bryan Reynolds
668901,0.09390756882502758,0.10857675118790397,415,56,51.69289664272294,0.12508432218246093,0.11797871287486987,471,64,50.42538941706601,Mark Vientos
668904,-0.012443916954025183,0.1632616026270033,186,30,20.99448066418792,-0.03131789382229641,0.09283696265455078,570,75,64.89740854226459,Royce Lewis
668930,-0.007591572564635344,0.11917541093667362,656,80,99.54382372845981,0.08989343818834784,0.05470312334545302,536,75,92.35561442820327,Brice Turang
668939,0.04214510071378378,0.0965765265033448,455,68,58.50860642487079,-0.08601816958846574,0.21270189488991503,131,21,16.581265308604642,Adley Rutschman
668942,0.015968475922560857,0.1077414579714732,240,45,28.82396644333486,0.12735400935463087,0.13624828503150052,113,18,11.67987940638984,Josh Rojas
669016,-0.05744690087347091,0.14488964873003482,349,61,48.68610924452546,-0.09972501294780753,0.12029914606527908,411,65,37.9338485624516,Brandon Marsh
669065,0.0008359146174587792,0.07776498646651638,610,77,92.46992949496484,0.0207507778231615,0.14122820687269436,293,38,31.25792756909185,Kyle Stowers
669127,0.16318813401918214,0.1017941133399322,414,57,63.4289470312574,0.11692646071741819,0.06224246668746729,574,66,83.7434179826731,Shea Langeliers
669221,-0.16939052772066154,0.18965403440963682,366,50,48.27874982399468,-0.11519268247319953,0.21636241633432993,274,43,28.720886003822294,Sean Murphy
669224,0.11305585244478429,0.10587208562007337,528,66,61.98186313982925,0.12183626365750384,0.1376064087203284,366,52,37.53495507373734,Austin Wells
669242,0.07869064095823242,0.09858230827479694,421,65,52.67910216942254,0.09210880490612762,0.19241879260762088,207,31,23.63393534798051,Tommy Edman
669257,0.09486646448408008,0.10603680674222753,450,65,60.7956832881601,-0.33436361243423074,0.18682674095920607,279,44,30.666791886256384,Will Smith
669261,-0.39183338682361896,0.3945363029690645,87,15,10.069355076663257,0.07941999989752227,0.17928293350837218,214,38,23.189797174591817,Jack Suwinski
669288,-0.3541528565907921,0.11689297376757246,52,11,5.67696798540486,-0.19207187869035064,0.30810609880224826,52,9,4.045408333403425,Daniel Johnson
669289,-0.14444134568976896,0.13036719853401899,413,67,55.45880136651235,0.24638605751324297,0.18088122061387985,138,34,16.067122988585332,Santiago Espinal
669357,0.38497414501156196,0.17581461483565647,337,55,38.331284053954604,-0.03922641426502504,0.11359330353019471,423,53,55.39648470797851,Nolan Gorman
669364,-0.2557943237315234,0.09578017264213085,486,65,66.41957351824692,0.0629486115540925,0.122859466575278,550,72,75.53437642579496,Xavier Edwards
669394,-0.14239861473392185,0.08962915164293647,463,65,76.22087404500462,0.2250471050361884,0.12603105583888302,255,37,35.95414356078021,Jake Burger
669397,-0.01670590092420191,0.1645951383967632,421,72,48.658561411123586,0.05377005838605393,0.13961849960141218,293,58,36.44453734441149,Nick Allen
669450,0.433651482135,0.3553352768505613,54,12,7.622117600944588,0.06510984715363272,0.1942863681886203,131,23,15.450904175669933,Cooper Hummel
669477,-0.15130657261458638,0.1617985965552178,190,33,22.33648561632137,0.020399579271820557,0.11972725106109047,473,61,59.506761324528156,Casey Schmitt
669701,-0.09397497126621808,0.10722782232395431,530,70,72.16819407596324,0.24304552626351497,0.07798026100417582,479,70,63.07798207693183,Josh Smith
669707,0.07631197943682705,0.17800698782128918,278,45,39.90897340226438,-0.14429366072028654,0.23016598267179433,373,54,58.635806806975225,Jared Triolo
669717,0.04628168113362755,0.19413190962346008,131,23,13.99861300641306,-0.14747111163635343,0.32077751434225715,60,9,7.873893363628082,Will Wilson
669720,-0.22480414365888884,0.13267503078549928,275,35,32.12976973384013,0.14923087491180226,0.1920312452558491,520,67,76.48613029107247,Austin Hays
669722,0.10976522237125912,0.17011035894838045,45,8,5.431299455772399,0.22865853005918363,0.5852837598207774,43,8,6.115446551852134,Logan Davidson
669743,0.382110090827616,0.12324103002283156,261,48,37.6989725124468,-0.24901046787594847,0.19667861118067995,219,43,28.888486566090926,Alex Call
669911,0.020524340432538157,0.102080909125872,492,66,58.985561163432024,-0.03840510240179506,0.10982412494177396,164,21,21.4996738453658,Michael Toglia
670042,0.19915035783013177,0.16347909789235063,244,31,24.38785526586424,0.01246188839778763,0.17302085442208937,194,34,17.657000676784556,Luke Raley
670231,-0.20816543139696678,0.17527085510189575,96,18,11.07913365369932,0.22766633531014635,0.25519901690318186,203,36,26.565655720822626,John Rave
670242,0.0002848829178046513,0.18151332919584084,320,43,41.227410085352645,-0.060864293172784856,0.18343753826969758,448,60,56.86681260816576,Matt Wallner
670541,0.037452853807238375,0.12453409883945334,224,29,31.860170550220374,0.07704428167776477,0.09922772685947993,126,19,16.655265528956267,Yordan Alvarez
670623,0.18713691091086057,0.2157980518081981,576,80,92.57368730573049,0.4436384321708347,0.16363770205408026,150,21,21.23909780442903,Isaac Paredes
670764,0.13961919624302965,0.08533274742748731,381,61,47.802473670991304,0.1007452889907828,0.1836606098986054,165,28,19.475176248412808,Taylor Walls
670770,0.09170009627920556,0.09850499009152174,527,80,72.01019784362317,0.1512480485345999,0.1404639153342149,457,71,57.48513688243932,TJ Friedl
671056,0.02061143650162603,0.1243270190552843,318,42,46.86100914363736,-0.0983219989101181,0.18055170147271266,464,65,65.59804309010823,Iván Herrera
671218,0.11714377323815553,0.10749336415934102,690,83,95.17267396389778,-0.028535669153076232,0.10943309392689422,556,74,62.789079087653235,Heliot Ramos
671277,0.08327706467328876,0.10448351116092822,537,74,67.579212848118,-0.10921944664685067,0.12266542758357835,433,63,50.285356571459914,Luis García Jr.
671286,0.045377398865240295,0.18241595175869033,72,13,9.44909031111084,0.23628584890301518,0.2669328618247795,63,14,13.000734412677502,Johnathan Rodríguez
671289,0.17253159805062468,0.14487251430628764,240,40,36.7915868084064,-0.017719797732165022,0.07835900702912477,472,67,73.98310178751885,Tyler Freeman
671732,0.033613865745251555,0.08376127010407843,664,81,100.7113174562301,0.15102207116904592,0.08875299213592337,487,67,68.25452534828709,Lawrence Butler
671739,0.09195372420277623,0.10931159841561568,608,81,80.53889796519148,0.34084311334187756,0.1565364074959096,580,78,56.97255311993844,Michael Harris II
672016,0.24576530751449077,0.24874444980374807,193,32,22.829608265374322,-0.07528871312094679,0.31997400100677537,92,14,10.785661469773014,Denzel Clarke
672275,0.11644612485491208,0.11460493117240321,387,63,39.6365228192171,0.12601961688126181,0.10770428050072024,444,66,51.894059492447774,Patrick Bailey
672356,0.11422700833088653,0.12214877900388614,593,75,75.70721727337133,0.20838605767358007,0.06858143871621453,411,51,56.65487149612983,Gabriel Arias
672386,0.05325032091363163,0.09084573911441302,486,69,61.47441917032293,-0.012549811335044195,0.10604744840070475,443,61,58.34106426507691,Alejandro Kirk
672515,0.082634167963779,0.10524273095241174,357,51,51.2710292659086,-0.09501537292132815,0.11487250691252653,216,29,28.975375586034325,Gabriel Moreno
672569,-0.14236767955644294,0.2976344529099137,47,10,10.233658674277404,-0.47415949696207815,0.24669309366082157,76,15,9.48077858973256,Gustavo Campero
672580,-0.022097051846491356,0.0851545936945475,513,82,55.746462581800735,-0.17464757495367506,0.09257411617096384,474,75,64.2151854356984,Maikel Garcia
672640,0.091079021429581,0.0926841616728831,444,66,60.7271547364926,0.07097104524803746,0.08341991541128468,525,76,57.726075511504874,Otto Lopez
672695,0.2565567878080896,0.1319193853260321,566,83,73.09505855987001,0.06796563556288553,0.0907499142141376,564,78,82.68711082487812,Geraldo Perdomo
672724,-0.07977934375482744,0.1271525548368782,257,45,33.17051858604897,0.07304026859665957,0.12495635736747758,265,45,35.30511512146494,Oswald Peraza
672744,0.17319937271685543,0.12575971428462757,321,45,48.13549665570924,-0.1671874720905561,0.19337841365010566,153,29,17.539834116561856,Alexander Canario
672761,0.19664139610034923,0.1248021708591427,193,26,22.843420262581006,-0.05526531902945182,0.08447530293902808,546,72,83.26319716846595,Wenceel Pérez
672820,0.1101121722430321,0.09416626163961431,471,69,54.672040991171315,0.11766922433868224,0.0858724742282997,559,71,78.15998082740937,Lenyn Sosa
673237,0.29295041001242483,0.07444362615177498,545,73,73.89653651275967,0.10093295776298296,0.08951421583147416,541,69,66.02010487011967,Yainer Diaz
673357,0.1594908050278439,0.10687313712884226,550,70,77.75258794600254,-0.268068736192519,0.18431200912593304,254,37,30.12103611122619,Luis Robert Jr.
673548,0.060041524314906405,0.09148870256695599,603,80,77.97832778681529,-0.10920737992480557,0.13980961270719058,497,71,72.1931631798905,Seiya Suzuki
673962,0.11727285065367452,0.0758554444419519,563,74,66.74323710185243,-0.011799938369184077,0.09588157660896973,408,56,50.509377697165824,Josh Jung
676059,-0.169280248571968,0.15224149535906414,273,36,32.55648500748251,-0.044075557211180616,0.11238115683421264,355,48,46.4175461077532,Jordan Westburg
676391,-0.3638015924080852,0.17922257308255296,465,77,42.02433794126972,0.05828747361201895,0.10370479116456768,491,71,58.13036042139441,Ernie Clement
676475,0.09235367657405802,0.11578613625685479,494,72,62.356399050925205,0.13731440539838843,0.08802047061131486,441,65,55.44423428499537,Alec Burleson
676572,0.19015360616912555,0.10954621927443228,514,76,73.98664178081641,-0.11813634243480974,0.14405458117469092,348,62,43.96576035771781,Eric Wagaman
676609,0.17494656944312162,0.11571208714468575,377,59,59.89400004997907,0.18625475449979464,0.15244336383984694,253,47,27.17869224793526,José Caballero
676694,-0.36375028412307897,0.17037407605120747,469,77,61.96057137600934,0.43647185443830855,0.30127938343416766,116,20,12.705580781831797,Jake Meyers
676801,-0.1359933696286046,0.34768496087589,86,20,10.276402579405996,0.19088134919040373,0.2043130529928337,133,24,17.81670184560683,Chas McCormick
676914,0.0823103344983644,0.21549956511339746,101,23,14.235013473847513,-0.2709471756644946,0.14879336272911672,307,54,37.45635498267161,Davis Schneider
677587,-0.21476847327268575,0.17344966488570174,182,31,15.722037293350567,0.09084004370323122,0.13755532354128863,506,79,62.164676891510936,Brayan Rocchio
677594,0.08300554021674306,0.08604594283766272,728,83,91.9943567293094,-0.14586561672067458,0.1071661554716162,610,75,87.35816140974534,Julio Rodríguez
677595,-0.2663276979197447,0.20089826317538076,144,20,13.817411846698063,0.1430695602363628,0.15922196000431524,215,38,26.12378217848614,Ronny Mauricio
677649,0.16846221159637273,0.20503249074713628,138,25,15.893007313043558,0.03370878709014468,0.13267276837771672,277,50,30.36471151609515,Ezequiel Duran
677800,0.11579380296608432,0.09610710363848775,535,73,70.91087367085191,0.07055415509513138,0.11573916465735076,288,39,45.22283978314918,Wilyer Abreu
677950,-0.19501245798188122,0.15647022778724026,445,69,47.01300440673028,-0.10839607295238107,0.14339359906218568,409,65,52.86114832028172,Alek Thomas
677951,0.05850532802671742,0.08184899660195763,671,85,97.29544000579278,-0.011874750064860305,0.1008448271128878,558,71,75.71530296546985,Bobby Witt Jr.
678009,0.07239090043448063,0.1457360543272884,141,21,24.83086278616396,0.15349817651302736,0.14967794260436698,226,35,31.49226065501564,Parker Meadows
678246,0.027155285219350647,0.07530513873445249,639,81,99.73925152163201,0.1071395577603155,0.1328095382664091,404,57,47.10853865047184,Miguel Vargas
678554,-0.13606626917006728,0.1448737540223101,211,45,27.39455168010308,0.06563511003722304,0.18687008969772087,266,43,26.858350600856994,Curtis Mead
678662,0.09830036803359697,0.10135089810330526,293,32,40.662040077798,0.06107474859211646,0.09490349321450829,566,63,81.78088259155034,Ezequiel Tovar
678877,0.1366369451547015,0.18022628645692082,235,43,24.91011137836034,0.39949641660312285,0.26782956924645374,102,17,11.377044011835146,Jhonkensy Noel
678882,-0.19359089783902536,0.07721531398929427,637,77,71.50583966331703,-0.101705505631755,0.09203121033375954,587,73,62.80497912187616,Ceddanne Rafaela
679032,0.37965229315658616,0.3843762526711609,245,50,30.68720337240397,-1.2064987002115648,1.100164813414703,48,11,6.386629259958723,Johan Rojas
679529,0.3196937748023159,0.11433212030619509,590,79,76.67353123670466,0.05785665596387788,0.082802883639848,563,76,82.41992533727004,Spencer Torkelson
679845,-0.09463890454804517,0.19234068901396023,112,21,11.38335032125267,0.11554805673080489,0.14794780707096586,194,41,23.6621266489781,Nick Loftin
680474,0.3023489154574332,0.19175664642681753,174,40,19.09413676819897,0.06574296091104126,0.09335102066651864,184,30,24.95218475253447,Max Schuemann
680574,-0.056035289842907225,0.10677353676928952,495,75,73.49641286263554,0.14201844929386057,0.14040833297245067,483,67,66.04123371012193,Matt McLain
680718,-0.16643705940368594,0.1374643728469742,405,59,48.42083561423286,-0.027748258875278816,0.10563223288665945,538,74,59.86929943510758,Addison Barger
680757,0.13884284812563477,0.09569474399895021,505,79,77.18919347397656,-0.10100785744171753,0.10351496179190792,566,77,82.55557718448907,Steven Kwan
680776,0.11851239164704741,0.058893242844065184,690,85,96.01799354284529,-0.056249528174477516,0.08275288071634417,506,72,81.57470940114615,Jarren Duran
680777,0.02884944931839727,0.15601993545807089,398,63,53.247980033122424,-0.05979669660731703,0.10849329251717889,313,50,46.01812245742224,Ryan Jeffers
680779,0.048228642838291993,0.1287730887600422,246,36,31.87804271280509,0.08271138969646268,0.10887959745182127,327,45,42.0297900174082,Henry Davis
680862,0.19705359743244988,0.17725251018387828,101,15,12.693814374814796,-0.30728027455398754,0.14966095816082386,106,14,13.051916964949903,Willie MacIver
680977,0.04500524508737847,0.07745252630504958,539,78,81.51315560608157,-0.13990360306053112,0.10833603732381877,271,40,41.42943338776508,Brendan Donovan
681082,0.10692037754566472,0.08902575307996798,546,76,78.41514146926004,-0.008127570485248042,0.08702781924645887,427,69,58.98284147315574,Bryson Stott
681297,0.44279401182376327,0.2261562956324956,173,26,26.994248676879756,0.0968350143308573,0.10758739259822404,437,64,62.8111088539398,Colton Cowser
681351,0.08210029721250806,0.1257123535435898,505,68,75.69759527613925,0.011532989745623053,0.1307483682437815,392,51,45.99050207546521,Logan O'Hoppe
681393,0.2784197090511438,0.1591789304646017,466,60,56.54255487778144,0.09834664770422152,0.21537018421101312,185,27,19.513271661709098,Connor Norby
681460,-0.003101453811632124,0.15002496725086092,253,46,30.512962764686268,0.17571567103829122,0.09153863290523591,385,55,43.30969390013712,Brooks Baldwin
681481,0.01555230063468774,0.09885377525148221,575,75,91.41012768137428,0.027629443394117027,0.09007948192840484,335,52,51.63610675474486,Kerry Carpenter
681508,-0.16452826736998163,0.1733528153923225,63,13,6.896741506446953,0.39808995733846264,0.19041897998332755,108,24,14.93361137113807,Mickey Gasper
681546,0.2073227847308824,0.32284432694184895,48,8,7.471081968790521,-0.028000733654640557,0.16478544318338698,227,39,26.182487425993052,James Outman
681624,0.06921139786061825,0.12122398768962195,663,80,79.68982517427486,0.07284783611449282,0.11562348801900663,573,75,79.26159456318307,Andy Pages
681715,0.208531402744561,0.14987404745783584,111,20,19.03623151682395,0.19724912220781762,0.1358287194679547,398,65,50.923096630706326,Heriberto Hernández
681807,0.05732969387589416,0.35192682711747864,91,18,12.044478817641792,0.0673713720564504,0.14876975634201214,230,45,25.707790952692946,David Fry
682177,0.0023234635831061554,0.1511559719961367,354,63,43.403557230344056,-0.2517632794297042,0.1540842260917927,374,63,41.531202487120126,Daniel Schneemann
682622,0.2757248914695621,0.1328776337894243,128,18,15.606024398262624,0.035535791574312914,0.1486267061082018,517,70,69.09189392596281,Noelvi Marte
682626,0.19766316686405494,0.08353668029487728,268,34,37.778757781070546,-0.05596003709638491,0.1316766695762755,229,39,32.92792375664229,Francisco Alvarez
682641,0.02389740910476438,0.16624820690127332,134,23,17.20542316410254,-0.017525104573016075,0.21110608955787313,214,32,22.980979264435994,Luis Matos
682657,0.11603378077577602,0.08069526736399565,452,65,56.653835562361806,-0.04045298617163979,0.1578702362702098,452,70,51.79797485149744,Angel Martínez
682663,0.0008785727839369789,0.10659712112981652,428,58,55.42773766941718,0.0392910863003354,0.11600076157548089,616,78,81.4862094126126,Agustín Ramírez
682668,-0.11154268352822025,0.18254061270606697,267,49,33.497746911161904,0.403162767971579,0.33509802687403933,52,16,7.464250141477302,Luisangel Acuña
682829,0.02196456868482516,0.0932640642930392,605,85,68.22415959668324,0.4599749871367514,0.3518860615875418,595,77,70.24979504546712,Elly De La Cruz
682928,-0.05151223163495856,0.12884941341311051,576,71,71.25003215978774,0.029315774064218394,0.10698946652086011,573,73,85.3275521330699,CJ Abrams
682985,0.3054301701971738,0.11457590138155885,708,83,99.37008368123132,0.2617552285764975,0.07715825316682166,676,74,117.33990135298997,Riley Greene
682998,-0.05611716537839005,0.11227502717788407,595,70,82.55459417488775,-0.04140815648819365,0.07904568608948528,605,71,83.97358868746548,Corbin Carroll
683002,0.0709081801728419,0.10616841987210605,577,77,72.76091869150852,0.014431320844028967,0.07931094316640257,584,76,78.45281269389581,Gunnar Henderson
683011,0.15750966233409092,0.10845967825420175,596,81,77.52005510415692,-0.06640750616683326,0.08935418147076772,485,67,59.10403004698095,Anthony Volpe
683083,0.4523968427517725,0.3425317111447552,108,16,12.651915034239552,-0.4676462326530162,0.24261639808036783,68,15,10.144500474906696,Nasim Nuñez
683090,0.7313128392676006,0.3471472960164025,70,13,5.956307593587647,1.0670553157087033,0.5624823656617107,51,12,2.635644690533613,Matthew Lugo
683146,0.381573425952951,0.11752115282128191,410,60,50.040680078122534,-0.03993637614212563,0.08384577117489231,384,65,55.48195614863124,Brett Baty
683734,-0.0054286590542781486,0.1530148423775888,372,48,54.185152934615886,0.3497268326123461,0.11071594793120262,427,64,54.53686664092501,Andrew Vaughn
683737,-0.043116033611400886,0.09886603222379933,535,76,74.33828853603634,-0.0732382603306792,0.16283180737003164,519,77,67.0828246099855,Michael Busch
683766,-0.18732359158398346,0.3020241056723437,189,32,22.111866252759498,-0.0789352828206973,0.1855331315232069,145,25,20.94828912881704,Christian Koss
686217,0.2111623929752906,0.1540233112272121,537,80,60.12339919169141,0.016426356651204795,0.10308836255352911,436,61,58.714230284317395,Sal Frelick
686469,0.07614450683549318,0.0768420614105733,606,84,81.36814909684989,0.031789674810327455,0.10874279671012031,598,75,74.47948214921179,Vinnie Pasquantino
686527,0.16985932620252656,0.16936899831281196,119,20,15.24516053708495,-0.0052293930939360245,0.1392195924561937,394,60,42.403861933283316,Dominic Canzone
686555,-0.21268190988850402,0.1318623465392058,323,59,39.881466593389106,-0.02847086123034481,0.12943999472445442,432,65,56.11671525820875,Isaac Collins
686611,0.18133397704044868,0.14707417785343596,283,45,34.96283971906004,0.2980450959708394,0.13982374570301653,248,38,34.16164884956115,Dylan Crews
686668,-0.1557518660866213,0.09394312831078622,526,71,80.84637169413936,-0.10713669405075688,0.1006757060724236,434,67,54.713482948824236,Brenton Doyle
686681,0.05667409634472111,0.09664148312431282,400,55,41.324500019482706,-0.011630692546649023,0.19386487670348168,134,20,13.169637187840916,Michael Massey
686765,0.14333365564135075,0.29300082781479553,101,17,16.59037145367239,-0.02853580436953883,0.4364604334197601,64,13,5.896269162769079,Nick Sogard
686780,0.1656675018046323,0.10982303844224141,407,60,45.794385809626384,0.06723796669587871,0.16254220585076146,349,47,38.92140504089462,Pedro Pagés
686797,0.23922739215743494,0.09612687385983568,479,65,73.53950274871748,0.051022733392262785,0.15317864708751766,470,72,51.143561747109416,Brooks Lee
686948,0.03469578475975719,0.0686906912146449,340,55,43.66807254838542,-0.0594744460151425,0.17844501397738124,518,68,62.52124796319084,Drake Baldwin
687221,-0.20561014802023841,0.18361911439319262,94,18,11.848134654651108,-0.06181548041998142,0.2586152132513549,169,32,19.304381279131007,Dalton Rushing
687263,-0.08579193719275807,0.10964195732562217,471,64,82.09789490960512,-0.10332974955484953,0.11172221981899545,555,64,89.74170141450354,Zach Neto
687363,0.09213851439265723,0.13641221114290003,455,78,56.20010620602416,0.04243175581599176,0.16841967656661724,277,53,36.86626611020017,Victor Scott II
687401,0.016646610138628594,0.10425241237808332,474,80,66.57247253123725,0.12900523254972493,0.13813304088153458,368,65,36.16075066233886,Joey Ortiz
687462,0.26601698829176534,0.16129724143966795,277,36,36.900524618949916,-0.13064173616961836,0.11769233503181374,478,71,77.08345180557306,Spencer Horwitz
687597,0.14938356099200858,0.09530035451495789,530,71,78.0988739862427,0.4282276679145489,0.1284864955385875,513,75,69.81583761470424,Jordan Beck
688363,-0.004525379520453937,0.2466374020895281,153,26,13.882676292614214,-0.2632251308297824,0.24422092039554807,162,31,14.97525052296933,Graham Pauley
689172,-0.009511250989868544,0.33644200017010273,48,8,3.3650436356847413,-0.57783129706422,0.24620080888928217,75,13,9.066324037018582,Brett Wisely
689200,0.21947779260458603,0.204471025235999,62,9,12.826173417527766,0.30685414259019206,0.17894821072310535,87,15,10.285585557532674,Jacob Melton
689414,0.4509897327473166,0.24746082755782384,233,52,28.8129614153443,0.015299753605207498,0.12056467637546187,328,67,44.25898655437926,Liam Hicks
690022,0.002901711362348643,0.16217700997959839,138,19,25.738640420025785,0.0243988739603158,0.1786706847418581,246,39,28.59485076172188,Ryan Ritter
690924,-0.11286721107488246,0.35071324602129705,89,13,9.043741220324023,0.23841914034002787,0.16128446794425472,126,24,17.853586945139476,Braxton Fulford
690987,0.2957469384933574,0.20008113395911947,145,21,15.070113202467907,0.01571298308010957,0.2160389690022425,224,43,27.972237225129987,Robert Hassell III
690993,0.02723956958105974,0.10623557460511733,429,72,60.25127338655564,0.05343420172076837,0.09664854580626242,377,63,69.49728690251291,Colt Keith
691016,0.18998834593688174,0.10081461238903908,619,85,104.02487125003093,0.2436486098325355,0.10345734031035347,437,70,53.02515487384176,Tyler Soderstrom
691019,-0.2009977428386824,0.29839141056371254,104,15,9.084634241437168,-0.1609883479296379,0.09283188324122418,431,62,67.09599114970845,Kyle Teel
691023,0.09620430673645702,0.08748701969872186,371,50,45.434338468911584,-0.010417004995126912,0.1369199179296316,387,54,46.24227729862267,Jordan Walker
691026,-0.20753462539746506,0.10546194007308825,551,72,70.80399167572395,0.0043810173210998,0.06783747466793501,439,55,60.43852272898361,Masyn Winn
691176,0.13922610787581435,0.09652873927656229,523,69,61.9333324776599,-0.14308859671306048,0.16839808770029202,322,47,39.98895758981279,Jasson Domínguez
691406,-0.029947803525148378,0.13885819074121258,599,79,64.63823662627598,-0.09353841500944647,0.09005451578157726,606,74,84.53045062115764,Junior Caminero
691594,0.06979899859577961,0.18436357629293357,259,56,31.948925022389496,-0.3076659233260499,0.22617759454480935,266,53,23.222433331240524,Javier Sanoja
691718,0.07926192350181362,0.07950695582665689,742,83,101.22113697381714,0.17371826182461353,0.11623810954801941,610,73,73.30380167530748,Pete Crow-Armstrong
691723,0.4094951194778307,0.25922705589024103,137,23,17.04454310103808,-0.14988388478380835,0.1667195609304293,359,60,47.549457054398424,Coby Mayo
691777,0.37437396550394536,0.16957993949741815,289,43,35.71194671653251,0.050505434028424306,0.14084508653819544,116,17,18.051410933957072,Max Muncy
691781,0.007563547560684769,0.30910817363965176,107,13,6.277634494574028,0.05490015319214514,0.1046489320852562,441,60,52.41134004088471,Brady House
691785,-0.0050929218397193264,0.1501449238393391,172,27,21.308190300509956,0.2325246508981851,0.3047764113029146,83,15,6.308124958367721,Marcelo Mayer
693304,-0.12862809442747192,0.16050635187010634,192,24,21.893903499675936,0.11096890503961561,0.09890973675272036,578,71,84.22738931265431,Nick Gonzales
693307,-0.016786050704602748,0.09667036123860477,438,63,55.73426056891088,-0.011248738290673962,0.10189510403364431,424,62,49.34897567530054,Dillon Dingler
694192,-0.0898925684791661,0.11940792847947745,688,83,97.06498291985261,-0.04106446372053799,0.11148184115430468,413,48,56.87372930541805,Jackson Chourio
694374,-0.12339112670762174,0.16058657905083326,294,49,31.313774241995525,0.19299808833962082,0.11990624288600794,107,17,15.192445490690417,Tim Tawa
694384,0.14765016281902338,0.09776487143397773,531,79,78.02580261754456,-0.0007084553379607817,0.11370529629550481,376,51,51.8499557981594,Nolan Schanuel
694497,-0.09447385733434104,0.3028314379254999,184,30,22.060606066364574,-0.06633411306214998,0.17204010483980825,167,30,21.519220544443137,Evan Carter
694671,-0.08542717078723812,0.10211904378930424,510,67,72.96600209116029,0.116209973904571,0.09416136433617653,483,66,64.22844380374316,Wyatt Langford
695238,0.09686872099468372,0.1966260177437141,158,22,18.686510301654625,0.1742503565819867,0.14189959694625362,146,33,17.26965647947991,Will Wagner
695336,0.19842906363942792,0.19529201855389763,137,19,16.431994514754443,-0.05689724547360454,0.12245301382807902,438,62,48.54405469194258,Thomas Saggese
695506,0.1854840028143182,0.14788240528227295,181,24,25.475353799566907,-0.07739749539745827,0.12839476683828951,249,37,35.93921800319331,Jac Caglianone
695578,0.21626823705176343,0.11440525347695868,597,84,98.18376540913462,-0.20786170148229624,0.09705839543370354,548,73,98.75272370483805,James Wood
695681,0.4141674928239947,0.18791399035824313,115,15,17.500662870104016,-0.16538873529176132,0.16383602485382898,247,34,26.893707859660925,Christian Moore
695734,0.1390602063279735,0.18142554150128692,143,23,17.19898670071128,-0.024274485402072492,0.18599711701127739,521,68,65.97274492395545,Daylen Lile
696030,-0.2851237063306392,0.22168546011212084,108,19,16.577840880600938,0.23161600957871833,0.0892260208390616,211,36,27.955119516866638,Alejandro Osuna
696100,-0.12805736746918042,0.08651780394708296,630,75,91.48207078752503,-0.0790962738732852,0.10237511768149303,517,66,63.18556515095962,Hunter Goodman
696285,0.06572463262703757,0.10242214906154005,263,52,33.697244632914106,-0.06447730321589006,0.13200611089554662,287,55,36.679657888041405,Jacob Young
700242,0.10226117957166946,0.12050425542167296,409,67,39.36015586937496,-0.022848683052342247,0.19353787845690698,184,39,23.063768292508463,Trey Sweeney
700250,0.18487420862998624,0.07672546027947064,463,68,63.241159424523104,-0.02856367428179828,0.08704374400625928,406,66,59.74314868045869,Ben Rice
700337,-0.08718506163378706,0.1122764146446834,338,54,42.02963157345089,-0.21163147269128865,0.11485879474871194,387,57,44.612792134643556,Edgar Quero
700932,0.06381486817776191,0.1235020578147689,476,72,63.646192257683836,0.1268821080686149,0.1482156534123297,473,70,53.04268281123615,Kyle Manzardo
701350,0.1858291483993307,0.1438191387232749,114,18,15.267225358382834,0.07813037934851828,0.12315152526119262,349,51,50.02616466098359,Roman Anthony
701358,0.027863549615066756,0.09078073910782067,514,69,81.63699072635482,0.17773473995672484,0.09485423614651992,463,64,62.91406350674145,Cam Smith
701538,-0.03475237702505312,0.12347730755791955,433,52,59.9137768389198,-0.002896775406198094,0.10384623578441905,514,62,70.74537569730582,Jackson Merrill
701762,-0.09574569753194213,0.1023008906969578,323,47,46.3883763550764,0.14299931265493004,0.06528050741771861,481,69,70.92224935279279,Nick Kurtz
702176,0.09519537856055448,0.2251984228717838,178,37,16.850450513255957,0.11161192090705678,0.263789048570232,74,10,6.567524203959284,Alan Roden
702284,0.16699168436911552,0.15636837500515915,160,25,14.048093117037249,-0.08957650472577523,0.10440241116014112,279,47,39.001525087767064,Cole Young
702332,0.022335756454839022,0.12337578351906213,349,61,35.792973112099475,0.04775853672040535,0.14089495717154413,428,71,54.39081953210936,Caleb Durbin
702616,0.004258614354596902,0.10798676285995946,576,76,78.40000448431695,-0.10534187325388099,0.10870493157640673,529,72,85.05459015185787,Jackson Holliday
802415,-0.08558004130919768,0.18982824749490973,223,40,24.548312050458215,-0.02416723737835954,0.11922083829440895,464,67,62.02371983303229,Chandler Simpson
805249,0.47598412696800024,0.2078434613920708,145,20,15.428901436625349,0.15829727158933712,0.16069112547837583,262,42,30.669716274387245,Otto Kemp
805367,0.07393000116686506,0.1289256036080784,373,58,49.46991796930211,-0.1226843433893621,0.13971879809925875,395,60,52.52094957611684,Chase Meidroth
805779,-0.0838775259144182,0.10749895740004888,534,81,86.8065227937435,0.035691215589368205,0.11924393286630827,279,42,46.174419911742646,Jacob Wilson
807713,0.1530337836582405,0.15115814201771688,356,51,42.19757851761719,0.07709306336724096,0.11179638099001038,436,71,52.020415870643816,Matt Shaw
808975,-0.06858261023411576,0.19948264340382887,163,28,23.144824716634744,0.25836353273601836,0.2351286873403414,163,30,12.39718434511674,Hyeseong Kim
808982,-0.02227879869659704,0.13472056106394797,562,80,78.75770632663082,-0.07167340517185894,0.14209065718167024,452,67,53.16492286650896,Jung Hoo Lee
810938,0.1543233882901417,0.09826105238298471,431,60,56.3163325812892,0.1427158247335533,0.21658911004017314,137,22,18.773251154418443,Ben Williamson
