player_id,estimate,se,n,games,information
457705,0.16921600143897303,0.21071760570887949,62,30,14.584599579077246
500743,-0.12998090626810327,0.12140973255106557,173,82,43.73206359628969
502671,-0.0435854538157904,0.1346864618979718,256,91,87.16564328379589
514888,0.046731875158679895,0.11127837013230527,368,125,110.22816069029678
516782,-0.08607598351149416,0.15135219543984604,122,50,27.616234544998044
518595,-0.28891229335927815,0.1905118648797579,52,23,9.64544885164309
518692,-0.03909791284070724,0.0599501006777349,472,145,143.1591981681219
519317,0.18874050511672136,0.22715888166416448,60,22,18.631725646665807
521692,0.19302413263013926,0.08102007790474353,469,140,134.3338154394303
542303,0.09439224418227525,0.12117213135786589,155,66,45.28975435817071
543309,0.014374568275604396,0.13526639515909886,121,47,38.26911355151668
543510,0.21365198923043197,0.13103285102148918,123,40,41.9798082100572
543760,-0.011461951505847202,0.1030769702551574,383,129,104.77170812605158
543807,0.016260808510681266,0.08199583718729092,345,114,89.40906284765808
543877,0.04218717255193497,0.10006452096875101,168,76,47.72294476741959
545121,0.0629226891662745,0.11676260154627456,317,122,87.27021901650542
545341,-0.18840388682751188,0.22006933109486912,190,96,48.997848926982066
545361,-0.026533698179627464,0.1493852091299636,296,125,80.26693109721073
547180,0.0435207887129576,0.06155765357588176,509,153,151.8766608827155
553869,0.13654147266909245,0.11111271859370636,187,65,46.12569907650706
553993,0.10823884700303428,0.11129947181273708,329,118,86.84154558392419
571448,0.1157068133544998,0.07908750939783292,365,128,111.7301640236797
571771,-0.009066321067713675,0.20602059555630012,69,30,9.5550886930019
571970,0.04737940020231043,0.13915561494129555,337,133,90.39506345340257
572233,-0.037746904207673834,0.09118775776701071,431,142,116.07250565442595
573262,-0.036837196669596,0.09640585803599418,247,113,58.181688177162314
575929,-0.0038290923079354333,0.09409184123227483,373,126,110.46320218755376
592206,-0.08342714831035494,0.1269748279272406,112,35,45.13500542670383
592450,-0.020613560473867462,0.09380152184572456,186,64,59.98705301692468
592518,0.10069742234844957,0.12526644665132897,434,145,140.5920470711769
592626,-0.08019978981937623,0.09429697512022991,267,115,70.5014419310005
592663,0.1628892098647435,0.09123103541246966,297,110,93.63006296032968
592885,-0.10462315401181568,0.07113810339962522,288,101,88.62936427340651
593428,-0.045106324472453996,0.1250649124547926,316,133,100.04700925473753
593871,0.06470006843896252,0.2088421886189237,83,33,16.37984497113267
595879,0.03887223905897926,0.1269717914803949,145,53,40.145462626022734
595978,-0.17081629255493525,0.169472838667524,160,67,36.12347448503883
596019,-0.24230316069913102,0.11171869909110023,271,95,76.81162724704123
596115,0.037521052605646504,0.1286510466759674,197,59,43.81275560373895
596117,0.484680387059211,0.3908608007453425,49,18,9.141519317794687
596142,0.12799558655050175,0.17511261643825063,144,65,46.63219008257015
596146,0.2578522897911756,0.20242655009289887,110,37,22.261597282768328
602104,-0.054697059093364454,0.39526899627652123,67,28,14.915054992043165
605137,-0.0707428971301394,0.09224292940352108,435,145,127.14679072200994
605141,0.011875030169163471,0.13280304753493954,254,103,62.77222663477341
605170,0.1370550325859532,0.1805167501488238,229,94,48.143536793483044
606192,-0.25997505726190356,0.1317485002077568,284,112,81.29207276750186
606466,-0.14274002799480212,0.08107646564910789,412,129,106.57318846738647
606992,-0.4085377261930084,0.49278180353174356,47,22,10.27438647456567
607043,0.04379750793702985,0.11808149933723054,442,139,118.75212565018008
607208,-0.05970742953093145,0.11836498339963625,445,147,126.50072576194741
608070,-0.00021851145971894792,0.09531016448724856,314,113,93.89741381630917
608324,0.03695959669536845,0.08494630966348955,377,144,109.1150988736523
608348,0.08580079527713118,0.06046561970459439,266,99,88.03980021054716
608369,-0.10515887951357161,0.07450088823121477,307,95,94.7819986547418
608701,-0.1407980678372537,0.18034888691868764,78,45,25.74140833500029
609280,0.009082620798883213,0.08606749059270406,189,64,46.32845864456747
620443,0.1425704571304435,0.06962451861805916,184,75,60.33370458596732
621020,-0.002831806550438468,0.07435258989753661,345,116,103.50851660859342
621043,-0.17303817432706378,0.21747294431109884,96,31,21.823447534404277
621438,-0.003417999913969247,0.2204913853930882,149,70,37.69398389532487
621439,-0.0422420549727971,0.10432864605676964,311,91,90.65716321392136
621493,-0.16801055252103025,0.15132647649177025,275,116,80.5586249899516
621550,0.05642184608122763,0.2063528597140965,40,16,14.796844306896723
621566,0.09397561596295888,0.06909333038906587,458,148,140.57005295081814
622268,-0.02510012610304825,0.09038105097134663,200,72,53.937885218337904
622761,-0.14632203123206372,0.12806312138448114,165,63,37.2891744202247
623168,0.1740057987899404,0.25912362409652606,139,56,25.81460023319196
624413,0.0028320741598192355,0.07520960857417015,440,154,130.8099259318568
624424,-0.11358680491053764,0.14186644689702724,188,92,53.270069938335425
624428,0.03591776169110737,0.19071029341887816,102,48,20.760773880665475
624431,-0.03249512853329756,0.13727138923698798,107,44,19.921832983061048
624585,0.03790657656921134,0.09169121658398705,277,82,81.02804120196926
624641,-0.029613401325973992,0.0847367109041591,219,74,62.55577049949338
630105,-0.10229121034982522,0.09212237510429841,235,89,59.06034615819987
640459,-0.8745896063458979,0.2911379650738944,41,18,10.131467363965104
640902,-0.20861353193995846,0.14668006542945305,67,24,18.112065178516296
641343,0.08429232132285669,0.08942423356596667,326,120,99.2941994954223
641355,-0.031233209976565975,0.0746245776973906,372,125,98.85845645091605
641487,0.07920558689577498,0.13011006798865954,224,94,66.4856255216817
641555,0.10945367004257962,0.1789348521929727,53,24,14.937728209092274
641584,0.15444737451881177,0.2602311996656787,51,28,7.565712807746311
641598,-0.10751205550195676,0.17575140553768878,91,42,29.10977039813006
641680,-0.08318640877726798,0.10416407395514744,244,89,68.18877287592308
641857,0.10134641423152396,0.09047010300270544,221,96,59.033830900100355
641933,-0.0008616534409678708,0.1141206331895503,179,68,49.6670669300984
642086,-0.25357413566140496,0.1416784264433772,223,88,56.462945984622195
642201,-0.08707720575616283,0.11397381735243371,139,69,34.07163456423792
642215,-0.07614625505126314,0.13991144324646504,116,49,33.91774170653197
642350,-0.4582721416344964,0.16593691225822568,164,71,38.228696296354855
642708,0.20022311589742547,0.1261265011464995,184,76,52.07469806188255
642715,0.0599444242353692,0.10586590587957954,341,115,110.0291796325635
642851,-5.21079005881067e-05,0.15501184916402402,75,27,19.357758721512216
643217,-0.128261035349969,0.0947750095343682,357,127,93.93093600068202
643289,0.07461669821461334,0.0600486828980711,469,146,125.30542870339974
643376,-0.011072761359030578,0.21213995621365192,127,55,34.74416492966552
643396,0.035267804402516756,0.13874332281671634,102,44,35.45336184942195
643446,0.0020787409280847023,0.08235508958953995,442,130,107.4431392591994
645277,0.006461336396427751,0.07390144424288671,533,155,138.94014129039095
645302,0.13049104866553082,0.17767047308423112,103,40,29.969787830932518
645305,-0.05409915784660293,0.2915022746818947,55,27,6.7300264447200275
646240,-0.20589299186816698,0.1808858716261835,411,143,120.70692209440094
647304,-0.03403205427787268,0.08869890272956024,418,143,114.50951134833807
649966,-0.12222471003806873,0.18749010833322244,52,20,11.28584969261446
650333,0.08804671569783677,0.06717769757112656,395,137,95.56038698275881
650402,-0.12836426936112177,0.07655753020804323,249,86,77.71231289513833
650489,0.06551908416143837,0.08264385451880822,362,111,109.69093753707227
650490,-0.05957802557051952,0.072434583137297,426,146,102.88411995837033
650559,0.10797806492748038,0.2915239561269602,52,24,13.467398056067541
650859,-0.05971515368030206,0.12238056246658816,238,87,57.655891309645085
650968,0.2482747619512931,0.1957440452043504,47,25,14.15132333691461
655316,0.010815578942872883,0.09755219511521232,222,88,74.82059042373427
656305,0.16163632967365382,0.12095244721875203,212,77,70.22932206587087
656484,0.12380927098424162,0.13632726792609381,158,56,46.14945345491884
656537,-0.012847077224773667,0.16796254952831743,181,74,40.14408689693728
656555,0.13607273955006133,0.09985224977281468,178,84,56.67117208014628
656577,-0.1869377281368071,0.284983233865325,60,25,14.278099284580328
656716,-0.06002323265719283,0.10988821593355708,275,108,60.81551674433315
656775,0.0651702249745145,0.09619059828313178,327,119,80.308104771707
656811,-0.07737860949443817,0.12436016957385576,257,96,68.52453265556233
656941,-0.07266879763551413,0.0904365680610796,425,145,154.92080344840042
656976,0.05347862907865936,0.1769093756552875,63,28,12.815043465046715
657041,-0.16872088306795588,0.09974921390313445,234,99,74.8260813668237
657136,0.20077360902730598,0.1489211446398233,144,63,33.17766584995458
657656,0.02470247499111966,0.23812391875481106,148,48,44.70364120963755
657757,-0.09495933140986985,0.12501819542360784,232,102,62.27717605271643
660162,0.12754191573924478,0.1748554801711419,71,34,19.90715468435299
660271,0.022144982414815613,0.07712122058229037,393,125,111.60364431310285
660670,0.017791336052077302,0.12735234734410547,298,99,88.37307400707805
660688,-0.02632176557441593,0.07700568288410733,248,90,65.92029847120378
660710,0.30663548333212287,0.2830521050563256,56,27,9.247718733360252
660821,-0.33466263456319717,0.2594356831312227,216,91,57.37346688305074
660844,-0.23890902512732703,0.21058756416805027,69,36,23.00294679186461
661388,-0.03143181318114993,0.07623438063408879,409,133,124.8555358686408
661531,0.45422689618736956,0.3571318937743427,43,19,6.98890442255505
662139,0.04239450761818695,0.07254345331509718,380,127,109.07296301782128
663330,-0.1524098083097281,0.15442783046010336,128,73,26.445524050136846
663368,0.27199791254529815,0.28422246843886995,56,30,16.032737633055902
663457,0.3881285927020652,0.192213457831785,162,73,39.54243723060145
663494,0.51122155929593,0.33968885390208137,85,49,28.124711939618354
663538,-0.06307804234247165,0.07365727467292386,401,147,121.80193803233713
663586,0.16383907190067548,0.07668681537443171,437,147,114.92116751569469
663604,0.19946006654920526,0.1096330974206225,76,33,24.89221669162815
663616,-0.08223349128417755,0.11694664510583985,275,111,69.18243745440293
663647,0.06327968296845347,0.10985178500174082,155,65,37.04653219571767
663656,-0.011636711613268465,0.07722431931261885,442,143,141.44423222653722
663698,-0.06647597681300317,0.18692734864020608,77,35,17.35502884129832
663728,-0.10096445572587022,0.2525214168980347,371,116,100.24404360319929
663743,-0.0636800443286455,0.13709275926022046,209,81,50.15942743347181
663757,0.0906518752133833,0.14412280816456263,238,111,68.06216183852138
663837,0.11465188023019598,0.07764465657284104,182,79,53.20918602382703
663853,0.38972090019403344,0.2584687946561122,62,19,16.533063306623085
663886,0.050228839048138574,0.0962654095881506,308,115,88.8880538714739
663968,0.03714352544541231,0.07488353215988848,398,117,111.67540486465859
663993,-0.16328668269402688,0.13319021781985563,250,100,66.00141106453216
664023,0.01865249174152483,0.06458456510327708,403,138,130.69614944692307
664034,0.08183557836256876,0.07711079049279541,321,116,100.73070214814287
664040,0.07236566512828208,0.10159232057165983,441,141,136.45825202026757
664056,-0.19238541300374076,0.17005498176469447,93,30,21.500348497186305
664702,-0.08274390126200183,0.11072737913115097,162,90,43.968658778628196
664728,0.04895797328560341,0.09541109269515251,205,86,45.273567150400886
664761,-0.029632233662630545,0.06016668102702365,393,142,118.87758860246453
664770,-0.04885453670094055,0.082268035090778,275,110,72.02118521432661
664774,0.013940802408122038,0.156625563090112,78,43,19.77190082841514
664954,-0.006090872408894994,0.11483300256437212,153,62,43.270481497178245
664983,0.10019807233245384,0.07114040484147906,432,133,85.00101409098482
665019,-0.07086653618876271,0.08432925996935672,352,128,93.74816811760354
665052,-0.08831800954521253,0.10424977481396334,201,80,62.55001888536609
665161,0.009113531590642536,0.07140140832268803,372,103,116.38895490218165
665487,0.11026361957540662,0.14235114344779642,398,141,122.7085733832134
665489,0.08087753076655803,0.07008797194206655,407,138,85.99000298664684
665561,-0.2184383666342966,0.23245828748641836,63,29,18.845361547609684
665742,-0.060325368538955496,0.16132240592680852,251,98,83.5053550718961
665750,-0.023389201293102117,0.07162868280557276,335,122,106.99193702026567
665804,0.1835067808263021,0.12045040286074338,165,67,52.759745018843645
665833,-0.06554431436446342,0.08265106440594203,228,88,73.65818553768457
665861,0.18068355365045405,0.23169131016277267,50,18,15.8949709455088
665862,0.11166969428749891,0.10901126903522787,363,126,87.78461662468587
665877,0.02314937387355465,0.1377450707527954,194,88,56.94292525860626
665923,-0.11965609534389587,0.12586285102696443,170,81,41.32875336641979
665926,0.021817296543089195,0.0855361870492747,398,132,102.33788108333479
665953,0.05896794711731292,0.11363442265306284,152,66,51.3099909496104
665966,0.06285631675645022,0.11838242284688612,202,76,52.78150537590254
666018,0.00552184508132889,0.0699736142325363,395,137,118.02320183667011
666023,0.08224355077583081,0.26868037971402975,182,69,45.54124167080502
666126,0.04944277212508416,0.09209054585555924,222,96,60.913667143598985
666139,-0.07657869521713653,0.09608481404362086,261,99,71.65892888754098
666152,0.054578185933415714,0.09861562009666916,205,90,66.83202065196873
666160,0.037907968014685794,0.08248835013940611,367,111,89.77806594891109
666176,0.06811133764257515,0.0767318075012789,492,149,130.87303110024405
666181,-0.2695959849201258,0.2088731523269243,84,39,25.721418499790342
666182,0.11275137792236851,0.08523898904331072,479,147,143.26615914739108
666211,0.09600421319603628,0.1730535061141792,200,81,53.48561789680427
666310,-0.20438887688557933,0.16782847207651044,76,26,13.53339962270849
666397,0.31098987553700913,0.12703490091448943,174,75,43.356581946040805
666624,-0.06150274388086355,0.25618613834621956,74,29,20.872240057776708
666969,0.17479072368197054,0.13496889597908518,149,61,42.48303134389553
666971,0.11793513596151,0.13623880772978686,163,49,47.36140505395412
667472,-0.1757449181844112,0.09427663629988256,185,84,53.19149919380774
667670,-0.00198047061590696,0.17162566205581056,130,44,31.57191336625618
668227,0.10595025126444237,0.08538185019143751,428,139,118.53321097715397
668670,-0.010831354364187301,0.1523237502558979,109,45,27.662826669784174
668709,0.2056026078236376,0.13396142159380878,359,121,90.69449323798602
668715,-0.1847751384787781,0.07794464982055042,242,92,73.92136672323583
668723,-0.10920439667709511,0.1214286160056179,149,73,38.13926959143535
668804,0.049881303775677344,0.10016564782831033,510,154,142.1937267395246
668885,-0.22225532934127903,0.1347385185169109,166,84,51.092903852013535
668901,-0.037585472943590846,0.1510181970915592,224,78,55.72827957324186
668904,-0.10588774007036762,0.07734382776391993,379,117,113.8774129611144
668930,-0.03602718602095441,0.07442345849264316,346,131,112.49197787961529
668939,0.15156338818386048,0.09293318515621465,206,81,76.29335021459583
668942,-0.4317759410951188,0.14368667832614365,73,31,23.634666665272967
668952,0.04096133450779209,0.08976635915409666,208,82,65.4482657429971
669003,-0.1699217185435421,0.10907561700088358,335,129,102.21321762292384
669004,0.2612535975221044,0.16254608217350916,103,46,28.62310348543507
669016,0.014715624309196486,0.07132813705062353,410,139,119.12706811321914
669065,0.1423830777392765,0.06537717535767647,372,116,118.44858992049859
669127,0.001462252634493402,0.08013367708038244,282,92,69.97802332545837
669134,-0.28204312395559555,0.1903104082816247,175,62,51.411294799853096
669221,0.054854712905832714,0.1678894370073978,63,25,14.510809813933271
669224,-0.03515924421871457,0.0922703713177733,271,108,80.49730462898886
669236,-0.049765661850069365,0.1476579312060463,227,83,62.537892937929385
669242,-0.039379842819201705,0.07769145994347453,213,74,49.84781241214631
669257,-0.15911412515056814,0.13718547759619856,138,59,44.864955651256835
669357,0.024231859493221028,0.12099246064245256,207,81,74.06673772889677
669364,-0.0953361958446321,0.09626937843428761,324,130,89.8197215082817
669392,-0.2497635429790922,0.1675080077035926,81,38,20.12920241754317
669394,0.003447350518628602,0.07374334009101284,451,146,131.727228492001
669397,-0.26758450078313306,0.2996405948388534,90,49,14.7786754262532
669477,-0.0028695613106258,0.13580334506944022,316,92,84.49880763074414
669699,-0.056201824011538885,0.21295170896017346,73,28,18.081834039076092
669701,-0.031675785387447745,0.11057331654055472,169,62,48.37456116075916
669707,0.15325749591292484,0.1320834768620061,227,99,70.79827540588886
669720,-0.1988742846642117,0.20413915780649364,75,29,20.841708399688905
669743,0.11922796343083748,0.2337205445244864,106,52,37.43504029338303
669899,-0.09772829951637481,0.20123571095531287,42,16,9.401880021962823
670032,-0.06197826440348222,0.08883479682386324,206,84,47.389284807342705
670042,0.11386758515995116,0.14595641883901722,239,81,64.78412773379378
670097,0.6684248156886653,0.256757433945476,44,23,5.997913924386625
670231,-0.1265887575740788,0.13123500110122346,90,40,26.39862363671684
670242,0.10653351310092712,0.2091962323638733,113,33,37.78200527066538
670541,0.18235952914893677,0.08520713281405093,370,142,96.08669580235909
670623,0.11355213802582557,0.1389055756185296,352,136,100.28996432955445
670764,0.0014252900627924206,0.09911063195727211,242,105,73.24953113785912
670770,0.019463901850036998,0.13498548346869424,130,64,33.89356812946503
671056,0.12480359798177097,0.10190821733325818,424,149,125.84880801037154
671218,0.12613071748724022,0.08465434242944832,289,101,81.28396222724848
671277,-0.06761880895258694,0.08958240655128301,381,134,100.33891965682582
671289,0.1588880602555155,0.10233523965558898,176,68,58.39953160169442
671732,0.11804421155694944,0.06716563490565391,339,125,104.9954269716075
671739,0.05745828340800534,0.06681752393943426,467,138,123.86419109473559
671976,-0.057578150849984445,0.10053670378974972,360,134,84.17242183888882
672016,-0.527399144595878,0.4598249466534815,40,23,8.536711965369399
672275,-0.09717064451062,0.12611374955960852,263,95,63.366676763229044
672284,0.05793708606818495,0.18168987602445735,51,24,11.043123634196245
672356,0.005395435545903369,0.1270969298016831,119,43,32.445749542084606
672386,-0.22112840448709525,0.1821366003626468,188,65,46.24177589110826
672515,-0.09772861807318164,0.06902720920720458,310,118,93.66403373892058
672580,0.08816017414436059,0.11669276359791154,169,71,53.519163614638884
672640,-0.015085371117025022,0.07366659266228875,378,138,123.36742607289916
672695,0.008710668072926373,0.09511653423117213,315,133,81.42941818243239
672724,0.0995863972605893,0.09060693739988507,288,101,72.04459962060025
672761,0.04968595541426505,0.13133286941132716,119,50,34.12596258580264
672820,-0.030377501919812987,0.12186619273685738,107,37,26.227138952721834
672960,-0.02235081452751408,0.08936233249642479,401,143,126.54347303103162
673237,-0.04982994348035534,0.06735340958424577,276,85,90.44025795910358
673357,-0.20056557826556617,0.10095349013314783,177,57,58.08028953411949
673490,0.39567001785658185,0.1919730576208271,86,37,16.867543199848892
673548,0.009540973389777208,0.08614260493400605,327,132,107.57994578425524
673962,-0.08927338597410404,0.09339276015821063,290,98,81.18473329185258
675961,-0.25584087612144785,0.10927432804343343,157,64,39.86406474934107
676356,0.012733074805077254,0.10449604043579809,260,93,70.34824832272955
676369,0.28554539426535913,0.18833331798055034,80,40,19.218691266267676
676391,0.005960568187821269,0.07901224565534008,481,148,110.0622924300563
676439,0.01653310435130514,0.09054548716612429,144,71,34.52309977487831
676475,0.06551648942999251,0.09933089352174279,466,149,115.40404175224566
676609,0.09016002514392008,0.07020991699973234,311,111,97.01442149826119
676694,-0.11993443107801324,0.2572249026844045,127,43,31.74646842258737
676724,-0.16585099698304032,0.16816061374967334,233,90,62.278083726295286
676914,-0.015016917838430616,0.1592302690103039,73,39,18.990820139618606
677587,-0.024038581452418266,0.07723550701681609,432,142,127.08899238969397
677588,-0.07882023214199164,0.08572538461422809,204,93,48.802048948762454
677592,-0.07248043453656608,0.15225240310940538,78,30,21.089341492240308
677594,0.15070825857108894,0.07227447756735551,469,140,123.14377539062542
677595,-0.0041953555041616955,0.20631833217608392,52,18,13.167364953348162
677649,-0.14199796370482165,0.19421696395138247,432,145,117.23151608989654
677800,0.20260747595092785,0.07253607560065485,386,141,122.9142596402883
677870,0.09707093923278916,0.08646580724888986,109,55,34.9154119972618
677942,0.11576076977290262,0.11157908773450215,243,78,62.50865441332192
677950,-0.08252747081414437,0.2020851462948906,97,29,21.540111455422128
677951,-0.03606921219271213,0.06762257415514977,396,132,120.35168225916563
677956,0.3033301619662596,0.14600841010511845,42,20,15.781346772603841
678011,0.2967252869657124,0.21124578422786294,109,42,31.897585745565372
678218,0.0441985866771035,0.11797353857660778,200,72,65.0654771036107
678246,0.0072929308814454535,0.08159214418455266,393,138,131.88128746301481
678391,0.18865432140782018,0.10450218547641457,262,108,67.84865497140169
678489,0.13852620105026656,0.18561281809376096,89,50,25.226024254845115
678545,-0.4495706892553013,0.24086500655991033,75,36,21.326498221796065
678554,0.03373104954853621,0.12434024630348205,172,78,66.20752972676875
678662,-0.08390641455098266,0.07313421141552244,423,127,119.90783110792535
678882,-0.006960975992724754,0.06249588892713366,421,131,136.29254774551168
679529,-0.2138138259999371,0.10007434804398903,368,138,130.06945036103286
679822,-0.09164194146546985,0.12773543464617246,140,72,38.438438877324984
679845,0.11482678962248141,0.08777833890418821,225,100,68.99461663745495
680474,-0.15081107115968864,0.1983366141467765,60,28,14.897038570181895
680574,0.0027020724424183773,0.096742581974072,286,115,79.24788954050292
680664,-0.11649119844122034,0.14411574039590822,95,33,29.694038274083304
680700,-0.12469668781569054,0.14962898355120377,256,106,55.51671022079648
680728,-0.19224131560445162,0.14770122894790313,118,53,36.50335655547753
680757,-0.06253025911278225,0.12368643078341784,261,130,72.85228528664202
680776,-0.09137604848655316,0.10838458224313,411,141,111.85656989699208
680777,-0.00498126124702584,0.0980019811209767,196,77,69.07356020769343
680779,0.07194350251630163,0.09681756034471742,223,83,67.93897661326716
680869,-0.09832323278172587,0.07474238214467692,208,86,57.52356212854579
680977,0.1971930381212043,0.12008672160346323,97,36,30.063448557559607
681082,-0.16539302969731887,0.12184364193055423,341,136,83.50536073090164
681198,-0.020374685213608506,0.07627139966258181,383,140,115.0197835385067
681297,0.11506597743610915,0.12192677277388819,241,110,78.15986980374029
681351,-0.017034484595205616,0.17854741201465657,201,74,55.67068763611984
681393,0.1403135757298682,0.09287964368552543,288,96,85.2576944482941
681481,0.13343653598374064,0.0782304857175925,174,74,42.598891550311514
681508,-0.20523053975061084,0.12675194370348913,114,52,30.757349474704352
681546,0.1470458039242122,0.22116566714351896,137,54,34.67399789368034
681624,0.05975995774365662,0.11343329513773794,371,122,100.08182792929043
681715,0.052296460431590294,0.08840654191326767,328,118,114.8596124609152
681807,0.09667714631422898,0.13196256302991266,127,68,36.0963224858932
682177,-0.17627518287763194,0.09294917977947484,212,80,57.65237641197442
682622,-0.16812348412766467,0.13595933100156948,167,55,52.989668771705404
682626,-0.07533926720524653,0.0805098301515337,267,103,95.88698853420738
682657,-0.04098875609875958,0.09294354903127869,307,97,81.19375654754442
682663,0.2721867544773331,0.13195794372569833,159,59,40.95465285553829
682668,0.12574920892394428,0.1588269672367981,147,66,35.519286663693265
682674,0.12866154648233172,0.15413805675375597,74,31,22.72233272587768
682818,0.058085118648086596,0.08374935009919882,146,54,36.549655921243755
682829,-0.1668419193549381,0.08731714510795244,346,132,95.25674311792278
682848,0.08050512238656321,0.14877322103413873,106,40,26.22107630465148
682877,-0.11802677765963936,0.19045761136211753,82,25,24.968704994423994
682928,-0.13953908945733307,0.08745090621139325,475,143,138.93237189475235
682985,-0.13515556727674694,0.08880837407915343,378,132,100.54875057501985
682987,0.034723082506490234,0.14499335259109236,203,74,55.317623845050775
682997,0.2602408297989988,0.11813995031233854,83,34,24.576518002094232
682998,-0.001286338443209351,0.0861525321048395,385,140,97.33233061050841
683002,-0.024046050068572297,0.07669517923904572,473,151,140.2299734737453
683011,0.27543281697057576,0.13321119558226713,170,62,51.21007451543748
683083,-0.025178421419974405,0.10002120006749292,303,123,89.94481639368377
683146,-0.12588857242318732,0.0753494642489682,326,121,85.58380436415567
683227,-0.23650770705988813,0.2948536654558989,55,27,13.071549763209587
683357,-0.2106553547461813,0.08598418863195763,235,92,43.873825651166186
683679,-0.13195273418887055,0.3102161050446537,49,18,16.05595372461625
683734,-0.016661598120755294,0.11946889133186746,170,84,45.414208176203914
683737,0.12158279400894705,0.07785927135695145,422,145,124.54427787715457
683748,-0.1512585407935262,0.21706229331286148,176,64,61.33766487160405
683766,-0.028733970266806297,0.16898859676857667,142,57,39.801891145424705
683953,0.24596731181805756,0.16017425720537606,311,113,84.61821544204034
685133,-0.10532124933592535,0.1132507573252276,198,81,55.88005045793403
686217,0.18607942680228406,0.09890852163977301,218,86,59.83134096174378
686452,0.023339521606768596,0.12295673642520714,98,39,27.08532717922236
686469,-0.12598766456960123,0.07687982017633836,296,104,90.12868041227182
686475,0.07053896365183629,0.15814914637442426,78,42,11.986028191969194
686527,0.2277490378505231,0.06975316781070778,329,128,101.74364695979938
686555,0.11357611376769797,0.0942997087424476,270,124,78.48403784987721
686611,0.013926568686507221,0.09691831434119406,301,99,86.83818938320832
686668,0.06251787276749117,0.12110812867306162,167,64,38.053744367597176
686681,-0.10182909375302372,0.16204020288497425,302,116,66.28413061162234
686765,0.2590220040473609,0.19813476929994073,127,56,44.02208169902268
686780,0.0922871943384516,0.17307702580347567,144,56,37.41903275525406
686797,0.030321494345299866,0.07023682467814496,461,145,119.44718912803019
686894,0.19633489572811696,0.19954110148265217,52,24,14.39749579584035
686948,-0.04596624122955341,0.07975357074230488,453,128,126.63808841752427
687093,0.1427990973849869,0.0848935790153112,310,101,86.51924489695875
687221,-0.12502052222481913,0.15350294290558963,184,65,43.18473670380877
687231,-0.1551372957450309,0.2261307498654299,110,46,30.775805950727804
687263,-0.07608415808114452,0.0975685755608894,471,149,140.1846086311631
687282,0.15669030467392817,0.13675248162683212,88,27,25.82611304318735
687363,0.24423709316666578,0.16258158005631299,109,52,26.759827093922866
687401,0.10723887424377493,0.10540842653990871,246,104,71.24916256199349
687462,-0.1974212237769896,0.09945621224015642,243,100,65.92435403586464
687515,-0.04162255327194327,0.23702589797071422,91,43,15.45633627282967
687529,0.12745670681759033,0.26522751444762566,45,24,12.897462101689573
687551,-0.04181760577477794,0.09683569519606412,242,106,59.78111339823284
687597,0.15909839967277933,0.13470806815719183,121,52,29.190738888360425
687637,-0.07808246709301048,0.12264364306240431,217,87,52.823030303439296
687749,0.09684394400338837,0.27428357511872936,67,35,12.03313627792616
687859,0.03641968567831095,0.10660140360914046,317,118,90.32092316787362
687952,-0.03824294127917293,0.1184528810531419,179,50,55.48070634956405
687957,-0.3015197645575148,0.2422321752391256,74,31,19.448088370609597
688363,0.049215651721640066,0.1429343378097726,118,45,28.865616854810025
689414,-0.0903602127953224,0.10074905360772876,297,128,78.01918440991466
690924,-0.12285927482820416,0.14085507066013797,60,31,15.608382799821182
690976,-0.21009150265801305,0.11929989965528469,160,69,36.42952535944815
690984,-0.0469080054167766,0.11601510834331931,162,58,38.42308282288921
690993,0.10234420729564324,0.08150195746756843,240,120,59.53623244821911
691011,0.13369581679692186,0.12162190197626493,164,55,47.60615412746936
691016,0.017659659120853308,0.09306537883548499,275,98,80.4414635470439
691019,-0.06334337714919117,0.175743817667716,105,34,22.44954448411196
691023,0.09468041696541689,0.0910303306032656,487,147,133.6101608534076
691026,0.005071565854771925,0.08494456439005105,292,116,80.45919759957735
691176,0.18836056299523535,0.11014943678432974,161,51,40.01433186915548
691182,0.050234249415482594,0.1905811680056352,56,19,18.623540569131283
691373,-0.009884472437576213,0.2187841760744545,41,14,11.694412044259547
691406,-0.024535093779610155,0.08541179188051323,387,144,108.90943407845023
691458,0.03280745143817239,0.12081765802614874,149,56,39.04652309866725
691594,0.062165915605308986,0.09539082664912732,339,120,107.27154080322352
691718,-0.014636124671013249,0.12354916627755139,485,151,135.04666562010874
691720,-0.04271918492544021,0.09529379674290561,280,110,90.02269377919815
691723,0.025161323065140805,0.16420004265340746,258,109,78.02874162378313
691728,-0.06923618050779551,0.33249855972075104,50,23,13.603072526551603
691740,0.1661087967291904,0.20627970939853943,132,43,31.66026331654651
691777,0.088359887423209,0.08055253214422634,219,76,76.62042063101917
691781,-0.026342243415364116,0.11225525807738156,226,83,62.51507458241118
691783,-0.07852560241108411,0.23723076603191923,83,36,20.862990777289284
691785,0.13038482189707706,0.09842035483208234,177,61,40.1087139904713
691788,0.13255266093242998,0.08362859213378433,212,92,61.29661516667208
693304,-0.08178027031754238,0.08886570782608127,413,140,106.3859346725834
693307,-0.030635498104080075,0.11823223501279752,386,134,87.55104590953674
694192,0.008222243508921829,0.06506374363211603,329,109,105.38314923035838
694197,0.16794928113214008,0.14312003836615084,78,32,19.247639504554606
694203,-0.15434093000434412,0.1100516595925456,198,72,62.95881409602707
694208,-0.06278262218461293,0.115906772064776,223,91,55.294531519226936
694212,-0.036598859945699835,0.06419193515173315,294,108,79.88478472599888
694249,0.10414261541810395,0.16875794898276356,233,77,63.70354582704819
694362,-0.04491661197706087,0.13578353287390021,88,33,27.334025565863257
694371,0.26668117556096915,0.14427735230746183,91,38,22.283158621599288
694374,-6.690681057948672e-05,0.12046397372112996,224,84,67.08080538137838
694376,-0.3671832775954852,0.27052984489124954,70,32,15.640916327288766
694377,-0.02067664394123205,0.14572189029850252,75,32,25.622707240779686
694378,0.01498918096049431,0.09711873545444984,174,70,42.69427478278584
694384,-0.11916868056989571,0.13201047570333888,281,99,70.92612240233886
694388,0.19255790088483377,0.21382445374947515,98,38,24.69776097799498
694497,0.02921123256916068,0.09885801817719782,234,109,72.142947806341
694514,-0.08480909244029163,0.13853112061305434,49,21,16.28457364483376
694671,0.08617945193794076,0.0831017414010134,314,97,96.12042193145089
694673,0.15081215690746655,0.141017856556882,105,35,25.624298800398194
694728,0.09007663040685632,0.10898874773355198,148,62,48.13640111365662
695257,0.1505191208030786,0.20283365863213523,47,24,6.421069600740779
695336,-0.05680642846301345,0.1292954767374144,121,46,38.68220397564574
695490,-0.010376884763352606,0.14135180992677812,136,45,27.833523952136286
695491,0.29673595713700013,0.1319071409933808,91,28,26.893633153291493
695506,0.03708434479233252,0.07472097302051108,414,134,109.51011583343056
695508,0.41203119814172723,0.3154758903828375,41,20,10.773724812994313
695578,-0.06670077262963273,0.10693213123508372,310,124,95.70549830684703
695600,0.05576512167917418,0.09780020202375599,356,131,102.15255700653788
695657,0.03137515352208228,0.0664083099745961,456,142,129.31734368346912
695670,0.03641083529085512,0.14759057049097135,58,28,17.23598392543665
695681,-0.4330667444843957,0.36795396982981293,79,29,21.216091337070765
695720,0.03008621726537695,0.18406927610189572,124,48,43.60803854849287
695731,0.11930875718035558,0.09773436090968893,262,84,76.00225506909442
695734,-0.013014145570561504,0.05722065734365521,507,148,136.8464082777513
696030,-0.14954649425293173,0.16072374672356005,150,59,31.088751145357236
696100,-0.04141258948184586,0.07183165438438176,384,124,118.64471498970644
696135,0.03498290270063358,0.17770973300283058,66,26,18.474802339542233
696285,-0.061191906772486995,0.08747409127291704,257,113,67.30143422001188
699013,-0.19894328307392545,0.14025571463134798,168,69,57.331064022820264
699024,0.06549505248664243,0.19436166828106133,56,18,15.406995108661851
699302,-0.13644701697722178,0.11595919685583982,119,35,37.94808510510966
699393,0.06334457767952348,0.11366440840582169,181,66,49.39467242540151
699625,-0.1219870322402458,0.1586884457578298,115,49,32.09608616822281
699912,0.14519028171714338,0.09952219532494137,127,55,31.249299366160947
700250,0.12870569111743582,0.0873348874302623,405,140,115.23533018506495
700337,-0.07630094412389211,0.14440161033793342,150,55,34.522712996694345
700932,-0.025476110780971634,0.08001114254151828,234,89,66.33931986725807
701162,0.126104574453268,0.1890163600450353,84,40,16.16324171799751
701305,-0.3338185498670528,0.26986860231997084,54,25,16.51947244407191
701350,0.13406343888691233,0.1379710440807097,109,47,23.598727906386983
701358,0.09826483433747493,0.07304175669930793,390,135,125.12481724688527
701398,0.017764653246603423,0.09459935904180901,471,152,127.82486513982651
701538,0.19750469022477615,0.11070205647317521,478,148,120.92928808774845
701675,0.12021598527610068,0.09380707420099905,317,118,101.36288218098505
701678,0.12565734010251753,0.1775045829346305,212,93,61.09676430643578
701762,0.05407635477049871,0.08537194448810381,259,91,78.29695737645963
701785,0.023203783255824655,0.20336671036404735,98,30,26.913904724328567
701807,-0.024539000351590953,0.082282158410213,377,140,119.69145278455096
701852,-0.03051338190353687,0.1513591308157536,95,43,20.617261757670597
702176,0.17832341776290042,0.20996727391653003,53,27,14.972805968131116
702222,-0.07521276878528828,0.18116584910166864,327,126,78.70548913875379
702284,0.13588792689792045,0.09345944940326203,398,148,117.72669177470826
702332,-0.0164401116721006,0.09704422096124539,356,137,106.63585810902975
702616,0.0715145639153801,0.1063926862177316,228,86,62.7109231376727
703520,-0.37262806906756696,0.1828962717767894,84,35,27.739901387768644
703601,0.005676919911220896,0.13745685334091054,113,44,29.752365529063873
703607,0.14756098267284778,0.06452440768275751,299,104,106.8342805051173
800050,-0.07464932131340608,0.0740616525073438,308,119,80.675678219318
800325,0.10197630267697164,0.1402373071289613,114,49,34.62588266565611
801126,-0.34358324792583317,0.34466424990102457,49,22,7.558873948985831
802139,0.007190766002082661,0.10194805257340485,325,127,112.71863297466578
802415,0.17450770828438755,0.12440742313305539,310,132,72.81607184088519
803011,-0.3237087184283604,0.09496211797076098,267,119,79.86423730959109
804606,0.14563404741769848,0.08471707431709666,224,67,63.84161361221058
804668,0.180288196735742,0.14370987708654842,94,37,28.635322143360714
805300,0.11378337508838965,0.09582765204450512,322,138,89.93493808936724
805347,0.06241064415703163,0.2111204432974321,89,35,12.992376680496925
805367,0.014593826030486461,0.08091205280377474,366,146,102.09059826986814
805779,0.051703814521655254,0.11115548034352034,235,76,56.97438350806242
805805,0.25887435222604704,0.36973122946011955,42,16,8.688487845863484
805808,0.18393572668362695,0.0689010002387148,403,144,109.31034647228391
805811,-0.007350707636151488,0.07139104444768982,286,98,93.28481154029087
805999,0.17001442373757106,0.09107093534157508,302,107,85.30203418458825
806068,0.007634622193115485,0.08613219064542038,185,67,42.9215009084128
806146,0.16920589239825728,0.24155299782989595,81,33,25.64507945090193
806198,0.10817468385429693,0.18803060281516074,174,64,42.708243606516525
806367,-0.07841013899390208,0.14517882596335258,52,25,18.505790180070715
807712,0.09394582118118264,0.10476803654429336,334,136,78.13713636152922
807713,-0.17274816020534184,0.13632966947824912,107,51,26.020636214663565
807726,-0.3925908373390482,0.19862525443810908,50,15,13.067669149638228
807727,-0.036661551927205736,0.1693235387744509,57,27,19.757153822960895
807799,0.04558149645602317,0.09805841506694704,153,64,38.64381492737819
808959,0.048807204412279384,0.09800816919154495,285,115,109.2762912026345
808975,-0.12174000281989883,0.1395302315841576,90,38,24.072260162578257
808982,-0.14360026111657437,0.11579555112518664,374,134,86.31039966531918
810938,-0.08204406429363884,0.08259741612182116,146,70,40.1963291497138
813841,0.07686088455177012,0.21900918182869963,101,43,30.491892304205578
814430,0.38022621216578,0.22153727679678573,65,25,17.25742355888686
814439,0.14295725834622008,0.07984415709931575,202,74,51.77612410246775
815873,0.29623797480094544,0.23345266492354508,41,16,11.169069139878063
823550,0.01678337764055082,0.17106037318344178,79,43,25.251874431470455
