player_id,estimate_2025,se_2025,n_2025,games_2025,information_2025,estimate_2026,se_2026,n_2026,games_2026,information_2026
457705,-0.04679526363405782,0.06651894700641196,978,133,226.78129207778377,0.3089503754814326,0.12681680069330167,157,35,37.416179116211005
467793,-0.019631258709648106,0.08770522208247285,842,122,187.12449279943985,-0.04934054427480387,0.19457570413311526,54,8,9.471026942683125
500743,-0.07113916865944592,0.07549746507943919,488,108,105.04163800498772,-0.3239046404809024,0.11669674805638423,397,94,86.71577502033453
502054,-0.038049396969264765,0.09358766045684667,715,115,160.08354996716042,-0.3412255706040807,0.29794704692693447,45,12,7.929688131559246
502671,0.03604653102275969,0.05948849287256021,988,137,236.1072114026289,-0.09306071685066257,0.08174272962542295,694,97,176.50012486931394
514888,0.15839552348586572,0.052966172616035825,1070,153,259.96704822242765,0.008810759482924098,0.06855350573248763,888,129,213.5277019693039
516782,0.0878695089054329,0.07314342719191949,605,95,145.59891049652768,0.07783179064587169,0.08624485660017818,336,55,70.52611216017235
518595,0.005831217237414804,0.10109383907992892,459,67,97.60768484557359,-0.3499639871469671,0.18852863711555043,151,30,25.8528282549245
518692,-0.013457465594659226,0.050353930501295316,1211,146,268.12470100596056,0.012061439779406203,0.043290770444943824,1302,148,318.2505246980328
519317,0.02541679474192858,0.09133581246458923,495,76,118.96234776557046,0.20302549846379633,0.17974561562701588,172,24,42.05822024903668
521692,0.028876653144975103,0.05841490465827756,1277,154,264.3482085905689,0.04946295060659419,0.06193476980273694,1245,146,290.8175174051049
542303,0.06412973861728025,0.06461781117439547,1011,143,234.65662100478826,0.1310024378476462,0.07775617945330074,522,69,120.83436367480876
543309,0.12442968837341449,0.0782115183002402,568,92,137.39652116775974,0.06291864805650597,0.09450834200837384,326,53,84.16010813242774
543510,0.035078466977414284,0.14353696404223548,241,38,49.310983501139795,0.1174092936729464,0.1006701585986419,273,42,71.73982058852934
543760,-0.020113625486247014,0.07866824757593956,966,127,232.49921194023472,-0.035647466988305856,0.06262045320235894,965,134,227.82252802831727
543807,0.0750257387223946,0.06321214887033837,1025,136,260.1073830803871,0.0831261288090758,0.05969527630289562,933,120,211.24653422879743
543877,0.11894076851700155,0.10801407691524868,349,62,69.97628249190845,0.08711928790912316,0.0762066617229581,468,82,98.10370465747499
545121,0.07386957837690962,0.1429321831858049,209,36,41.76048080126253,0.11496154230029372,0.06873183171237678,796,127,171.6438985568089
545341,-0.06843361240931999,0.14921196634006118,513,109,120.8449417056093,0.03299184937908315,0.09326224340895697,497,107,127.03230383767347
545361,-0.0063708496470508864,0.07208816622517468,952,130,210.5677870407227,0.058703031186682006,0.07825151712079419,1026,137,218.16260894432074
547180,0.02726476343562869,0.0490770469667577,1147,132,306.0254539769398,0.02087534831258554,0.045807724374111077,1285,154,330.0841473239957
553869,0.20676417664433303,0.1026231298807957,531,96,116.50980955157831,-0.01851062943695652,0.09321570031929857,476,71,98.90932300178589
553993,0.0590434138279613,0.06161124655602529,1281,157,302.75346603508865,0.09043719921275895,0.07680535193119545,889,120,189.0045133743667
571448,0.01506212610378178,0.08124697747714686,771,106,182.84483362147253,0.12029623440790937,0.05190659302117517,1030,144,240.80842616952236
571771,0.025657456205636642,0.0737792924550963,517,84,135.79218979331003,0.1035588627523823,0.14708219065672568,164,33,34.68384642469093
571912,0.07814873854691314,0.24060871811562096,91,19,17.880139005138805,-0.11230762446590306,0.12207023887579495,70,15,19.89948828545152
571970,-0.02921041813789061,0.06748481151099076,672,99,167.28525229852414,-0.11495862152867374,0.07789314436118171,951,143,221.43887008525593
572233,-0.005329175878969246,0.057309950998149506,1285,153,292.363164787547,0.018845514485883164,0.05864686764181849,1183,149,256.7098160799524
573262,-0.01054316192139352,0.05654993032307593,936,143,203.65760021695337,-0.05226529222313692,0.06453915785186377,691,130,150.07959628665907
575929,-0.04354584886939117,0.05545947868412952,1028,135,244.1736174199846,0.09427750364057583,0.05903002663339709,987,127,255.9118552558495
592206,0.12976823285079622,0.05301344827435192,1242,146,306.83825480498854,0.01971052857558426,0.1334321480856745,263,39,68.97649777638202
592450,0.032559266932912584,0.04825436140346301,1126,152,295.41205763070104,0.07411822780152492,0.06651938225558812,516,66,127.83012657094895
592518,0.023465407016662283,0.04745201457475396,1311,159,317.3107095307088,0.14181418125125198,0.08042689979231507,1177,150,288.8038928890852
592626,-0.09362087896337652,0.07886196709050886,532,95,129.83574913992467,0.02927523514978403,0.04909458161997488,783,134,189.177130282013
592663,0.0283438604138045,0.05565319165473225,1036,133,223.8282876600219,0.13154627170373218,0.0681841518434991,780,115,175.46405431008913
592885,0.0430015509792426,0.05149841296374614,1170,149,277.86860428153204,-0.1313645180313708,0.05380612850561238,848,108,226.9729015161285
593428,0.06485803427679045,0.07615165133208135,825,136,196.2063232714694,0.02775183807418996,0.07137523961086155,828,145,190.69536410647794
593871,0.03726341484517901,0.05539057577554251,892,134,185.0765753734943,-0.0884937110481261,0.1505366039907964,251,37,51.24426253084817
595879,0.1633061882077093,0.06442850603727826,822,123,176.31733508027108,0.1194687551101025,0.12897707703755226,354,53,86.54150306141767
595978,0.11828592508661892,0.11514019047018047,337,58,82.96120840775896,-0.10020022190017873,0.11548975999247502,381,71,80.79003457769916
596019,0.052909659133503206,0.057817741414122104,1308,159,295.72934090525365,-0.07830930522689072,0.060678156794587185,840,98,186.41146596248268
596103,0.052753972138717714,0.08601858211123727,315,59,89.01486693967888,-0.21200131469542866,0.13313226917857351,131,28,30.833638549703185
596115,-0.002731989797793288,0.039577282312731714,1293,156,282.23684846940955,0.023759225191903665,0.10065758950342937,511,60,103.57364071840152
596142,-0.04591596007444122,0.16261993124809085,162,28,29.783210521340933,0.15414289157292207,0.10992218229362756,379,80,96.34851104977987
596146,0.08924564187840478,0.08199329579904409,870,126,217.46236446763808,-0.06830273480878701,0.13716976565715241,275,40,56.94295885127592
602104,-0.04867039185795903,0.07287383093575577,709,109,168.25881612588003,0.005490168597367887,0.27202981057528974,171,34,31.731531532678005
605137,0.030528655083701256,0.048135004671288804,978,138,211.75344692583303,0.04927604752723248,0.053404870284491736,1164,148,279.6015227433644
605141,0.04778505928155311,0.07910725008541097,962,150,192.6729600425244,0.05462416097707572,0.08482671443067485,718,116,149.67421942802528
605170,0.014906606520858217,0.07850590704029657,652,111,147.0361201255721,0.2544756969043951,0.10224619569087418,593,102,115.75452220453676
606115,-0.046162726105664346,0.07658812748323915,405,64,88.49347043832466,-0.035708597283051674,0.17924511629029835,83,17,25.874844414653445
606192,0.015944067834852176,0.06305294467241918,1046,134,220.19923661852923,-0.08429217745219214,0.06527453694673793,869,119,200.06775008618064
606466,0.04868645454968641,0.06645674216497685,936,126,204.69418674811635,-0.051114465164156894,0.04991683605818871,1019,133,237.19454177698523
606992,0.3128448889053961,0.4578383633222611,157,27,34.58612742910758,-0.14077580012705684,0.20495746152923208,149,26,33.44169817290147
607043,0.07674159871959904,0.05480187315333216,1182,153,263.26623284156693,0.10432377240940044,0.06444049125824912,1193,149,260.5827303607156
607208,0.00030452171333112955,0.05665632331174576,1182,141,297.3255067150959,0.029150222385256525,0.05963708506974325,1236,149,288.171654062508
608070,0.04565490344697899,0.06628548473260884,1191,158,264.66345341562584,0.08336788907306542,0.07130135616724789,918,119,202.47104781202637
608324,-0.04292015971452498,0.06451749683632926,781,114,171.24770678474542,0.09344050852705578,0.058818016246825394,1125,153,262.37949523306224
608348,-0.03281512567886024,0.03981873682605306,732,108,155.98401679976175,0.11900700352333453,0.043914205303159835,707,110,163.23664515144165
608369,-0.047112324277645855,0.05718044021580163,817,102,216.49225274596236,-0.05954392233442066,0.047621656409083876,777,95,200.96035075166145
608701,0.07542632560720837,0.08419747422875586,359,68,89.80988987019406,0.10854098395080422,0.10837238296351874,227,52,61.69678055906335
609280,-0.031819100358471554,0.06892994139791375,640,93,146.22484311011732,-0.05733934930222159,0.1412580242224945,480,70,109.42558118174401
620443,0.021093264144483998,0.06940780590860461,522,87,108.40979223789404,0.0769389144064435,0.07021970423603696,498,83,121.7457372443373
621020,-0.04192214294540843,0.051395785445413164,1253,159,311.67124089030096,-0.09157715604752735,0.051234932816137356,842,120,204.89754620870127
621043,0.002235842423746721,0.0651050517754321,1024,142,220.64173373482782,0.03909933454917757,0.1485279132015525,254,32,49.92634480238961
621438,-0.1180116736812093,0.08500522277197493,590,100,128.9988764876154,0.14268219939494917,0.10740962285466162,407,84,102.59000384350394
621439,0.13939642783548697,0.06561313205891284,1031,126,229.28898725032965,-0.011298809008477679,0.07879720000120367,762,92,189.79682628293995
621493,0.06475030581075875,0.05597529080660595,993,156,225.1891878543282,-0.041041505075616644,0.07520429814470458,835,139,207.28283389295058
621566,-0.06493796931798752,0.056307653741708916,1385,162,359.39100329887026,0.05446404543230309,0.04809110273184237,1293,155,312.2624716812762
622761,0.006617127645142327,0.16866739961939411,163,27,29.904670685378818,-0.12157128437281683,0.061717434515440546,418,73,91.09795297027918
623168,-0.013861019545868724,0.10180618126887687,305,52,63.475841123687005,0.12180155059121417,0.1438331514716717,343,64,58.63344296519255
624413,-0.029246962967477853,0.04337379146471681,1250,161,327.76473315022724,0.03174444145808197,0.049348978374150705,1215,156,271.50644731683957
624424,-0.07798476631424228,0.06323273259678545,914,137,210.92446746816915,-0.07793131233068805,0.058955829948369814,498,104,136.08368565179262
624428,0.14893018389550544,0.08451842408952542,902,130,191.76346327550704,0.10143296771214283,0.1361605313150902,285,57,57.433488098379485
624431,0.0009278535702174821,0.07257386693856985,478,88,102.01896681557069,-0.16174846152093936,0.12775290756838645,255,46,45.53783857151069
624512,-0.03198934363704095,0.08295551819968802,261,40,54.81034387581302,0.11717626817800347,0.18913101528137738,53,10,7.793488580785355
624585,-0.0022559771629664673,0.06526464516078777,571,79,145.17710697865078,0.029977238290697296,0.06334284781876658,685,86,174.77528313787778
624641,-0.11982945791735478,0.06154974882680556,523,84,114.0654925740473,-0.036685044774487294,0.06756858471640556,526,80,128.39957147669656
628451,-0.05673438753050495,0.07846356260863604,362,85,71.2251255454462,0.486520306727102,0.22238799586147306,51,12,8.408006577458876
630105,0.15919312059881235,0.06470650323920511,893,134,187.09043691063562,-0.08036541886069454,0.05652486184564542,695,100,159.05702926040664
640902,0.10639801903992688,0.16366657207347235,135,26,26.922304620182707,-0.07232275091180508,0.10151041582267809,181,28,43.46723512234962
641343,0.06722434795098359,0.07480246286725396,381,82,108.99041792977363,0.02371131643306589,0.06180622372729687,887,133,226.9519670738901
641355,-0.056209844735578565,0.03862388574318612,1233,151,306.0216079737812,0.03923588091317062,0.053668935370199324,950,128,194.19487441269007
641487,-0.009983773012326972,0.0594177042019013,1181,153,272.9533819627254,0.11817300738605682,0.06461232180883715,735,110,167.06968121674433
641555,-0.2994719263949747,0.19443608577878052,162,33,37.83712274439493,-0.004315644407585821,0.13377290085268953,154,28,34.14774337867768
641584,0.301620967774771,0.177635258817646,378,71,78.93704158172183,0.32786124750590173,0.2021650524831024,171,31,37.22239131000548
641598,-0.07549660002945813,0.08641300583749231,464,84,102.17847900317409,0.06770967752878795,0.11631060302130265,258,47,63.95056671327775
641680,-0.09543638577591629,0.06333725436477507,821,122,196.34043767402176,-0.024025759978853922,0.07233507242669138,653,94,144.73780428593702
641857,0.11183034422182077,0.06210374433459547,1109,150,259.4498247139698,0.08845419547872878,0.06164444857091498,638,109,140.75037929599762
641933,-0.037638652864350156,0.0839582335116003,382,54,80.36665419683965,0.04909232629789844,0.07293905381416403,484,83,119.8461807401742
642086,0.0749775913679565,0.09822126858388655,413,63,92.41202038451708,-0.22113271608574603,0.09993675483400362,540,99,123.61128982616918
642201,-0.07069523886060491,0.07790831405683257,508,89,140.27328543314428,0.07830211215188031,0.08217582832849016,409,80,93.64246321805088
642215,-0.014915234346924305,0.13074664160697305,225,46,53.77706714999569,-0.02533198182573323,0.0945890516702802,329,60,77.64917731903486
642350,0.2410676916868352,0.2911413690057884,80,12,14.172969521881793,-0.08089081028713108,0.08463421466394798,461,85,92.87824315897487
642708,-0.001337341660136311,0.11812807566830133,346,60,74.99971547932975,0.08956110699408865,0.09068080589953573,453,81,114.22037877256139
642715,0.04203516384634942,0.06096139819312384,1271,159,290.0369137483057,0.06715211833964599,0.07968128550331323,939,121,236.56847102988382
642851,0.144639018160026,0.1444863008681769,219,35,43.83303665932789,0.09463728813978399,0.08499394266260644,173,28,42.68928569187436
643217,0.12699996583585504,0.06871677792947266,851,116,181.72361235014998,-0.10355150148733565,0.08893921025669727,872,136,199.54126482432798
643289,0.016487555757297108,0.06413525160311241,693,118,145.02454625034875,0.019211118470632546,0.05239940726891893,1153,147,248.35949506231748
643376,0.08362829706797797,0.076923863264048,565,97,143.77999378420526,0.09077642089230822,0.12577994819932165,351,59,78.09743191368653
643396,0.2519738621735761,0.06539575436782658,761,132,148.6556875950941,-0.022174969926686168,0.10123362094715145,278,52,71.66137841577759
643446,0.06487626092765633,0.0649875827579168,876,121,205.50041464014686,0.03980839321278883,0.06270626526001791,983,133,213.85983126374333
645277,0.03763373383637841,0.06197293298515189,1243,157,273.43218857955515,-0.017719437972252665,0.04666380514578974,1333,155,316.73437818197823
645302,-0.32322821564852694,0.15870008892338652,207,29,49.306013021885704,0.190728769667353,0.09943211949017583,265,45,64.09523640964048
645305,-0.03717035765221326,0.2973302913208361,46,9,9.229073979360535,-0.01382506994105064,0.13531878861400967,135,34,22.681606903592098
646240,-0.02572428295039959,0.042029324017710125,1408,163,387.09089763286,-0.012563134657963887,0.09212192807215114,1200,148,271.8046956853384
647304,0.02417958238961079,0.059676362838262505,1031,144,248.23482951026904,0.01997689107473544,0.07251953228269044,1034,146,231.1730589535258
649966,0.09399446821441707,0.07139895349179824,542,92,123.49511610106546,-0.13373861733257605,0.14684202452354717,115,22,27.07395331259122
650333,-0.1413325123170756,0.06347703681624958,1149,152,258.3278259616661,0.008529242862991181,0.060772819819065245,1119,147,229.0586517298918
650402,-0.0010175017657085327,0.04043872340174782,1055,144,267.3832589415315,-0.05632321339827164,0.0617340567648363,724,92,177.85625385432974
650489,0.07491776630306221,0.06117620904881513,897,119,234.66687137797743,0.07783780363948752,0.05821666966350886,974,116,243.38900969560322
650490,-0.0021595562416480895,0.049761667192509115,1090,148,274.3512841440138,-0.0277471883693756,0.05029917736140756,1154,149,246.79949846163836
650559,0.3300628101108359,0.18299882549136806,96,16,19.703569654765683,-0.16588866806820177,0.2614058460888877,148,26,31.691695273892698
650859,-0.024305365547626853,0.06719412658310414,1007,145,205.57738213740814,0.012018266163760779,0.08229966154250419,630,91,140.8161554843403
650968,0.014031069550216367,0.11706586976375438,356,63,79.75696051551702,0.0386571807902904,0.1420205792591067,116,27,30.71785437999109
655316,0.014487661775071058,0.09037237534008269,257,47,47.13383384754095,0.02807382518967159,0.054679456439650685,652,98,167.2732077920103
656305,0.09117053701255662,0.06530649419282596,911,127,216.96828616994816,0.0424263925064818,0.0757977332029852,607,84,157.08440844153208
656413,-0.23104766050529565,0.10698620657748713,91,21,19.51095653749313,0.09238869598606864,0.18730031189541854,40,11,9.507327045090062
656484,0.3197398552161648,0.09464152758670014,158,27,34.93886528363694,0.08919972102934762,0.09332767768987774,390,61,94.17525003290032
656537,0.052738104514162304,0.09268662991646934,296,48,82.55068558047739,0.06075920589441688,0.10629612420667188,393,80,89.39611602601778
656555,-0.05340054141722773,0.09838119666806586,562,90,118.60038292059444,-0.009857117334558706,0.09055073611673466,548,93,141.56628569294057
656577,0.0491079263477399,0.13186615902999943,189,30,46.15580861817491,-0.17844579361712037,0.11664282584738263,142,26,33.475241311170706
656582,-0.11520661755039727,0.08722416438934245,134,35,41.966696612132296,-0.18625493130992993,0.2933226606161703,83,18,22.27830219592287
656716,-0.03169668503268048,0.05400334797263875,931,142,213.8970791941403,-0.028026768016210808,0.06257065536528791,732,119,157.31932573058265
656775,0.034901315696986325,0.06433011254764082,957,127,223.55983390205802,0.05154906435018117,0.06603893114571839,892,125,178.61897823418556
656811,0.007912227501586202,0.055389274404778956,996,143,236.0644031147694,0.022683343205963113,0.0701660162135812,762,104,163.2496758328119
656941,-0.033106288752552296,0.0633189951760384,1260,162,320.4618369849027,0.03534248631904886,0.053117679834113155,1250,149,370.63012610226355
656976,0.03860961293000269,0.10035021059274454,497,86,124.69939801187994,-0.00726237765734153,0.1098574406966323,186,34,33.9604129890422
657041,0.023289634125214856,0.10689565074937411,235,38,49.31852410638079,-0.023740623488477337,0.06934336812186682,623,112,165.68053092615622
657136,0.22039164614370718,0.15196762398437227,349,55,72.04964612717166,0.00955706016807404,0.11858501025885582,402,68,90.37742860210608
657656,0.11237488966040046,0.067763168563448,922,129,214.69977964472974,0.15246460231581876,0.1791325229660995,397,51,93.26787425765099
657757,-0.14328094390314783,0.06279285709841217,1010,144,234.4663764542077,-0.05687673098405682,0.10872393285691198,733,120,160.47765043244928
660162,-0.005411241704665467,0.10976234900732536,495,82,119.49025891506705,0.12247517109469391,0.15688786815520397,210,41,46.727980846374564
660271,0.08090247443693288,0.05053470760512467,1276,158,276.9633105005679,0.10559551614694745,0.04963539627941448,1049,130,241.2285526514928
660670,0.10968182209356005,0.06634876576433917,786,95,187.48231642703618,0.10896395071787036,0.07880341213316812,870,102,222.13993023535843
660688,-0.0360136461690688,0.07512951243943128,458,68,100.32694213224289,-0.08073017195190015,0.06461240090613103,561,97,130.4602034188713
660821,0.10564004025207017,0.08574927698882508,914,133,212.20172619998712,-0.13772073544091692,0.09357593802420403,579,101,127.59487329478341
660844,-0.23450918001343626,0.13313017373936625,166,36,53.5204470343694,-0.10686699411460021,0.12178939004818719,207,42,42.167743136412334
661388,0.039204627966986615,0.05230353260166806,1172,150,268.9536771536385,0.005971127898739138,0.058582861786017786,998,137,244.6946036312895
662139,-0.006656433703186941,0.10350805902657957,499,66,110.41527652275238,-0.02806152241126367,0.04906673044091656,996,133,216.74455355938147
663330,-0.06554985796067117,0.12138124677568704,259,66,62.12800831459007,-0.22899361245232794,0.10565108484279431,296,87,63.98510878121123
663368,-0.5267241231735829,0.3442831316007496,263,46,49.55713901063949,0.2475143318108424,0.13971703617740183,166,39,39.693781693363796
663457,0.052942885419661564,0.07413928589136475,897,132,207.48965406299112,0.1263925364215511,0.10481326778197941,475,85,116.24604610714405
663538,0.03141558449577258,0.056903516254276656,1095,156,248.72569941233837,-0.0014673190110893505,0.04834290108133701,1096,153,256.95687563962156
663586,0.1542972497027552,0.07169923233438326,890,102,196.42302243025568,0.04864967367141671,0.055722634673761665,1162,152,268.6742345899538
663604,-0.06746853030502627,0.11224076551451423,285,51,66.32549175634671,0.073654006534452,0.06921304285501713,201,34,51.974753601342655
663616,0.22530301450016932,0.06462967733010096,955,141,219.49503343426971,-0.12886957788533093,0.08069521024665638,722,119,170.0732245601111
663647,0.030609539086681535,0.04928437346830564,922,149,199.38730612864157,0.15265383637316912,0.06604350629687013,379,73,76.36856953732561
663656,0.09608811226802935,0.05497652493343318,1026,135,240.81665590525319,-0.01897529453742241,0.06135547752814405,1130,147,286.5073985928311
663662,0.1674987422689106,0.17014863595601792,84,17,20.762352985611315,0.17917584994245117,0.2837883535126829,49,8,13.924152420088987
663697,0.16357820222182134,0.08019240324681957,920,133,229.8540787293429,-0.3575240690420439,0.17092260968322256,91,16,17.905345924591394
663698,-0.021424182752998726,0.07215085209455878,521,88,138.01776951497095,-0.11484471480317303,0.17130448007649218,224,42,39.9103921203038
663728,0.06129691680686859,0.05449687798702516,1423,157,330.55852774375455,0.08332940909196082,0.10855250380810468,1083,121,229.5197058090247
663743,0.25174183148718476,0.1041638778560328,413,82,98.35945378577341,-0.13834989699620354,0.09547672441701335,525,97,127.81937890274445
663757,-0.17865463727436495,0.06985815092988393,895,134,212.2375591266758,0.03849320809323903,0.09648758550766022,748,119,169.49722195994394
663837,0.032304346651145975,0.10287375678398107,192,31,47.62476961198101,0.05521919024209993,0.05266465179721665,522,84,126.33782035934874
663853,0.030965247635975583,0.07043277137748599,653,92,164.30003560919045,0.15201983065443203,0.19209013682757634,148,19,35.67523176393721
663886,0.01537256424566228,0.09737895665700863,589,87,140.26095442996154,0.03891335551733709,0.07457395973013856,799,124,189.91309446860606
663968,-0.08628569641269336,0.0778600260056484,848,115,225.05516880557465,0.005513456807498993,0.056404018382035126,934,119,234.09525863750335
663993,0.09922069769475393,0.05534887005711911,1146,152,248.62797952619732,-0.022394343512944274,0.07277792886884954,775,117,167.27985015848068
664023,0.03645154346383565,0.053875763211411236,1154,150,265.5208726592724,-0.033118133756689934,0.051530663448181926,1128,149,276.65538877547147
664034,0.00823308333998007,0.05948616478542323,949,134,249.4237470971766,0.07392795326500669,0.05878392444489531,983,121,237.45908773632667
664040,-0.03788457795616072,0.047380128415360184,1163,133,272.7210871435269,0.015639715196265898,0.07372041313774279,1268,145,318.8931120850991
664056,-0.00518329420510888,0.04991154506702829,922,135,201.44011919756966,-0.09143819756723685,0.17174632001896062,222,30,45.11895305221927
664059,0.07845897782053694,0.09028389848257691,312,56,74.16373005194517,-0.27808906411095524,0.21944640236642632,83,26,14.43615903627977
664702,0.09119662748891934,0.12005353364254442,476,100,108.36286815119911,-0.010272034460196306,0.06923439148440579,455,119,113.64573861727149
664728,-0.009870458977195441,0.09019600759237872,610,123,107.28050491640414,0.07809485784435372,0.07429556825755144,481,92,91.12225878899461
664761,0.09209752267296674,0.05818685292853899,853,120,183.1522968806095,-0.09823595562754082,0.05446979647394404,996,146,230.69552784927833
664770,-0.025617704775389133,0.06880822161113075,773,124,185.03253320127754,-0.04756229953236262,0.06716907436111781,803,115,190.0869497649275
664774,0.26243697264274196,0.10867874135532002,412,74,88.34403534832121,0.0049479283174984675,0.09560481541435882,254,52,56.65447691859147
664983,-0.09989929253036751,0.08495047060014521,383,65,72.20994142084874,0.04839443302618441,0.05774144110605186,1015,136,227.12845667902857
665019,0.010978588764133558,0.052673027002519086,724,111,159.69605956795033,-0.03559009653090026,0.04617819871910774,1054,134,222.73376061807463
665052,0.09634247776885006,0.10397561691447833,153,24,30.831244724162303,0.022218225445442507,0.07397154864669785,545,86,134.67291191527073
665161,0.08269317629347125,0.05375956884147772,897,125,199.09341836611037,0.06274505555862842,0.04876990569989077,914,105,237.2743922129436
665487,0.05283301939876633,0.06200700877462766,1152,155,276.5286862691554,0.05225505136586765,0.06463515841803893,1063,151,252.6492352447834
665489,-0.009639467888165486,0.05237567067047576,1021,155,221.3277178031059,0.018150646944248307,0.05596695642305586,998,141,196.41721963989593
665561,0.37807140694405417,0.20056426330173507,200,39,42.3988715991821,-0.0928772257847653,0.16080680372621986,181,31,34.56118129629736
665742,0.08229467815247572,0.07093698046445583,1022,159,257.95965889009244,-0.05658380809073764,0.09941888235269788,693,104,174.4272170585815
665750,0.08973543823307097,0.09601351748392618,336,54,78.41207414502004,-0.00037118316845373677,0.056973600502354095,832,129,197.52411247246357
665804,-0.02922398394911928,0.14126867614025704,204,28,50.01604025252416,0.1283878657984035,0.07420418584566739,432,71,113.3652011076933
665833,0.044289537046077423,0.05008151942128664,904,133,237.64289377918996,-0.0003151751214644637,0.05408865435655593,699,92,180.10276083061626
665861,0.279221761667459,0.31584457138861277,78,11,14.579433172498923,0.19803327510896776,0.17226883407847893,133,19,28.447773912889826
665862,0.007689914124874715,0.05940470707030084,974,130,235.25423102759368,0.11580069746828509,0.07256918066887479,934,132,191.56804401059063
665877,0.39751256451026973,0.23865420941495524,96,27,21.743143796881373,0.11654869371935375,0.07922795748987838,572,108,148.11337504508109
665923,0.127061427142453,0.1603296666867681,45,11,11.341269906721784,0.09404905875321076,0.08940231288107817,420,87,91.10621859412777
665926,-0.05846910705907635,0.08455798943669071,713,97,170.02997474673722,0.1140923007121006,0.05924267656251114,976,137,207.494876582047
665953,0.13034706939782373,0.09635242457324959,141,26,38.86537206938553,0.0060589110087389125,0.07808425354086042,397,75,106.62392316357409
665966,-0.05265788591328791,0.0561702417831364,879,117,208.13879979290877,0.0382551470352233,0.08165567229761186,558,85,115.52239353819527
666018,-0.03397719226818572,0.0654409166596959,815,106,190.53372174192157,0.06959477789769644,0.04692806044263313,1168,149,281.10806552289756
666023,0.010560101729260177,0.0646566176015308,692,102,176.48888371684674,0.040276498427110244,0.16164096952140683,476,75,106.37132512260585
666126,-0.041080704936287134,0.11116895910100338,175,37,56.24909824386274,0.05569282160936045,0.06109968486960148,638,111,157.3581015725111
666139,-0.21284016247074922,0.0704070623038152,967,108,230.0200657404607,0.020043422765486655,0.06172984087621527,753,103,186.3855747177867
666152,0.05450108615930569,0.09723183716194608,310,64,69.81539008620823,0.1021238196824607,0.06995702819772684,580,103,134.30837478350173
666160,0.14340531892347552,0.07682517371359292,889,132,190.1075732244463,0.06262460244612701,0.05150484182032891,858,112,193.40455695792053
666163,-0.005010538709691755,0.08682528851432905,225,41,57.58339119346381,-0.3818986189050708,0.34272714489406714,43,11,7.070175838479463
666176,-0.157425321609866,0.06796497854314137,1145,149,265.28060870428067,0.08723712719064292,0.05699693809052644,1302,153,288.0228496693821
666181,0.07292883756558353,0.09402686748017432,470,84,105.87943616216796,-0.021912790401852168,0.11578226417196566,201,44,58.87895266692877
666182,0.09242995426889417,0.06428634953337045,1177,139,261.9348311062122,0.12007542441000352,0.0584270719755394,1295,154,303.4710105665886
666211,-0.12039584439192527,0.10266561895384982,242,46,54.27428070976056,0.0477869365558023,0.10547078799145335,490,87,111.99600902126107
666310,0.11579582083799266,0.08103354805770918,774,119,172.50477375788518,0.0013603846482395801,0.163354546272507,187,28,30.77485846717508
666397,0.038854901591433885,0.0821093244812532,348,62,83.6377573093109,0.3337962522732276,0.07756070143839304,450,81,108.45672438615199
666464,0.07505583279930697,0.17055244419376672,93,19,23.402603830329987,0.32919670778358895,0.2796956326057944,83,15,22.300909113602188
666624,0.2332545592358735,0.11013641744601667,614,99,130.6569448146962,-0.11225715462187762,0.1643843276029976,180,34,41.3719970498402
666969,0.16880410818016714,0.053968517259638325,1108,134,261.3220318007139,0.0534524643711819,0.09202192719284304,488,67,103.08637132148374
666971,-0.03895066899827726,0.07039674216331143,1026,128,216.6653926965477,0.23437661653220748,0.10700781458037116,363,49,82.77931220851676
667472,0.11433651075292837,0.08532734743589945,516,100,116.1514440626473,-0.06633716460743784,0.07259654893703975,524,101,126.70706387641786
667670,0.060379363074750135,0.06158017799539766,1251,161,279.8333807688455,-0.015277688146015983,0.10699267195901993,344,47,83.38603149601295
668227,-0.02721602362769949,0.06017148861031564,1214,158,292.4426537463245,0.03996131809085089,0.06682472611104652,1161,148,261.55385912356905
668670,0.10735325989839808,0.0935749956211764,247,45,65.05822049989006,0.0392317356551261,0.10525472198536436,282,54,63.586431919917494
668709,0.0613426205227959,0.08333135216761965,576,96,140.20944555884404,0.14336058907338053,0.08431460732938699,936,127,216.92939337308798
668715,0.08755706303462464,0.05596666866271623,1091,142,245.97558489645638,-0.13585938139682163,0.062295144826730646,676,97,147.22656926628275
668800,0.2776708088951981,0.1960606819450203,150,30,28.507033485901474,-0.17066338123355496,0.23957946565005858,119,23,24.202098585182867
668804,0.0061847482455421095,0.05195693082138947,1269,153,316.34902357260677,0.08456059548631248,0.0622212977461671,1228,156,293.2517793057587
668885,0.191387020460304,0.12564439862369967,271,46,70.64987094038342,0.06832268802069157,0.07361517793411479,524,100,131.84569896428482
668901,-0.029310841207379364,0.07495201237379787,886,120,187.78271828482886,0.000896682549222606,0.07682857936325235,543,83,120.19342471531404
668904,0.006918512838040395,0.07411028418477472,756,105,160.4131697582274,-0.031264071563222945,0.056337281460030586,950,119,227.37594407368988
668930,-0.02493501131476736,0.0604121282112833,1192,155,274.77548186095106,-0.010155887451001176,0.055281886028774395,1125,140,266.66620582671703
668939,0.14716373341794184,0.08236652053576604,586,89,124.26496214181445,0.10060618385885248,0.07213634989428204,642,94,146.91565833238158
668942,0.04216916350381877,0.06443438430876473,353,63,75.8793855451853,-0.13268641168459538,0.09644999529488407,194,38,50.59249277644377
668952,-0.02597733843264868,0.22278250255672424,88,15,21.92289291347264,0.11332771582177185,0.0721717359983318,487,85,125.7884707879977
669003,0.7678223781116987,0.44782361229637174,131,23,30.17636112260695,-0.07061315020315063,0.0666119402029054,867,134,201.11747829303732
669004,-0.16697430516868886,0.5580840811561069,117,19,20.000274864566556,-0.00666894120590932,0.11104746862780393,284,55,75.27260166052179
669016,-0.041722195461158455,0.06294865645740125,760,126,184.29779685680063,0.0016711821808478914,0.05493499230558703,1039,146,237.72432050675633
669065,0.05650331904108776,0.05301962773777568,903,115,207.5719225188719,0.13052211367872646,0.04995152953640566,984,118,251.84971589849295
669087,-0.2515272459821867,0.18010129642337955,105,20,18.724268754713794,0.2616667844372191,0.2976216983734151,73,12,16.47835272360541
669127,0.1517558252590336,0.04393035043323062,988,123,231.3755756611003,0.08850708988248313,0.060191755754159554,776,95,179.65359954500957
669134,0.38239765193012,0.5265813776381364,43,9,10.257635732865243,-0.130774128253693,0.1209979651471536,411,66,101.86957243375366
669221,-0.0381976596033522,0.1025938646673826,640,93,156.88286043758507,0.058347458619094295,0.10596571076272392,186,27,36.92034927833342
669224,0.04602341734165509,0.05489239511514946,894,118,188.25667300354078,-0.07115755178649415,0.08262467264406997,699,117,166.27347920835965
669236,0.013495914045101472,0.09617019428657503,355,47,86.21755273942406,-0.10519918157046106,0.10560497225086027,554,86,124.96061319178175
669242,-0.013571198585887302,0.06641950819238313,628,96,138.2132722242463,-0.004859117259934497,0.05307943494904171,524,76,117.93478851603626
669257,0.04334066315471934,0.07702002507077656,729,109,177.99677617236958,-0.02002980434350575,0.07363057815260203,446,67,105.11031829572791
669289,0.003925583696107795,0.0731892924309441,551,101,136.63311649682925,-0.040570480680790534,0.15796663452483062,105,26,29.071610558838866
669326,0.11085998974603997,0.10093608360967775,311,49,63.09996899855236,0.2575450417324857,0.20051222224965182,92,21,20.240567925696986
669357,0.11605380056044828,0.07428336002387949,760,108,172.0384686939767,0.004240689018182885,0.0725117839329279,587,82,150.0265508996638
669364,0.019405861278940943,0.0675229136087905,1036,137,232.9642732554554,-0.015562091535967663,0.06214562555430077,958,139,209.95374720547346
669369,-0.06904964604103801,0.2457785145476049,120,36,25.725453826996187,-0.04988350629272103,0.18186132050892279,81,20,16.96845056645126
669394,0.002114128378465083,0.05810658705739802,718,102,175.89922770016653,0.061156095903758985,0.04961578063627133,1108,149,271.9274448940646
669397,0.08721881015644771,0.09014807329678226,714,130,143.05889349949913,-0.02846435601570119,0.12087270280998308,243,58,45.76299305264297
669477,0.028788560777036128,0.07875760380525951,663,94,145.80800442715383,-0.24733741292745487,0.29977343928636707,765,97,188.0454110531154
669701,0.07640163299269855,0.05097120103589288,1009,140,228.52995866919804,-0.01776483255825571,0.09830910625139912,410,71,91.88595865139015
669707,-0.041181033385392175,0.1102668046623519,651,99,144.30733960860675,0.0949850894323377,0.11012268781729712,570,107,140.31318396024173
669720,0.1577130132826299,0.08704279916679157,795,102,199.2227993133414,-0.15366003296234004,0.1472881858059435,186,33,47.195097772950845
669743,0.10642123646171145,0.08992092601578022,480,91,126.5995750444377,0.008841599226900514,0.1252290419575091,344,70,82.65227546466492
669911,0.01964140765368779,0.0759465500047869,656,87,142.61851697224893,0.8369780774614524,0.47121616754268253,46,9,7.100404221058814
670032,0.06835440752975942,0.323518010395466,45,13,12.941250688000494,-0.011218421566067921,0.06671065325132104,461,88,92.60373571435107
670042,0.18759845860836738,0.06632311459913441,438,65,99.98565350615073,0.10647686541021949,0.10030136865240209,580,92,144.70719818708034
670097,-0.002036911221617901,0.17531015078410742,95,19,18.733600979185518,0.12497628753645364,0.2768261365175058,117,24,26.36054743225563
670156,0.05310926709827254,0.08748728393160692,244,66,58.792310896713296,0.635448827693366,0.3059302653342385,42,10,8.126081585957511
670224,-0.014377767662840915,0.08684592865496725,417,63,97.66093890282636,0.2076189433931858,0.21445658900940984,92,14,20.217642821632005
670231,0.08125272933186364,0.19704008544046278,299,54,63.56335685896825,-0.024669695697865868,0.09852601592027507,227,44,54.02312211397629
670242,-0.10975669542476295,0.10480822661224193,768,103,160.96435688102284,0.04213286942007013,0.15437136897228002,291,34,78.94871147848892
670541,-0.01607470217004656,0.06670092267903856,350,48,77.85556866311609,0.06429240580016812,0.051351408819215016,1080,152,235.72790099646443
670623,0.1185156485888763,0.14033815571196717,726,101,158.30387091475154,0.07375751260702386,0.0734536622550404,1127,149,257.8934795868872
670764,0.01355506331088682,0.07426416773601323,546,89,117.00000686701748,-0.02686588467715497,0.06460056484767136,646,115,136.20587561912794
670770,0.09461126124699756,0.07930394848220669,984,151,203.37010437091342,-0.06668334370271814,0.16451235135306527,396,80,94.9655806575876
671056,0.005807465553606921,0.0859074476413543,782,107,184.43289054439066,0.1433846489985689,0.06814996083696506,1182,155,286.387502637415
671083,-0.06809223979114984,0.23100262148511022,54,11,8.004071562143013,-0.126434699536474,0.13188738413157097,99,21,23.96928272984696
671218,-0.017672761535143126,0.05932710205302308,1246,157,269.1172559756717,0.10655883308113238,0.06307102496166442,821,106,191.28646275006074
671277,0.05117703159893238,0.054713294893801216,970,137,227.41470724824495,-0.0045141612895329645,0.05558835068142538,1003,142,239.29443596262945
671289,0.024421124639229592,0.0584664268327782,712,107,172.4135558867713,0.14349369266572237,0.07386391144377533,472,76,114.01160181102182
671655,0.10062678343766905,0.21539407827696644,84,16,22.312309985017386,-0.4578634218828727,0.15994685875772127,67,13,16.234363721424373
671732,-0.007713695869726776,0.049151647973999374,1151,148,271.32829058038857,0.11661346031661414,0.045600381837702555,938,136,241.13684669139684
671739,0.05893091693589808,0.0690163794159369,1188,159,262.1183184031464,0.02867496415771526,0.04879853005128902,1157,149,270.35044457700286
672016,-0.06105523990369455,0.11972952076116862,285,46,63.47218707856935,-0.10465156809501511,0.1609493839846261,127,28,26.423228642505936
672275,0.04434573164818711,0.060197204145116374,831,129,192.46181312986965,-0.04866575148291575,0.09027632609636876,623,99,137.713229404727
672284,-0.08075319967470908,0.10313546573577867,128,23,24.02778363014053,0.1782454318702774,0.12617181321627938,147,31,29.07045861755757
672356,0.08698711361208401,0.057212084943265004,1004,126,245.35866516999894,0.05855737062663626,0.10622273553169176,287,45,64.67155687518017
672386,0.01596973516926849,0.05088661120526217,929,130,210.25014209004843,-0.053932987440729184,0.09702250549191985,485,72,113.30299611588288
672515,0.000447840087983573,0.058118184498894256,573,80,134.52273619159075,-0.019089228062058875,0.0451281890009736,940,125,214.34827533500538
672580,-0.016541796943216697,0.07068783737051326,987,157,209.70033474205093,0.07783031697543544,0.07820756140247268,485,77,107.99976392881177
672640,0.057019769993893875,0.05110254285470778,969,142,194.33934889359477,-0.038039613109263785,0.04935667035773797,1070,152,269.1383124829347
672695,0.03855837828550519,0.0705491536480653,1130,161,236.62892623410602,-0.0691006688481194,0.06894400493530618,1018,150,222.48311803038962
672724,-0.03016782986746393,0.07058255430127226,522,90,129.83340898858438,0.0863479811298645,0.06211448461316799,743,109,169.7047512234966
672761,0.020908049293631145,0.0597028941545232,739,98,164.99085650649775,-0.05962679950125084,0.10039366168123702,305,53,61.69727080479639
672820,0.003275726680151978,0.05169847214570173,1030,140,236.62721645572867,-0.1417187752552662,0.11186394659886426,239,39,66.73665668974172
673237,0.09963271481319312,0.0450770129006468,1086,142,254.21491512798812,0.027567037805784664,0.0772231265728507,608,87,167.80946042298604
673357,-0.012108371378057961,0.07063819459426103,804,107,196.2733808971488,-0.09302250113564191,0.08714001050503459,440,59,115.28919775854385
673490,0.13326076625016542,0.09238384919494426,305,47,68.01683952544822,0.20759504632265016,0.14591383406285163,237,41,45.948427427801775
673548,-0.06576234967550208,0.06678791540720859,1100,151,246.10189998798555,0.07032953942270673,0.05449867780522942,1043,138,253.10627783483255
673962,0.024469316311323253,0.058093719591043445,971,130,212.1140554827725,0.019694936610869098,0.06195211937068215,722,100,154.67856277765222
676356,0.09386749566673301,0.21006806863672414,110,18,22.363235351335142,0.015203332045414776,0.07278420178621627,627,97,143.74969725874453
676391,-0.09358509952117937,0.0633297123700208,956,148,190.62050857774102,-0.06461453874637886,0.0605052940535672,1038,151,214.82862032613025
676439,-0.007079914157830967,0.1618903934926198,200,35,42.997248640879334,-0.0012399971445517014,0.07454478578320727,392,84,75.23954873098882
676475,0.12246481940623707,0.06134172084479123,935,137,209.7680380606729,0.02620275917897644,0.057635971880169105,1248,154,285.2089432577482
676572,0.0061118813582602275,0.06494388160156186,862,138,206.88775707082874,0.1598006720744246,0.20141789120845416,96,22,27.219666030256114
676609,0.028314613113140187,0.07463493565166694,630,106,158.96205291681957,-0.02093175881310127,0.06663027517445799,845,122,206.31572918192376
676694,-0.14870591736793284,0.11563623763595618,585,97,129.5119105712787,-0.05463665743759062,0.15529793953429757,267,46,60.18784833309487
676724,0.06963088044012003,0.23867753440337014,89,19,20.74879870655349,0.0058160086585048905,0.07591224359704772,614,99,146.74041104704014
676914,-0.030822462483475623,0.07997154403342228,408,77,89.79690974388471,-0.01012371612541069,0.1155432623719192,238,55,55.830451452572085
677587,0.07822708290604408,0.0854471460809861,688,110,135.5694775762127,-0.015280398690212773,0.05223303311432996,1053,148,243.14282381797378
677588,-0.08182007852274935,0.06155808380449439,295,48,62.89989784247725,0.010071378012510599,0.06249492083324413,548,108,132.07039934197812
677592,0.04756409793673039,0.19202719222455447,138,21,28.987547399815618,-0.06169754769626563,0.10712262579213538,211,34,49.647658128311576
677594,-0.021820333481054135,0.04764388614440569,1338,158,315.0544784459553,0.06545896009503206,0.05270537975644117,1186,145,277.80740994103866
677595,-0.04680028047209284,0.09690336916469264,359,58,76.23886568219791,-0.08612044006817204,0.12710124818798518,118,18,34.38626028181004
677649,-0.044979499582327144,0.13107791308290903,415,75,109.13774977647876,-0.07229213279693486,0.07864479978149079,1128,145,253.12609326935404
677800,0.09680014322837505,0.054301712920371045,823,112,200.18823474565943,0.1338201490084859,0.05017498087138624,1255,151,302.9835126511774
677870,0.44686329451160545,0.325605338815531,58,13,15.864842908697781,0.040191145074091994,0.08103977881599343,320,62,74.74357735120473
677942,0.18991370501854826,0.12574953154017665,464,67,113.99713383219613,0.09735940383606367,0.09788637223164902,594,83,142.73705211372845
677950,-0.1011737978504398,0.08410535435995785,854,134,197.12131726461814,-0.07846178258968267,0.1396375449341396,208,32,37.673743073551364
677951,0.025006640210794222,0.05362619952065857,1229,156,282.8271577072013,-0.054859794275358295,0.05524946593104055,1046,137,247.12668041272798
677956,0.13703798770516287,0.1252150908649758,91,14,22.11228841101928,0.14115386075989347,0.13807400116066848,128,21,33.18150076696057
678009,0.08136266261599401,0.07578104746746635,367,56,99.1206691282193,-0.286724507627873,0.13440183253940408,73,12,15.249345616317818
678011,0.08341224282368229,0.18655957082148164,109,32,25.44301064464401,0.22516473882834379,0.12363760337706046,293,48,73.2375353250645
678246,0.08918058845924533,0.056130544003123936,1043,138,260.1147308984525,0.028607045957438418,0.04802870468234198,1177,154,286.8172345214366
678391,0.10159026615977311,0.1758916007779712,122,27,19.27717809232606,0.04141652723211731,0.07540367109006423,617,113,138.73618793274795
678489,-0.3338425296437822,0.20174009471235732,150,28,32.459495150810184,0.06435579384796901,0.13851615311366255,280,62,69.9133446316016
678554,-0.0605386463780642,0.10289402709996717,477,88,114.93253200638551,0.007213751710034018,0.08084980297220781,557,88,155.71160925882737
678662,0.053420770732526615,0.05712414452748009,859,95,199.35887068205506,-0.05453811580145055,0.04832414475787591,1037,136,245.3450847052896
678882,-0.054063702611697725,0.04664485899069031,1224,150,276.3354205973545,-0.04732482805960634,0.03912427168856475,1167,133,278.78303530463455
679529,0.14823204265252998,0.058896604959849906,1153,155,271.58336522929915,-0.09526729674143664,0.06309216567988843,1056,153,259.1799742038921
679845,0.07711248221387462,0.10327278164640169,306,62,64.64378970222543,0.09007971882619323,0.06049922569434738,609,115,151.03321639862435
680474,0.060927039157533315,0.12746079461475476,358,70,79.210393294917,0.1541825267132611,0.13234470293552927,138,31,35.72998857950754
680574,0.00710316385911883,0.06180787154702046,978,142,235.14896541045601,0.08699240584296868,0.059981186666282,814,124,178.74724465926005
680700,-0.06490839716538928,0.1380939394664913,71,15,13.919456019940522,0.011032621731849025,0.07032449603150248,665,113,145.95990398302055
680718,-0.12078743869260479,0.06618926711721315,943,133,214.05979056303448,-0.07020281106569846,0.3114963567544222,51,8,12.20097313542585
680728,0.08873041370459803,0.09150254247702819,247,42,56.55427607895249,-0.08114650536062472,0.08860738767874755,358,57,84.54888597159061
680737,0.14127667448735362,0.15118206095864858,211,36,53.65796481884955,-0.3225722283306501,0.2459979685652426,58,11,9.767995776090624
680757,0.06344476493793558,0.055933039706959405,1071,156,239.80031511600424,0.0667383371658836,0.0919093765945853,862,145,199.09729976653423
680776,0.01563829072018251,0.04954363924514984,1196,157,265.0989554916238,-0.08205952434548489,0.06602437004274829,1086,145,245.27383299084306
680777,-0.042156696501386336,0.07166611619302785,711,113,167.00683588343787,-0.026837996453777355,0.07413347169559902,579,84,147.5885849349238
680779,0.016529552058325753,0.07204228901880833,573,81,134.5801059031378,-0.05439288687600921,0.09357708269596907,550,85,137.05117289514493
680869,-0.13080980667590386,0.12040148610366994,207,27,48.60693821308753,-0.09711627193926536,0.04919524780058736,673,94,147.02260580931477
680977,-0.02601771383943335,0.05642114230539816,810,118,182.0930072334276,0.1607732941214912,0.10041219353702921,261,37,58.941618230110436
681082,0.07976201946146372,0.046006157648832716,973,145,226.22111586572237,-0.09973033957773923,0.06862083686924081,985,148,205.1060201010656
681297,0.12419056159082345,0.08175604891252643,610,90,155.2556049049512,0.02883099327380941,0.09079319960512579,698,125,182.17852030220092
681351,0.04133846685630593,0.0728215466026235,897,119,231.97407117103663,0.10933107508482882,0.1140930770418237,494,81,115.58838491202368
681393,0.1391761305021168,0.08108454231351887,651,87,169.06184267083455,0.10830781057823553,0.06415536678381391,704,99,180.20253084871564
681481,-0.027029898279094706,0.06451907320033712,910,127,214.18385241780123,0.11641929625424496,0.059999464542620236,507,81,118.48882304428693
681508,0.1984985337428199,0.1436425058815449,171,37,36.503343790754116,-0.197545425641822,0.07777947269303433,312,60,74.79852972542866
681546,0.0319315956068292,0.1096444282777035,275,47,70.51578077237804,0.09886438953573859,0.12311339274143784,345,61,75.0149168763617
681624,0.08846031070459849,0.06106807771433445,1236,155,273.3813047322649,0.06748270958105475,0.06705737788224196,1051,125,237.59813771242844
681715,0.16498389007813702,0.09306236232582181,509,85,113.43527856602631,0.04896245999225822,0.061370896811983766,852,124,220.6903022255811
681807,0.08326985694570697,0.11347261301614066,321,63,64.65681724998046,0.05991258735520572,0.09931387807789296,362,80,93.20848565715215
681987,-0.07716457212114862,0.15465125745526787,152,32,40.009989711006966,0.10290726049794614,0.10798413940827475,108,19,29.28133666236439
682177,-0.08346178407497963,0.08522294240673202,728,126,159.30498263790417,-0.07439579914590713,0.05849380304202584,551,84,137.33873302455694
682622,0.040046076702534676,0.11218458702039971,645,88,149.98328470837455,0.05097696041843366,0.10158545289843261,391,58,96.65437765863365
682626,0.0360380216235211,0.07349953780532734,497,73,141.65013805176739,-0.03543467568987554,0.05726506632142075,753,107,195.91215799628588
682641,0.045437993755305016,0.10640555444083107,348,55,66.75320306168508,-0.035827194329258696,0.16713096608836026,43,8,6.4245329853398365
682657,0.017611332204893342,0.061909840945927164,904,135,191.35141199304888,-0.07438205208067696,0.07275336175759642,730,101,160.383854068232
682663,-0.029266108494548713,0.05917652936797255,1044,136,230.2161781356197,0.10648991415708402,0.10320292442152926,446,64,108.76472698698788
682668,-0.03548597223709438,0.11173647029380258,319,65,87.65427815416888,-0.05473211629107922,0.09060056842025473,366,76,82.39380948053835
682729,-0.12938323937723706,0.13949245439940455,187,33,43.74892752315877,-0.250719162255978,0.5354995888906605,45,9,9.698622944910804
682829,0.15969595474156426,0.0957736243947751,1200,162,237.77044655691066,-0.08724999745777658,0.07043866767982797,1001,137,230.61134183189878
682848,0.07663370416954542,0.3291803635729101,92,16,19.208719503491572,0.1533298747087342,0.09043950139090678,270,45,61.98178652175049
682927,0.34823761705625433,0.22848970543682728,147,26,27.0069891485442,0.1835715284586032,0.20068737651687,95,15,21.097462960627055
682928,-0.04657609264809909,0.061921279086807376,1149,144,255.10582958456553,-0.04485052381594696,0.05923889377696017,1232,146,294.30915999193024
682985,0.24744491399707158,0.09002005099321442,1384,157,335.41455804044574,-0.1272449729247871,0.05590868287493378,1075,135,235.11949604749745
682988,0.1576249423662866,0.13736675322079173,232,31,53.43992979036056,-0.20928243137144448,0.23247461356248625,84,14,15.538031539663477
682998,-0.024291160874548596,0.05149997104938095,1200,141,282.15266545146216,0.067112445418491,0.05453179490591852,1118,148,250.79366498409027
683002,-0.00543154610210355,0.05014056621929132,1161,153,253.5605141450654,0.033704334028888276,0.05219992253441666,1272,153,306.49328341235866
683011,-0.003608236793084666,0.049853506965742506,1081,148,246.67037942164197,0.18754360143700013,0.09212889090184832,409,65,95.33555213972657
683083,0.0060484254274639415,0.252925627366341,176,31,38.721987676005156,-0.05710659892309664,0.07606530182071396,862,131,191.27630004735715
683146,0.1995861165823067,0.054660306912004165,794,125,184.0617355098076,-0.08295925375734728,0.053094254379596736,885,134,189.99870247463906
683227,-0.11261214264100003,0.10840292918241506,222,35,46.121066809171666,-0.06153193294041614,0.15348679674703103,156,31,43.39058681477485
683357,0.23645145427089106,0.18501171894522456,61,12,10.833952031800099,-0.06759095545328705,0.06418826705768797,622,107,128.73078753200218
683734,0.12369483400138598,0.062289939388247444,799,112,184.68626343707518,0.062783433241362,0.13968124351346303,495,99,106.96918417502403
683737,-0.01261436547898521,0.061393367299711316,1054,153,263.36290529017185,0.16493810500705708,0.05079925382564394,1157,154,294.7280351578063
683748,0.27367999201844156,0.2731379237694461,73,12,13.765713391491934,-0.10695227745165617,0.11171564983821801,448,68,115.0393135109309
683766,-0.218662007936466,0.13971825120834475,334,57,70.14270124325887,-0.071845490046935,0.12469545016658597,344,61,71.68905391444221
686217,0.002614671081973826,0.08965745820102586,973,141,209.13620976542194,0.09710294555880529,0.07009554263703417,560,101,128.07993091022
686452,0.10874152453066248,0.18850991761831745,93,16,17.58274045568794,-0.01654043137782761,0.09735295243534599,249,43,46.278809993306396
686469,0.08627493291272915,0.05060640611054059,1204,159,252.06885681820447,-0.008574480176715983,0.0686064014409061,825,108,187.04787754627813
686475,-0.13723628219816816,0.18035763610315667,100,34,17.332787940225217,0.013749292426998488,0.09763157198766345,222,53,44.53859409769589
686527,0.07409499496509189,0.08963965601718345,513,80,118.72484322905548,0.1179581244955035,0.047077813783790376,900,139,238.08220298616004
686555,-0.0851023913194527,0.07138917956600609,755,124,180.13449958260975,-0.006056084887724606,0.06625222664500552,775,138,180.85967285740304
686611,0.12231541170873361,0.08295996260972302,531,83,115.4581016376076,-0.025209273932172246,0.07042824570564862,778,101,185.35750441582513
686668,0.009492414941625352,0.0483003787484294,960,138,226.68804739248299,0.04158264417478435,0.08571661048095236,382,68,87.39778757892907
686681,0.036051708093333,0.08129782861442263,534,75,99.9361268303006,0.06375417745875926,0.06787898592544439,806,123,155.13245209054168
686765,-0.02532324586654013,0.19142649226339745,165,30,34.938922988285235,0.2783025728306124,0.13617236095333546,386,59,96.06110459405662
686780,-0.011206363977789305,0.07243854311865923,756,107,147.48326921201215,0.2576861471716774,0.0886480589662152,402,65,93.09647231261552
686797,0.17310719437496314,0.06479406083576894,949,137,212.49057276382743,0.03508947503428493,0.05886922394724471,1153,146,254.7185597776946
686894,-0.09956960182683619,0.3221962455419845,122,17,25.049996854389537,0.1791473918915733,0.18478984762527478,129,26,31.12423181232884
686948,0.004285722279190261,0.055967311984064336,858,123,197.32223962085516,-0.009543636284046779,0.05050531170762087,1155,132,281.37163373643267
687221,-0.07856089677449675,0.13175357568719756,263,50,60.71266486861818,-0.015499943192229044,0.0740655537507447,456,74,101.39924920912556
687231,-0.02746932937659008,0.1027539592842512,342,49,76.5314457970499,0.09745025247251064,0.12343194248216537,302,49,75.58261804434056
687263,-0.11605369943276918,0.07036189880861572,1026,128,259.3727162512516,-0.03806989988647559,0.05800780138799791,1333,151,340.7427147626803
687363,0.12505882156100082,0.10721540881654855,732,131,182.2240806479146,0.15946316223545162,0.10946689717020373,289,63,64.26596915241376
687401,0.004182874537738572,0.06617565330146331,842,145,182.89956379498494,0.012811403209711532,0.07998118898861359,658,112,158.8474522096762
687462,-0.0006363224421583224,0.07096791484677503,755,107,194.5084680196759,-0.12073999154048858,0.06433016432377957,679,108,149.14708075036413
687515,-0.04427913493691608,0.08665097294090336,268,46,67.67403760860215,-0.06921255430564363,0.11847544940855148,231,45,55.916862314926824
687529,-1.4363309932344166,0.7368657807163559,46,9,8.817912481766173,0.04429432672475818,0.144539911646818,150,29,35.54062591609204
687551,-0.1566858025411487,0.0842829243494949,186,34,36.4248997760223,0.06305150901712994,0.08316225495448401,614,125,140.70643577868861
687597,0.11617373357187029,0.07802165940390936,1043,146,239.45264535431514,0.031851834510211986,0.10382841866811587,322,57,72.6493198121168
687637,0.21771144950394328,0.17035844743062478,215,34,47.038440449347505,0.1311872144596253,0.07793934974011561,577,97,135.8488786396158
687859,0.1450978787819748,0.1188934088692896,230,44,43.342011252586886,0.06934054349206664,0.07882225496949864,802,120,193.69806329657357
687952,0.03570300322355304,0.11815588115795662,262,36,54.45796192501569,-0.09388870430553128,0.07245778240658006,418,53,99.03067825192656
687957,0.31419395151883334,0.25986163270591245,90,17,20.79153678638822,0.014304507116446288,0.11858304866058636,205,35,52.625840218702564
688363,-0.13009948216375988,0.15594423536408575,315,57,57.76810431197646,-0.010766165748945457,0.110099391408124,278,50,57.16427390865011
689414,0.003594243641294126,0.08973330025131873,561,119,134.52404871852286,-0.024237036900391733,0.07353219021342132,789,137,179.98775096057506
690924,0.09174557883708552,0.09449133370360312,215,37,46.19022703601542,-0.06407362193255046,0.11227314238351034,140,35,34.69273870198395
690976,-0.19711141032332277,0.23494445863703628,154,28,30.18694230923667,-0.0713934404276898,0.09381933337017515,431,88,90.85952653921436
690993,-0.04480968875947358,0.06219319321224965,806,135,191.36678529825184,-0.03809492732529523,0.06164873383932535,697,138,159.15025281630724
691016,0.0636691347475031,0.057114067543342785,1056,155,274.89597747238867,-0.03659670050991532,0.06609584209832581,740,103,177.8779431312478
691019,-0.04915631812291357,0.0886239105466842,535,77,119.9596110060003,0.06279062590319089,0.12978615895341877,239,34,48.578106274687926
691023,0.07836607621009385,0.08603503432337685,758,104,176.74512785737107,0.02069399849281075,0.0756959972326959,1168,152,282.00025410165597
691026,-0.041797604621444814,0.05142941496294798,990,127,215.27028573228262,0.018189142102619436,0.056786610461897896,837,127,172.49853717164268
691176,0.03440227172330509,0.06332873566364794,845,116,194.47144794204021,0.03240643346338117,0.07753613732033869,414,55,95.24939215231518
691182,-0.242224113903401,0.24308762443593515,205,38,34.21887981598349,0.039561288741152605,0.11202556139680961,141,21,37.92499008327718
691406,-0.14571176490936466,0.06758457782954451,1205,153,269.8308044486563,-0.005951411188812693,0.056718672365314686,1116,155,248.5002100058823
691594,-0.12658179872145134,0.10471516078730694,525,109,125.98353837546995,0.04960644748247241,0.06825818493581265,792,126,210.8834168569152
691718,0.0451409871382449,0.059493985686151225,1352,156,304.3430241489897,-0.09468885190369179,0.08739016316482225,1355,156,368.4467526607933
691720,0.17248608978553193,0.15371440763010888,273,42,61.07643476488097,0.04597231300178585,0.06665717107403589,760,119,197.89909851563104
691723,0.09957728148315668,0.09036717298416432,496,83,122.49345858769644,0.2655361200788041,0.09354499586149724,769,121,187.4014119169277
691728,-0.36085762403499305,0.26502350365084787,79,10,21.546514008323346,-0.04323620656908255,0.19753507197194242,136,28,31.68835742535861
691777,0.170040374472658,0.09542012005694234,405,60,98.9030451650334,0.15749619146444785,0.07381925128801615,513,77,138.97476500190186
691781,0.10139241876812252,0.07093349693016475,548,73,142.05323204038507,-0.11210385872408496,0.0711904483829262,614,89,148.7928218972229
691783,-0.26807554776871506,0.1779016199446442,117,24,20.03619194325886,-0.0003953544430836247,0.14807505204947696,208,37,46.294368590644716
691785,0.03782964786676861,0.07963358660444325,255,42,60.46616743384669,0.15948579109922,0.07189258897703743,413,68,87.46937733653036
692216,0.05754637112110795,0.09213758619739831,251,42,58.094716835637534,-0.37438667878888415,0.17726038890632956,55,8,9.082444267498364
693304,0.08589899896480864,0.07448692976273387,770,95,173.47833517026743,-0.07100706432439988,0.05730156675223393,1100,142,245.53340964996033
693307,-0.02332107690420017,0.06249467026205932,862,125,193.80948666235315,0.055048294993744015,0.06533389178184693,1082,141,237.67983246247758
694192,-0.02297950305514835,0.05885567800527362,1101,131,275.4886111666492,0.001631554055297319,0.048590301875420426,955,117,230.5058810499737
694203,0.10305478205870204,0.16122921821941066,91,13,16.854178504749797,-0.12877328664303905,0.07332424142761326,544,74,128.51520631139985
694208,-0.10375801676202606,0.10614418020350648,109,19,22.29725645552618,-0.05776391446276082,0.07652074802035448,626,99,142.41755555498287
694212,-0.04891143537454262,0.06323443071956808,237,31,50.980652950027725,-0.09364079396070282,0.05403446708118473,753,110,182.85248913105067
694362,0.025505455666951622,0.13585426040888526,124,26,35.19948966355367,0.0509941835672343,0.10133005959723164,239,35,57.566728621939184
694374,0.002878555995908441,0.0895308965832052,401,66,92.48025847904692,0.06763941095189366,0.07357111859427742,590,88,138.04480587237225
694376,0.13527010217235716,0.14057805622512545,69,15,18.603904620500195,-0.376111863598268,0.21090965968046527,182,38,35.42463964315099
694377,0.050698493728778306,0.11160475118753464,135,21,26.9590235068409,-0.021675408997093363,0.09142086397861926,223,36,59.06012717848481
694384,0.09133223545469618,0.07672285113713666,907,130,202.87203456220743,-0.03203868990765978,0.07824698878209951,710,106,150.39947246291467
694388,-0.04111338973021921,0.14773873508562618,196,38,47.512321704262796,0.11090386200947285,0.1519209362405712,226,39,54.45446318089762
694497,0.016595340971830835,0.12687320444875452,351,60,73.87701948090611,0.05855872666976746,0.0896742022106441,656,132,169.23593998483815
694671,-0.002260427233111767,0.05700627398817071,993,133,236.92228037212084,-0.003550455082652618,0.06486019581601629,820,104,193.7013316480463
694728,-0.14293910136116914,0.1780657990034512,87,13,23.46797241836763,0.00039424619559739435,0.06755607112240306,412,72,103.12918321373256
695238,0.08162229096425723,0.08604623514128336,304,55,78.00257734017251,0.2156217805255746,0.20206357822330198,69,16,14.718499738214827
695336,-0.0016641005831081034,0.08161412750952593,575,81,116.9359858586511,0.009900594998670567,0.1016371332100436,324,46,76.785228731843
695391,-0.13372846514265505,0.08487962501161976,140,26,38.71025326885025,0.24735698868690006,0.23961210688931842,46,12,10.133546994079593
695506,0.05451942336968526,0.08676890003340686,430,61,81.48020128573962,-0.01682743186971074,0.0631862240232874,1026,138,245.04377974124037
695578,0.05247399565337334,0.05714300442628994,1145,157,299.30090149122,-0.018948387080075846,0.0716463708715369,936,129,240.1884948035261
695600,-0.016663665138497083,0.09723142342791485,137,19,31.932579646559258,0.07930932103349471,0.07367639994324782,1045,143,254.7686764942233
695657,0.03983131802990845,0.0885074277060496,545,71,121.92149330238951,-0.03518122449118419,0.05552245673920223,1211,147,278.0026859216789
695681,0.011221257821470175,0.0910335367311704,362,49,85.74377517610306,-0.04940720113449627,0.1515201873416061,237,31,48.74595825143133
695734,0.0660412110791721,0.07236827832356196,664,91,156.154062702836,0.05866936726720734,0.052312186252157306,1250,154,297.4406917352941
696030,0.050855402967222636,0.0997942779399689,319,55,69.43373145601596,-0.13249971189157414,0.09748276815701246,368,72,73.60481171199424
696100,-0.07264291226301132,0.05667538709233989,1147,141,266.5728239018348,0.0026546559382701123,0.055005532520427336,1058,129,260.08820838747306
696285,0.07532908548374803,0.06308527561711948,550,107,108.20183006412685,0.015718539185013276,0.0594699493852656,708,126,148.64768303820517
699625,0.0691665505113781,0.13386023012345463,99,13,22.496113308005633,-0.0336858726553041,0.1314591210616639,275,51,64.9621530915075
700246,0.09677951028494472,0.10541954757790223,196,30,43.45444609185461,0.11179391393128854,0.130242994592419,79,13,16.7575921871345
700250,0.050800487692005396,0.0530058457805567,869,134,201.45344670702596,-0.008189440136292789,0.057145111051094266,1104,148,278.4840451376898
700337,-0.14851265103141867,0.060278746228177256,725,111,164.33048329700722,-0.20858925736924597,0.11662327008876154,402,64,85.70982778623491
700932,0.08817458439680377,0.06317578540673012,949,142,229.8170695845284,-0.005310609484989902,0.06816360575413434,661,101,174.1638586257098
701305,0.13356611990882555,0.12177173055475492,211,32,51.11911629126816,-0.12565045561765503,0.15813029167846485,153,34,39.44932331973994
701350,0.0993502941525686,0.07571545947014054,463,69,104.78982135649869,-0.002267113248775514,0.09283188863280883,336,50,72.15535186467062
701358,0.05560895427262784,0.06001108938163375,977,133,248.4485839064547,0.10094917051629157,0.06515600415820713,1076,144,272.2473631337433
701398,0.4045487724447639,0.13565251465550238,106,18,21.32084285164167,0.06747507673159284,0.06881222808869222,1254,156,285.2160857871784
701538,0.01066637460299486,0.0774663212208089,947,114,207.01669144040693,0.14591923856039926,0.08200979094348249,1258,150,269.1308003479451
701675,-0.016246105532719674,0.09407143777459027,127,19,25.540939853676015,0.12643908867367512,0.07319503836618439,922,125,225.71433428266886
701762,-0.035769181065296134,0.05738687890257609,804,116,187.91416671035887,0.028176810619863095,0.04967390533030537,736,93,193.12388590003548
702176,0.020711417180918075,0.12575489492097305,252,47,54.03898238385891,0.12663233838963978,0.30832978626181384,128,28,29.876865725485608
702284,0.039046409963873104,0.06675834496395423,439,72,95.50446011560564,0.09031335234530148,0.06283279491230352,1105,153,246.08576808696233
702332,0.020466855393231943,0.07836797372438088,777,132,157.8785662841387,0.02468124365168153,0.06584730499833934,922,146,211.63501495560274
702616,-0.07122643318826814,0.06620754674341545,1105,148,262.54397400820153,0.02838652965583184,0.08013440534324379,590,96,136.24674736950533
802415,-0.020883971099081074,0.08736610767519588,687,107,148.82618440614402,0.013110888930520344,0.08363004664031205,845,143,166.14656543952947
805249,0.07260485921182128,0.07419915466656396,407,62,85.64414583212263,0.29453509347934353,0.3293097403988062,57,10,10.496540006291045
805300,-0.03691120109907222,0.08536396339406399,374,55,93.90498717903446,0.06229149397725774,0.07799826378276019,882,145,194.57875837828104
805367,-0.07996823241671316,0.08242398999842426,768,118,173.51770605104312,0.04140569854014685,0.04924592299649214,1041,150,251.9668804347373
805779,0.00016394174177676015,0.06320484325033736,813,123,210.54850174956331,0.05439232698009484,0.09210765162377331,596,77,122.15091222808901
805811,-0.14935678705269195,0.18229006908079443,64,10,13.57835505336765,0.00451907332546787,0.07024952888652902,799,107,205.80385182683557
805904,0.19485259386561896,0.1593501521751986,87,14,24.02841703666429,0.03829334597661359,0.14872976601070695,94,18,18.244872883117512
807712,0.11154179175390863,0.1537916039181879,302,48,80.05163290964248,-0.01963936524587695,0.08104309259894639,868,144,194.84505646084995
807713,0.10474101881357278,0.08023881879629222,792,122,187.75455130897564,-0.0496022482112767,0.09287447086226704,326,63,81.7221891550144
807799,0.11248087615639134,0.14092121274817643,317,55,55.75541356953984,-0.031877763113365674,0.06196907001779141,455,84,99.94182062308201
808975,0.025982584847038685,0.11420986909684193,326,58,65.20644958976727,-0.028550813723052335,0.11064053409050952,239,40,56.58709167969447
808982,-0.029635828163378255,0.07864370134300191,1014,147,211.28540887661194,-0.0702875174341732,0.06920473034576408,986,143,198.8177861616218
810938,0.027091594019710865,0.08379582974508067,568,82,141.72705401294292,0.02881669420412793,0.08165388457863862,426,81,100.81675677214916
