batter,player_name,birth_date,bats,throws
408234,Miguel Cabrera,1983-04-18,R,R
425794,Adam Wainwright,1981-08-30,R,R
444482,David Peralta,1987-08-14,L,L
446334,Evan Longoria,1985-10-07,R,R
453568,Charlie Blackmon,1986-07-01,L,L
455117,Martín Maldonado,1986-08-16,R,R
456781,Donovan Solano,1987-12-17,R,R
457705,Andrew McCutchen,1986-10-10,R,R
457759,Justin Turner,1984-11-23,R,R
458015,Joey Votto,1983-09-10,L,R
462101,Elvis Andrus,1988-08-26,R,R
467793,Carlos Santana,1986-04-08,S,R
474832,Brandon Belt,1988-04-20,L,L
488726,Michael Brantley,1987-05-15,L,L
493329,Yuli Gurriel,1984-06-09,R,R
500743,Miguel Rojas,1989-02-24,R,R
500871,Eduardo Escobar,1989-01-05,S,R
501303,Ehire Adrianza,1989-08-21,S,R
501659,Abraham Almonte,1989-06-27,S,R
502054,Tommy Pham,1988-03-08,R,R
502110,J.D. Martinez,1987-08-21,R,R
502671,Paul Goldschmidt,1987-09-10,R,R
506702,Sandy León,1989-03-13,S,R
514888,Jose Altuve,1990-05-06,R,R
516416,Jean Segura,1990-03-17,R,R
516782,Starling Marte,1988-10-09,R,R
518586,Charlie Culberson,1989-04-10,R,R
518595,Travis d'Arnaud,1989-02-10,R,R
518626,Josh Donaldson,1985-12-08,R,R
518692,Freddie Freeman,1989-09-12,L,R
518735,Yasmani Grandal,1988-11-08,S,R
518792,Jason Heyward,1989-08-09,L,L
518934,DJ LeMahieu,1988-07-13,R,R
519058,Mike Moustakas,1988-09-11,L,R
519203,Anthony Rizzo,1989-08-08,L,L
519317,Giancarlo Stanton,1989-11-08,R,R
521692,Salvador Perez,1990-05-10,R,R
527038,Wilmer Flores,1991-08-06,R,R
541645,Avisaíl García,1991-06-12,R,R
542194,Christian Bethancourt,1991-09-02,R,R
542208,Carlos Pérez,1990-10-27,R,R
542303,Marcell Ozuna,1990-11-12,R,R
542364,Rafael Ortega,1991-05-15,L,R
542932,Jon Berti,1990-01-22,R,R
542963,Rob Brantly,1989-07-14,L,R
543063,Brandon Crawford,1987-01-21,L,R
543068,C.J. Cron,1990-01-05,R,R
543228,Yan Gomes,1987-07-19,R,R
543257,Robbie Grossman,1989-09-16,S,L
543281,Josh Harrison,1987-07-08,R,R
543305,Aaron Hicks,1989-10-02,S,R
543309,Kyle Higashioka,1990-04-20,R,R
543510,James McCann,1990-06-13,R,R
543518,Scott McGough,1989-10-31,R,R
543543,Brad Miller,1989-10-18,L,R
543592,Austin Nola,1989-12-28,R,R
543685,Anthony Rendon,1990-06-06,R,R
543760,Marcus Semien,1990-09-17,R,R
543807,George Springer,1989-09-19,R,R
543877,Christian Vázquez,1990-08-21,R,R
543939,Kolten Wong,1990-10-10,L,R
545121,Ildemaro Vargas,1991-07-16,S,R
545341,Randal Grichuk,1991-08-13,R,R
545350,Jake Marisnick,1991-03-30,R,R
545361,Mike Trout,1991-08-07,R,R
547180,Bryce Harper,1992-10-16,L,R
547989,José Abreu,1987-01-29,R,R
553869,Elias Díaz,1990-11-17,R,R
553882,Omar Narváez,1992-02-10,L,R
553993,Eugenio Suárez,1991-07-18,R,R
570482,Gio Urshela,1991-10-11,R,R
571448,Nolan Arenado,1991-04-16,R,R
571466,Tucker Barnhart,1991-01-07,L,R
571657,Kyle Farmer,1990-08-17,R,R
571745,Mitch Haniger,1990-12-23,R,R
571771,Enrique Hernández,1991-08-24,R,R
571912,Luke Maile,1991-02-06,R,R
571945,Miles Mikolas,1988-08-23,R,R
571970,Max Muncy,1990-08-25,L,R
571980,Tyler Naquin,1991-04-24,L,R
572041,AJ Pollock,1987-12-05,R,R
572138,Jon Singleton,1991-09-18,L,L
572191,Michael A. Taylor,1991-03-26,R,R
572204,Trayce Thompson,1991-03-15,R,R
572233,Christian Walker,1991-03-28,R,R
572761,Matt Carpenter,1985-11-26,L,R
572816,Corey Dickerson,1989-05-22,L,R
573262,Mike Yastrzemski,1990-08-23,L,L
575929,Willson Contreras,1992-05-13,R,R
578428,Jose Iglesias,1990-01-05,R,R
578570,Juniel Querecuto,1992-09-19,S,R
592178,Kris Bryant,1992-01-04,R,R
592192,Mark Canha,1989-02-15,R,R
592200,Curt Casali,1988-11-09,R,R
592206,Nick Castellanos,1992-03-04,R,R
592273,Brandon Drury,1992-08-21,R,R
592325,Ben Gamel,1992-05-17,L,L
592348,Niko Goodrum,1992-02-28,S,R
592450,Aaron Judge,1992-04-26,R,R
592518,Manny Machado,1992-07-06,R,R
592626,Joc Pederson,1992-04-21,L,L
592656,Henry Ramos,1992-04-15,S,R
592663,J.T. Realmuto,1991-03-18,R,R
592669,Hunter Renfroe,1992-01-28,R,R
592696,Eddie Rosario,1991-09-28,L,R
592885,Christian Yelich,1991-12-05,L,R
593160,Whit Merrifield,1989-01-24,R,R
593428,Xander Bogaerts,1992-10-01,R,R
593871,Jorge Polanco,1993-07-05,S,R
593934,Miguel Sanó,1993-05-11,R,R
594777,Kole Calhoun,1987-10-14,L,L
594807,Adam Duvall,1988-09-04,R,R
595281,Kevin Kiermaier,1990-04-22,L,R
595284,Andrew Knapp,1991-11-09,S,R
595453,Chad Wallach,1991-11-04,R,R
595751,Jorge Alfaro,1993-06-11,R,R
595777,Jurickson Profar,1993-02-20,S,R
595879,Javier Báez,1992-12-01,R,R
595909,Jake Cave,1992-12-04,L,L
595956,Cam Gallagher,1992-12-06,R,R
595978,Austin Hedges,1992-08-18,R,R
596019,Francisco Lindor,1993-11-14,S,R
596059,Rougned Odor,1994-02-03,L,R
596103,Austin Slater,1992-12-13,R,R
596115,Trevor Story,1992-11-15,R,R
596117,Garrett Stubbs,1993-05-26,L,R
596129,Daniel Vogelbach,1992-12-17,L,R
596142,Gary Sánchez,1992-12-02,R,R
596146,Max Kepler,1993-02-10,L,L
596847,Ji Man Choi,1991-05-19,L,R
600301,Taylor Motter,1989-09-18,R,R
600869,Jeimer Candelario,1993-11-24,S,R
602104,Ramón Urías,1994-06-03,R,R
605113,Nick Ahmed,1990-03-15,R,R
605119,Brian Anderson,1993-05-19,R,R
605131,Austin Barnes,1989-12-28,R,R
605137,Josh Bell,1992-08-14,S,R
605141,Mookie Betts,1992-10-07,R,R
605170,Victor Caratini,1993-08-17,S,R
605204,J.D. Davis,1993-04-27,R,R
605244,Aramis Garcia,1993-01-12,R,R
605346,Jack López,1992-12-16,R,R
605353,Vimael Machín,1993-09-25,L,R
605361,Nick Martini,1990-06-27,L,L
605421,Michael Pérez,1992-08-07,L,R
605612,Harold Castro,1993-11-30,L,R
606115,Orlando Arcia,1994-08-04,R,R
606132,Raimel Tapia,1994-02-04,L,L
606192,Teoscar Hernández,1992-10-15,R,R
606466,Ketel Marte,1993-10-12,S,R
606992,Eric Haase,1992-12-18,R,R
607043,Brandon Nimmo,1993-03-27,L,R
607054,Jace Peterson,1990-05-09,L,R
607067,Colin Rea,1990-07-01,R,R
607208,Trea Turner,1993-06-30,R,R
607461,Matt Beaty,1993-04-28,L,R
607680,Kevin Pillar,1989-01-04,R,R
607732,Jacob Stallings,1989-12-22,R,R
608070,José Ramírez,1992-09-17,S,R
608324,Alex Bregman,1994-03-30,R,R
608336,Joey Gallo,1993-11-19,L,R
608348,Carson Kelly,1994-07-14,R,R
608369,Corey Seager,1994-04-27,L,R
608385,Jesse Winker,1993-08-17,L,L
608596,Tom Murphy,1991-04-03,R,R
608671,Travis Jankowski,1991-06-15,L,R
608701,Rob Refsnyder,1991-03-26,R,R
608841,Joey Meneses,1992-05-06,R,R
609280,Miguel Andujar,1995-03-02,R,R
613564,Jason Vosler,1993-09-06,L,R
614173,Franchy Cordero,1994-09-02,L,R
620443,Luis Torrens,1996-05-02,R,R
621020,Dansby Swanson,1994-02-11,R,R
621028,Kevin Newman,1993-08-04,R,R
621035,Chris Taylor,1990-08-29,R,R
621043,Carlos Correa,1994-09-22,R,R
621311,David Dahl,1994-04-01,L,R
621433,Brett Phillips,1994-05-30,L,R
621438,Tyrone Taylor,1994-01-22,R,R
621439,Byron Buxton,1993-12-18,R,R
621458,Edwin Rios,1994-04-21,L,R
621466,DJ Stewart,1993-11-30,L,R
621493,Taylor Ward,1993-12-14,R,R
621512,Tomás Nido,1994-04-12,R,R
621545,Zach Remillard,1994-02-21,R,R
621550,Patrick Wisdom,1991-08-27,R,R
621563,Joey Wendle,1990-04-26,L,R
621566,Matt Olson,1994-03-29,L,R
622110,Matt Duffy,1991-01-15,R,R
622268,Donovan Walton,1994-05-25,L,R
622491,Luis Castillo,1992-12-12,R,R
622534,Manuel Margot,1994-09-28,R,R
622569,Pablo Reyes,1993-09-05,R,R
622666,Johan Camargo,1993-12-13,S,R
622761,Jorge Mateo,1995-06-23,R,R
623168,Tyler Heineman,1991-06-19,S,R
623205,Andrew Velazquez,1994-07-14,S,R
623520,David Bote,1993-04-07,R,R
623912,Harold Ramírez,1994-09-06,R,R
623993,Anthony Santander,1994-10-19,S,R
624413,Pete Alonso,1994-12-07,R,R
624414,Christian Arroyo,1995-05-30,R,R
624415,Cavan Biggio,1995-04-11,L,R
624424,Michael Conforto,1993-03-01,L,R
624428,Adam Frazier,1991-12-14,L,R
624431,Jose Trevino,1992-11-28,R,R
624503,Nick Gordon,1995-10-24,L,R
624512,Reese McGuire,1995-03-02,L,R
624513,Dom Nuñez,1995-01-17,L,R
624585,Jorge Soler,1992-02-25,R,R
624641,Edmundo Sosa,1996-03-06,R,R
628451,Andy Ibáñez,1993-04-03,R,R
630105,Jake Cronenworth,1994-01-21,L,R
640459,Brian Navarreto,1994-12-29,R,R
640492,José Azócar,1996-05-11,R,R
640902,Jhonny Pereda,1996-04-18,R,R
641302,Tyler Alexander,1994-07-14,R,L
641313,Tim Anderson,1993-06-23,R,R
641343,Jake Bauers,1995-10-06,L,L
641355,Cody Bellinger,1995-07-13,L,L
641432,Willie Calhoun,1994-11-04,L,R
641470,Zack Collins,1995-02-06,L,R
641487,J.P. Crawford,1995-01-11,L,R
641511,Jason Delay,1995-03-07,R,R
641525,Brandon Dixon,1992-01-29,R,R
641555,J.C. Escarra,1995-04-24,L,R
641584,Jake Fraley,1995-05-25,L,L
641598,Mitch Garver,1991-01-15,R,R
641645,Luis Guillorme,1994-09-27,L,R
641658,Garrett Hampson,1994-10-10,R,R
641680,Jonah Heim,1995-06-27,S,R
641779,Charles Leblanc,1996-06-03,R,R
641786,Kyle Lewis,1995-07-13,R,R
641796,Tim Locastro,1992-07-14,R,R
641820,Trey Mancini,1992-03-18,R,R
641856,Billy McKinney,1994-08-23,L,L
641857,Ryan McMahon,1994-12-14,L,R
641933,Tyler O'Neill,1995-06-22,R,R
641943,Joshua Palacios,1995-07-30,L,R
642020,Chuckie Robinson,1994-12-14,R,R
642086,Dominic Smith,1995-06-15,L,L
642133,Rowdy Tellez,1995-03-16,L,L
642136,Matt Thaiss,1995-05-06,L,R
642137,Cody Thomas,1994-10-08,L,R
642180,Tyler Wade,1994-11-23,L,R
642197,Jamie Westbrook,1995-06-18,R,R
642201,Eli White,1994-06-26,R,R
642215,Weston Wilson,1994-09-11,R,R
642336,Francisco Mejía,1995-10-27,S,R
642350,Jose Siri,1995-07-22,R,R
642708,Amed Rosario,1995-11-20,R,R
642715,Willy Adames,1995-09-02,R,R
642727,Sergio Alcántara,1996-07-10,S,R
642731,Thairo Estrada,1996-02-22,R,R
642851,Austin Wynns,1990-12-10,R,R
643217,Andrew Benintendi,1994-07-06,L,L
643265,Garrett Cooper,1990-12-25,R,R
643289,Mauricio Dubón,1994-07-19,R,R
643376,Danny Jansen,1995-04-15,R,R
643393,Tony Kemp,1991-10-31,L,R
643396,Isiah Kiner-Falefa,1995-03-23,R,R
643446,Jeff McNeil,1992-04-08,L,R
643565,Mike Tauchman,1990-12-03,L,L
644374,Yu Chang,1995-08-18,R,R
644433,Chadwick Tromp,1995-03-21,R,R
645277,Ozzie Albies,1997-01-07,S,R
645302,Victor Robles,1997-05-19,R,R
645305,Ali Sánchez,1997-01-20,R,R
645444,Jose Herrera,1997-02-24,S,R
645801,Mike Ford,1992-07-04,L,R
646240,Rafael Devers,1996-10-24,L,R
647304,Josh Naylor,1997-06-22,L,L
647351,Abraham Toro,1996-12-20,S,R
649557,Aledmys Díaz,1990-08-01,R,R
649966,Luis Urías,1997-06-03,R,R
650333,Luis Arraez,1997-04-09,L,R
650391,Eloy Jiménez,1996-11-27,R,R
650402,Gleyber Torres,1996-12-13,R,R
650489,Willi Castro,1997-04-24,S,R
650490,Yandy Díaz,1991-08-08,R,R
650559,Bryan De La Cruz,1996-12-16,R,R
650859,Luis Rengifo,1997-02-26,S,R
650907,René Pinto,1996-11-02,R,R
650968,Yohel Pozo,1997-06-14,R,R
655316,Andruw Monasterio,1997-05-30,R,R
656024,Carlos Pérez,1996-09-10,R,R
656180,Riley Adams,1996-06-26,R,R
656185,Greg Allen,1993-03-15,S,R
656248,Sean Bouchard,1996-05-16,R,R
656305,Matt Chapman,1993-04-28,R,R
656308,Michael Chavis,1995-08-11,R,R
656371,Isan Díaz,1996-05-27,L,R
656403,Drew Ellis,1995-12-01,R,R
656413,Stuart Fairchild,1996-03-17,R,R
656448,Stone Garrett,1995-11-22,R,R
656484,Tristan Gray,1996-03-22,L,R
656537,Derek Hill,1995-12-30,R,R
656541,Sam Hilliard,1994-02-21,L,L
656555,Rhys Hoskins,1993-03-17,R,R
656577,Alex Jackson,1995-12-25,R,R
656582,Connor Joe,1992-08-16,R,R
656669,Jordan Luplow,1993-09-26,R,R
656716,Zach McKinstry,1995-04-29,L,R
656775,Cedric Mullins,1994-10-01,L,L
656811,Ryan O'Hearn,1993-07-26,L,L
656883,Jakson Reetz,1996-01-03,R,R
656896,Emmanuel Rivera,1996-06-29,R,R
656941,Kyle Schwarber,1993-03-05,L,R
656976,Pavin Smith,1996-02-06,L,L
657041,Lane Thomas,1995-08-23,R,R
657061,Cole Tucker,1996-07-03,S,R
657077,Alex Verdugo,1996-05-15,L,L
657088,Forrest Wall,1995-11-20,L,R
657136,Connor Wong,1996-05-19,R,R
657193,Eddy Alvarez,1990-01-30,L,R
657247,Brian O'Keefe,1993-07-15,R,R
657557,Paul DeJong,1993-08-02,R,R
657656,Ramón Laureano,1994-07-15,R,R
657675,Rudy Martin Jr.,1996-01-31,L,L
657757,Gavin Sheets,1996-04-23,L,L
658668,Edward Olivares,1996-03-06,R,R
660162,Yoán Moncada,1995-05-27,S,R
660271,Shohei Ohtani,1994-07-05,L,R
660620,Jonathan Araúz,1998-08-03,S,R
660634,Yonny Hernández,1998-05-04,S,R
660636,Diego Castillo,1997-10-28,R,R
660644,Vidal Bruján,1998-02-09,S,R
660670,Ronald Acuña Jr.,1997-12-18,R,R
660688,Keibert Ruiz,1998-07-20,S,R
660707,Elehuris Montero,1998-08-17,R,R
660710,Rodolfo Durán,1998-02-19,R,R
660757,Oscar Gonzalez,1998-01-10,R,R
660758,Sandro Fabian,1998-03-06,R,R
660766,Juan Yepez,1998-02-19,R,R
660821,Jesús Sánchez,1997-10-07,L,R
660844,Leo Rivas,1997-10-10,S,R
661388,William Contreras,1997-12-24,R,R
661531,Brian Serven,1995-05-05,R,R
662139,Daulton Varsho,1996-07-02,L,R
663330,Jahmai Jones,1997-08-04,R,R
663368,Blake Perkins,1996-09-10,S,R
663457,Lars Nootbaar,1997-09-08,L,R
663494,Bryan Torres,1997-07-02,L,R
663527,Tyler Nevin,1997-05-29,R,R
663536,Tristin English,1997-05-14,R,R
663538,Nico Hoerner,1997-05-13,R,R
663550,Trey Cabbage,1997-05-03,L,R
663584,Hayden Senger,1997-04-03,R,R
663586,Austin Riley,1997-04-02,R,R
663604,Brandon Lockridge,1997-03-14,R,R
663609,Luken Baker,1997-03-10,R,R
663611,Nick Madrigal,1997-03-05,R,R
663616,Trevor Larnach,1997-02-26,L,R
663624,Ryan Mountcastle,1997-02-18,R,R
663630,Ryan McKenna,1997-02-14,R,R
663647,Ke'Bryan Hayes,1997-01-28,R,R
663656,Kyle Tucker,1997-01-17,L,R
663662,Daz Cameron,1997-01-15,R,R
663697,Jonathan India,1996-12-15,R,R
663698,Joey Bart,1996-12-15,R,R
663728,Cal Raleigh,1996-11-26,S,R
663731,Connor Kaiser,1996-11-20,R,R
663743,Nick Fortes,1996-11-11,R,R
663757,Trent Grisham,1996-11-01,L,L
663796,Coco Montes,1996-10-07,R,R
663837,Matt Vierling,1996-09-16,R,R
663845,Alfonso Rivas III,1996-09-13,L,L
663853,Romy Gonzalez,1996-09-06,R,R
663886,Tyler Stephenson,1996-08-16,R,R
663897,Luke Williams,1996-08-09,R,R
663898,Brendan Rodgers,1996-08-09,R,R
663905,Travis Blankenhorn,1996-08-03,L,R
663967,César Salazar,1996-03-15,L,R
663968,Jake Mangum,1996-03-08,S,L
663993,Nathaniel Lowe,1995-07-07,L,R
664023,Ian Happ,1994-08-12,S,R
664029,Mark Mathias,1994-08-02,R,R
664034,Ty France,1994-07-13,R,R
664040,Brandon Lowe,1994-07-06,L,R
664056,Harrison Bader,1994-06-03,R,R
664057,Andrew Stevenson,1994-06-01,L,L
664058,David Fletcher,1994-05-31,R,R
664059,Sam Haggerty,1994-05-26,S,R
664068,Scott Kingery,1994-04-29,R,R
664238,Dylan Moore,1992-08-02,R,R
664314,Estevan Florial,1997-11-25,L,R
664670,Alejo Lopez,1996-05-05,S,R
664702,Myles Straw,1994-10-17,R,R
664728,Kyle Isbel,1997-03-03,L,R
664731,P.J. Higgins,1993-05-10,R,R
664761,Alec Bohm,1996-08-03,R,R
664770,Nathan Lukes,1994-07-12,L,R
664774,LaMonte Wade Jr.,1994-01-01,L,L
664874,Seby Zavala,1993-08-28,R,R
664901,Danny Mendick,1993-09-28,R,R
664913,Seth Brown,1992-07-13,L,L
664954,Brett Sullivan,1994-02-22,L,R
664983,Jake McCarthy,1997-07-30,L,L
665019,Kody Clemens,1996-05-15,L,R
665052,Griffin Conine,1997-07-11,L,R
665120,Jared Walsh,1993-07-30,L,L
665155,Nick Maton,1997-02-18,L,R
665161,Jeremy Peña,1997-09-22,R,R
665487,Fernando Tatis Jr.,1999-01-02,R,R
665489,Vladimir Guerrero Jr.,1999-03-16,R,R
665506,Cristian Pache,1998-11-19,R,R
665561,Rafael Marchán,1999-02-25,S,R
665742,Juan Soto,1998-10-25,L,L
665750,Leody Taveras,1998-09-08,S,R
665782,Luis De Los Santos,1998-06-09,R,R
665804,Miguel Amaya,1999-03-09,R,R
665828,Oswaldo Cabrera,1999-03-01,S,R
665833,Oneil Cruz,1998-10-04,L,R
665839,Enmanuel Valdez,1998-12-28,L,R
665856,Jair Camargo,1999-07-01,R,R
665861,Sebastián Rivero,1998-11-16,R,R
665862,Jazz Chisholm Jr.,1998-02-01,L,R
665877,José Fermín,1999-03-29,R,R
665923,Esteury Ruiz,1999-02-15,R,R
665926,Andrés Giménez,1998-09-04,L,R
665953,Andrés Chaparro,1999-05-04,R,R
665966,Carlos Narváez,1998-11-26,R,R
666018,Jonathan Aranda,1998-05-23,L,R
666023,Freddy Fermin,1995-05-16,R,R
666126,Carlos Cortes,1997-06-30,L,S
666134,Nolan Jones,1998-05-07,L,R
666135,Alex Kirilloff,1997-11-09,L,L
666139,Josh Lowe,1998-02-02,L,R
666149,Tyler Fitzgerald,1997-09-15,R,R
666150,Dominic Fletcher,1997-09-02,L,L
666152,David Hamilton,1997-09-29,L,R
666158,Gavin Lux,1997-11-23,L,R
666160,Mickey Moniak,1998-05-13,L,R
666163,Ben Rortvedt,1997-09-25,L,R
666164,Blake Rutherford,1997-05-02,L,R
666165,Blake Sabol,1998-01-07,L,R
666176,Jo Adell,1999-04-08,R,R
666181,Will Benson,1998-06-16,L,L
666182,Bo Bichette,1998-03-05,R,R
666185,Dylan Carlson,1998-10-23,S,L
666197,Grae Kessinger,1997-08-25,R,R
666198,Carter Kieboom,1997-09-03,R,R
666211,Taylor Trammell,1997-09-13,L,L
666310,Bo Naylor,2000-02-21,L,R
666397,Edouard Julien,1999-04-30,L,R
666464,Jerar Encarnacion,1997-10-22,R,R
666624,Christopher Morel,1999-06-24,R,R
666703,Eguy Rosario,1999-08-25,R,R
666801,Rodolfo Castro,1999-05-21,R,R
666906,Jake Alu,1997-04-06,L,R
666915,Bobby Dalbec,1995-06-29,R,R
666931,Jared Oliva,1995-11-27,R,R
666969,Adolis García,1993-03-02,R,R
666971,Lourdes Gurriel Jr.,1993-10-10,R,R
667428,Grant Koch,1997-02-05,R,R
667452,Corey Julks,1996-02-27,R,R
667472,Dane Myers,1996-03-08,R,R
667670,Brent Rooker,1994-11-01,R,R
667690,C.J. Stubbs,1996-11-12,R,R
668227,Randy Arozarena,1995-02-28,R,R
668472,Nick Pratto,1998-10-06,L,L
668670,Jake Rogers,1995-04-18,R,R
668709,JJ Bleday,1997-11-10,L,L
668715,Spencer Steer,1997-12-07,R,R
668723,Ryan Vilade,1999-02-18,R,R
668731,Akil Baddoo,1998-08-16,L,L
668752,Duke Ellis,1998-01-16,L,L
668800,Andrew Knizner,1995-02-03,R,R
668804,Bryan Reynolds,1995-01-27,S,R
668832,Kyle McCann,1997-12-02,L,R
668843,Conner Capel,1997-05-19,L,L
668845,Aaron Schunk,1997-07-24,R,R
668853,Austin Shenton,1998-01-22,L,R
668885,Austin Martin,1999-03-23,R,R
668901,Mark Vientos,1999-12-11,R,R
668904,Royce Lewis,1999-06-05,R,R
668930,Brice Turang,1999-11-21,L,R
668939,Adley Rutschman,1998-02-06,S,R
668942,Josh Rojas,1994-06-30,L,R
668952,Ryan Kreidler,1997-11-12,R,R
668974,Maverick Handley,1998-03-10,R,R
669003,Garrett Mitchell,1998-09-04,L,R
669004,MJ Melendez,1998-11-29,L,R
669016,Brandon Marsh,1997-12-18,L,R
669023,Jeter Downs,1998-07-27,R,R
669065,Kyle Stowers,1998-01-02,L,L
669087,Sam Huff,1998-01-14,R,R
669127,Shea Langeliers,1997-11-18,R,R
669134,Luis Campusano,1998-09-29,R,R
669137,Armando Alvarez,1994-07-14,R,R
669194,Ryne Nelson,1998-02-01,R,R
669200,Mason McCoy,1995-03-31,R,R
669208,Ryan Bliss,1999-12-13,R,R
669221,Sean Murphy,1994-10-04,R,R
669222,Nick Senzel,1995-06-29,R,R
669224,Austin Wells,1999-07-12,L,R
669234,Justyn-Henry Malloy,2000-02-19,R,R
669236,Jeremiah Jackson,2000-03-26,R,R
669242,Tommy Edman,1995-05-09,S,R
669256,Nick Solak,1995-01-11,R,R
669257,Will Smith,1995-03-28,R,R
669261,Jack Suwinski,1998-07-29,L,L
669288,Daniel Johnson,1995-07-11,L,L
669289,Santiago Espinal,1994-11-13,R,R
669304,Jose F Miranda,1998-06-29,R,R
669326,Bryce Teodosio,1999-06-18,R,L
669352,Bubba Thompson,1998-06-09,R,R
669357,Nolan Gorman,2000-05-10,L,R
669360,Trei Cruz,1998-07-05,S,R
669364,Xavier Edwards,1999-08-09,S,R
669369,Bryce Johnson,1995-10-27,S,R
669374,Keston Hiura,1996-08-02,R,R
669384,Raynel Delgado,2000-04-04,L,R
669392,Samad Taylor,1998-07-11,R,R
669394,Jake Burger,1996-04-10,R,R
669397,Nick Allen,1998-10-08,R,R
669398,Gage Workman,1999-10-24,L,R
669432,Trevor Rogers,1997-11-13,L,L
669450,Cooper Hummel,1994-11-28,S,R
669477,Casey Schmitt,1999-03-01,R,R
669699,Braden Shewmake,1997-11-19,L,R
669701,Josh Smith,1997-08-07,L,R
669707,Jared Triolo,1998-02-08,R,R
669717,Will Wilson,1998-07-21,R,R
669720,Austin Hays,1995-07-05,R,R
669722,Logan Davidson,1997-12-26,S,R
669742,Darick Hall,1995-07-25,L,R
669743,Alex Call,1994-09-27,R,R
669899,Ryan Ward,1998-02-23,L,R
669911,Michael Toglia,1998-08-16,S,L
670032,Nicky Lopez,1995-03-13,L,R
670042,Luke Raley,1994-09-19,L,R
670092,Trenton Brooks,1995-07-03,L,L
670097,Zack Short,1995-05-29,R,R
670128,Taylor Kohlwey,1994-07-20,L,L
670156,Miles Mastrobuoni,1995-10-31,L,R
670223,Matt Mervis,1998-04-16,L,R
670224,Kameron Misner,1998-01-09,L,L
670231,John Rave,1997-12-30,L,L
670242,Matt Wallner,1997-12-12,L,R
670276,Cal Stevenson,1996-09-12,L,L
670541,Yordan Alvarez,1997-06-27,L,R
670623,Isaac Paredes,1999-02-18,R,R
670764,Taylor Walls,1996-07-10,S,R
670770,TJ Friedl,1995-08-14,L,L
670869,Livan Soto,2000-06-22,L,R
671056,Iván Herrera,2000-06-01,R,R
671083,Buddy Kennedy,1998-10-05,R,R
671117,Darren Baker,1999-02-11,L,R
671155,Ivan Johnson,1998-10-11,S,R
671213,Triston Casas,2000-01-15,L,R
671218,Heliot Ramos,1999-09-07,R,R
671221,Drew Waters,1998-12-30,S,R
671277,Luis García Jr.,2000-05-16,L,R
671284,Tim Elko,1998-12-27,R,R
671286,Johnathan Rodríguez,1999-11-04,R,R
671289,Tyler Freeman,1999-05-21,R,R
671655,George Valera,2000-11-13,L,L
671732,Lawrence Butler,2000-07-10,L,R
671739,Michael Harris II,2001-03-07,L,L
671976,Tristan Peters,2000-02-29,L,R
672012,Tyler Black,2000-07-26,L,R
672016,Denzel Clarke,2000-05-01,R,R
672275,Patrick Bailey,1999-05-29,S,R
672279,Michael Siani,1999-07-16,L,L
672284,Jarred Kelenic,1999-07-16,L,L
672356,Gabriel Arias,2000-02-27,R,R
672359,Tirso Ornelas,2000-03-11,L,R
672386,Alejandro Kirk,1998-11-06,R,R
672478,Jordan Diaz,2000-08-13,R,R
672515,Gabriel Moreno,2000-02-14,R,R
672569,Gustavo Campero,1997-09-20,S,R
672580,Maikel Garcia,2000-03-03,R,R
672613,Eliezer Alfonzo,1999-09-23,S,R
672640,Otto Lopez,1998-10-01,R,R
672642,Steward Berroa,1999-06-05,S,R
672695,Geraldo Perdomo,1999-10-22,S,R
672701,José Devers,1999-12-07,L,R
672724,Oswald Peraza,2000-06-15,R,R
672744,Alexander Canario,2000-05-07,R,R
672761,Wenceel Pérez,1999-10-30,S,R
672779,Tucupita Marcano,1999-09-16,L,R
672820,Lenyn Sosa,2000-01-25,R,R
672960,Kazuma Okamoto,1996-06-30,R,R
673237,Yainer Diaz,1998-09-21,R,R
673357,Luis Robert Jr.,1997-08-03,R,R
673490,Ha-Seong Kim,1995-10-17,R,R
673548,Seiya Suzuki,1994-08-18,R,R
673962,Josh Jung,1998-02-12,R,R
673995,Davis Wendzel,1997-05-23,R,R
674441,Jacob Hurtubise,1997-12-11,L,R
675448,Blake Hunt,1998-11-10,R,R
675656,Kevin Smith,1996-07-04,R,R
675659,Greg Jones,1998-03-07,S,R
675915,David Bañuelos,1996-10-01,R,R
675961,Alika Williams,1999-03-12,R,R
676044,Bob Seymour,1998-10-07,L,R
676059,Jordan Westburg,1999-02-18,R,R
676070,Jacob Amaya,1998-09-03,R,R
676113,Zach DeLoach,1998-08-18,L,R
676116,Ryan Noda,1996-03-30,L,L
676356,Jonny DeLuca,1998-07-10,R,R
676369,Nelson Velázquez,1998-12-26,R,R
676391,Ernie Clement,1996-03-22,R,R
676439,Hunter Feduccia,1997-06-05,L,R
676466,Jack Winkler,1998-11-04,R,R
676475,Alec Burleson,1998-11-25,L,L
676480,José Barrero,1998-04-05,R,R
676551,Brewer Hicklen,1996-02-09,R,R
676566,Shawn Ross,1999-09-30,R,R
676572,Eric Wagaman,1997-08-14,R,R
676609,José Caballero,1996-08-30,R,R
676632,Bligh Madris,1996-02-29,L,R
676679,Luis Vázquez,1999-10-10,R,R
676694,Jake Meyers,1996-06-18,R,L
676701,Alan Trejo,1996-05-30,R,R
676724,Jared Young,1995-07-09,L,R
676761,Irving Lopez,1995-06-30,L,R
676801,Chas McCormick,1995-04-19,R,L
676812,Carson McCusker,1998-05-22,R,R
676882,Chandler Seagle,1996-05-23,R,R
676896,Chris Roller,1996-10-08,R,R
676914,Davis Schneider,1999-01-26,R,R
676946,Matthew Batten,1995-06-22,R,R
677008,Heston Kjerstad,1999-02-12,L,R
677060,Chad Stevens,1999-02-03,R,R
677347,Kyren Paris,2001-11-11,R,R
677551,Wander Franco,2001-03-01,S,R
677587,Brayan Rocchio,2001-01-13,S,R
677588,José Tena,2001-03-20,L,R
677592,Everson Pereira,2001-04-10,R,R
677594,Julio Rodríguez,2000-12-29,R,R
677595,Ronny Mauricio,2001-04-04,S,R
677649,Ezequiel Duran,1999-05-22,R,R
677800,Wilyer Abreu,1999-06-24,L,L
677870,Leo Jiménez,2001-05-17,R,R
677941,Jordyn Adams,1999-10-18,R,R
677942,Blaze Alexander,1999-06-11,R,R
677943,Will Banfield,1999-11-18,R,R
677950,Alek Thomas,2000-04-28,L,L
677951,Bobby Witt Jr.,2000-06-14,R,R
677956,Rece Hinds,2000-09-05,R,R
678009,Parker Meadows,1999-11-02,L,R
678011,Anthony Seigler,1999-06-20,S,S
678218,Brandon Valenzuela,2000-10-02,S,R
678225,Jihwan Bae,1999-07-26,L,R
678246,Miguel Vargas,1999-11-17,R,R
678391,Jorbit Vivas,2001-03-09,L,R
678489,Jorge Barrosa,2001-02-17,S,L
678545,Osleivis Basabe,2000-09-13,R,R
678554,Curtis Mead,2000-10-26,R,R
678577,Junior Perez,2001-07-04,R,R
678662,Ezequiel Tovar,2001-08-01,R,R
678760,Eddys Leonard,2000-11-10,R,R
678877,Jhonkensy Noel,2001-07-15,R,R
678882,Ceddanne Rafaela,2000-09-18,R,R
678894,Liover Peguero,2000-12-31,R,R
679032,Johan Rojas,2000-08-14,R,R
679529,Spencer Torkelson,1999-08-26,R,R
679631,Terrin Vavra,1997-05-12,L,R
679822,Justin Foscue,1999-03-02,R,R
679845,Nick Loftin,1998-09-25,R,R
679881,J.P. Martínez,1996-03-21,L,L
680118,Dairon Blanco,1993-04-26,R,R
680418,Tyler Cropley,1995-12-10,R,R
680474,Max Schuemann,1997-06-11,R,R
680574,Matt McLain,1999-08-06,R,R
680577,DaShawn Keirsey Jr.,1997-05-13,L,L
680664,Eduardo Valencia,2000-01-25,R,R
680700,Richie Palacios,1997-05-16,L,R
680716,Jonathan Ornelas,2000-05-26,R,R
680718,Addison Barger,1999-11-12,L,R
680728,Adrian Del Castillo,1999-09-27,L,R
680737,Michael Helman,1996-05-23,R,R
680757,Steven Kwan,1997-09-05,L,L
680769,CJ Alexander,1996-07-17,L,R
680776,Jarren Duran,1996-09-05,L,R
680777,Ryan Jeffers,1997-06-03,R,R
680779,Henry Davis,1999-09-21,R,R
680837,Ryan Fitzgerald,1994-06-17,L,R
680862,Willie MacIver,1996-10-28,R,R
680869,Zack Gelof,1999-10-19,R,R
680911,Owen Miller,1996-11-15,R,R
680977,Brendan Donovan,1997-01-16,L,R
681047,Christian Franklin,1999-11-30,R,R
681082,Bryson Stott,1997-10-06,L,R
681146,Jonah Bride,1995-12-27,R,R
681190,Randy Vásquez,1998-11-03,R,R
681198,TJ Rumfield,2000-05-17,L,R
681230,BJ Murray Jr.,2000-01-05,S,R
681297,Colton Cowser,2000-03-20,L,R
681351,Logan O'Hoppe,2000-02-09,R,R
681393,Connor Norby,2000-06-08,R,R
681460,Brooks Baldwin,2000-08-15,S,R
681481,Kerry Carpenter,1997-09-02,L,R
681508,Mickey Gasper,1995-10-11,S,R
681546,James Outman,1997-05-14,L,R
681584,David Villar,1997-01-27,R,R
681624,Andy Pages,2000-12-08,R,R
681715,Heriberto Hernández,1999-12-16,R,R
681807,David Fry,1995-11-20,R,R
681909,Justin Dean,1996-12-06,R,R
681962,Vinny Capra,1996-07-07,R,R
681987,Nate Eaton,1996-12-22,R,R
682073,David Hensley,1996-03-28,R,R
682119,Levi Jordan,1995-09-24,R,R
682177,Daniel Schneemann,1997-01-23,L,R
682183,Drew Avans,1996-06-13,L,L
682515,Logan Porter,1995-07-12,R,R
682617,Marco Luciano,2001-09-10,R,R
682619,Orelvis Martinez,2001-11-19,R,R
682622,Noelvi Marte,2001-10-16,R,R
682626,Francisco Alvarez,2001-11-19,R,R
682634,Kevin Alcántara,2002-07-12,R,R
682641,Luis Matos,2002-01-28,R,R
682653,Warming Bernabel,2002-06-06,R,R
682657,Angel Martínez,2002-01-27,S,R
682663,Agustín Ramírez,2001-09-10,R,R
682668,Luisangel Acuña,2002-03-12,R,R
682674,Victor Bericoto,2001-12-03,R,R
682729,Jonatan Clase,2002-05-23,S,R
682818,Yohendrick Piñango,2002-05-07,L,L
682829,Elly De La Cruz,2002-01-11,S,R
682848,Endy Rodríguez,2000-05-26,S,R
682868,Bryan Ramos,2002-03-12,R,R
682877,Juan Brito,2001-09-24,S,R
682927,Ronny Simon,2000-04-17,S,R
682928,CJ Abrams,2000-10-03,L,R
682985,Riley Greene,2000-09-28,L,L
682987,Spencer Jones,2001-05-14,L,L
682988,Tyler Locklear,2000-11-24,R,R
682989,Victor Mederos,2001-06-08,R,R
682997,Tyler Callihan,2000-06-22,L,R
682998,Corbin Carroll,2000-08-21,L,L
683002,Gunnar Henderson,2001-06-29,L,R
683004,Jack Leiter,2000-04-21,R,R
683011,Anthony Volpe,2001-04-28,R,R
683021,Michael Stefanic,1996-02-24,R,R
683079,Omar Martinez,2001-07-05,L,R
683083,Nasim Nuñez,2000-08-18,S,R
683090,Matthew Lugo,2001-05-09,R,R
683146,Brett Baty,1999-11-13,L,R
683227,Cody Freeman,2001-01-05,R,R
683357,Owen Caissie,2002-07-08,L,R
683679,Jesus Rodriguez,2002-04-23,R,R
683734,Andrew Vaughn,1998-04-03,R,R
683737,Michael Busch,1997-11-09,L,R
683748,Victor Mesa Jr.,2001-09-08,L,L
683766,Christian Koss,1998-01-27,R,R
683770,Will Robertson,1997-12-26,L,L
683953,Travis Bazzana,2002-08-28,L,R
685133,Wade Meckler,2000-04-21,L,R
685301,Matt Gorski,1997-12-22,R,R
685744,Kenedy Corona,2000-03-21,R,R
686217,Sal Frelick,2000-04-19,L,R
686452,Drew Millas,1998-01-15,S,R
686469,Vinnie Pasquantino,1997-10-10,L,L
686475,Tyler Tolbert,1998-01-27,R,R
686482,Logan Driscoll,1997-11-03,L,R
686490,Cam Eden,1998-03-31,R,R
686527,Dominic Canzone,1997-08-16,L,R
686531,Andre Lipcius,1998-05-22,R,R
686554,Oliver Dunn,1997-09-02,L,R
686555,Isaac Collins,1997-07-22,S,R
686611,Dylan Crews,2002-02-26,R,R
686668,Brenton Doyle,1998-05-14,R,R
686676,Korey Lee,1998-07-25,R,R
686681,Michael Massey,1998-03-22,L,R
686759,TJ Hopkins,1997-01-16,R,R
686765,Nick Sogard,1997-09-09,S,R
686780,Pedro Pagés,1998-09-17,R,R
686797,Brooks Lee,2001-02-14,S,R
686823,Will Brennan,1998-02-02,L,L
686894,Joey Wiemer,1999-02-11,R,R
686948,Drake Baldwin,2001-03-28,L,R
687066,Eric Yang,1998-03-26,R,R
687093,Vaughn Grissom,2001-01-05,R,R
687221,Dalton Rushing,2001-02-21,L,R
687231,Darell Hernaiz,2001-08-03,R,R
687263,Zach Neto,2001-01-31,R,R
687282,Gabriel Rincones Jr.,2001-03-03,L,R
687363,Victor Scott II,2001-02-12,L,L
687394,Jack Brannigan,2001-03-11,R,R
687401,Joey Ortiz,1998-07-14,R,R
687462,Spencer Horwitz,1997-11-14,L,R
687478,Cam Devanney,1997-04-13,R,R
687515,Colby Thomas,2001-01-26,R,R
687529,Grant McCray,2000-12-07,L,R
687551,Drew Gilbert,2000-09-27,L,L
687597,Jordan Beck,2001-04-19,R,R
687605,Andrew Pinckney,2000-12-07,R,R
687637,Dylan Beavers,2001-08-11,L,R
687749,Jase Bowen,2000-09-02,R,R
687799,Cade Marlowe,1997-06-24,L,R
687859,Troy Johnston,1997-06-22,L,L
687952,Christian Encarnacion-Strand,1999-12-01,R,R
687957,Dustin Harris,1999-07-08,L,R
688363,Graham Pauley,2000-09-24,L,R
688760,Blaine Crim,1997-06-17,R,R
689041,Rhylan Thomas,2000-04-15,L,L
689172,Brett Wisely,1999-05-08,L,R
689200,Jacob Melton,2000-09-07,L,L
689414,Liam Hicks,1999-06-02,L,R
690022,Ryan Ritter,2000-11-10,R,R
690291,Jace Jung,2000-10-04,L,R
690924,Braxton Fulford,1998-12-09,R,R
690976,Alex Freeland,2001-08-24,S,R
690984,Petey Halpin,2002-05-26,L,R
690987,Robert Hassell III,2001-08-15,L,L
690993,Colt Keith,2001-08-14,L,R
691002,Yohandy Morales,2001-10-09,R,R
691011,Drew Romo,2001-08-29,S,R
691016,Tyler Soderstrom,2001-11-24,L,R
691019,Kyle Teel,2002-02-15,L,R
691023,Jordan Walker,2002-05-22,R,R
691026,Masyn Winn,2002-03-21,R,R
691176,Jasson Domínguez,2003-02-07,S,R
691181,Emmanuel Rodriguez,2003-02-28,L,L
691182,Adael Amador,2003-04-11,S,R
691185,Maximo Acosta,2002-10-29,R,R
691277,Deyvison De Los Santos,2003-06-21,R,R
691373,Jhostynxon Garcia,2002-12-11,R,R
691406,Junior Caminero,2003-07-05,R,R
691458,Blaze Jordan,2002-12-19,R,R
691594,Javier Sanoja,2002-09-03,R,R
691620,Jeferson Quero,2002-10-08,R,R
691718,Pete Crow-Armstrong,2002-03-25,L,L
691720,Kyle Karros,2002-07-26,R,R
691723,Coby Mayo,2001-12-10,R,R
691728,Zac Veen,2001-12-12,L,R
691740,Daniel Susac,2001-05-14,R,R
691777,Max Muncy,2002-08-25,R,R
691781,Brady House,2003-06-04,R,R
691783,Jordan Lawlar,2002-07-17,R,R
691785,Marcelo Mayer,2002-12-12,L,R
691788,Joe Mack,2002-12-27,L,R
691858,Jared Serna,2002-06-01,R,R
691907,Tsung-Che Cheng,2001-07-26,L,R
692216,CJ Kayfus,2001-10-28,L,L
692225,Kristian Campbell,2002-06-28,R,R
692585,Yanquiel Fernández,2003-01-01,L,L
693049,Oscar Colás,1998-09-17,L,L
693304,Nick Gonzales,1999-05-27,R,R
693307,Dillon Dingler,1998-09-17,R,R
693409,César Prieto,1999-05-10,L,R
693459,Kyler Fedko,1999-09-21,R,R
694025,Felix Reyes,2001-03-26,R,R
694175,Pedro León,1998-05-28,R,R
694192,Jackson Chourio,2004-03-11,R,R
694197,Angel Genao,2004-05-19,S,R
694203,Denzer Guzman,2004-02-08,R,R
694208,Moisés Ballesteros,2003-11-08,L,R
694212,Samuel Basallo,2004-08-13,L,R
694224,Gabriel Gonzalez,2004-01-04,R,R
694249,Cole Carrigg,2002-05-08,S,R
694355,Tyler Gentry,1999-02-01,R,R
694359,Niko Kavadas,1998-10-27,L,R
694362,Blake Dunn,1998-09-05,R,R
694371,Tommy Troy,2002-01-17,R,R
694374,Tim Tawa,1999-04-07,R,R
694376,Shay Whitcomb,1998-09-28,R,R
694377,Nick Yorke,2002-04-02,R,R
694378,Jacob Gonzalez,2002-05-30,L,R
694384,Nolan Schanuel,2002-02-14,L,R
694388,Joey Loperfido,1999-05-11,L,R
694410,LuJames Groover,2002-04-16,R,R
694497,Evan Carter,2002-08-29,L,R
694514,Sterlin Thompson,2001-06-26,L,R
694671,Wyatt Langford,2001-11-15,R,R
694673,Abimelec Ortiz,2002-02-22,L,L
694728,Brice Matthews,2002-03-16,R,R
694876,Cooper Ingle,2002-02-23,L,R
695020,Tanner Murray,1999-09-03,R,R
695238,Will Wagner,1998-07-29,L,R
695257,Billy Cook,1999-01-07,R,R
695336,Thomas Saggese,2002-04-10,R,R
695391,Brett Harris,1998-06-24,R,R
695490,Edwin Arroyo,2003-08-25,S,R
695491,Joshua Báez,2003-06-28,R,R
695506,Jac Caglianone,2003-02-09,L,L
695508,Cam Cauley,2003-02-06,R,R
695578,James Wood,2002-09-17,L,R
695600,Carter Jensen,2003-07-03,L,R
695657,Colson Montgomery,2002-02-27,L,R
695670,Harry Ford,2003-02-21,R,R
695681,Christian Moore,2002-10-21,R,R
695720,Tommy White,2003-03-02,R,R
695731,Braden Montgomery,2003-04-16,S,R
695734,Daylen Lile,2002-11-30,L,R
696030,Alejandro Osuna,2002-10-10,L,L
696100,Hunter Goodman,1999-10-08,R,R
696135,Kahlil Watson,2003-04-16,L,R
696285,Jacob Young,1999-07-27,R,R
699013,Esmerlyn Valdez,2004-01-27,R,R
699024,Leo Bernal,2004-02-13,S,R
699115,Carlos Jorge,2003-09-22,L,R
699302,Héctor Rodríguez,2004-03-11,L,R
699393,Pedro Ramírez,2004-04-01,S,R
699625,Jimmy Crooks,2001-07-19,L,R
699912,Jose Fernandez,2003-09-22,R,R
700242,Trey Sweeney,2000-04-24,L,R
700246,Carson Williams,2003-06-25,R,R
700250,Ben Rice,1999-02-22,L,R
700337,Edgar Quero,2003-04-06,S,R
700652,Kenny Piper,1998-07-12,R,R
700932,Kyle Manzardo,2000-07-18,L,R
701162,Ben Malgeri,2000-01-12,R,R
701305,Zach Dezenzo,2000-05-11,R,R
701350,Roman Anthony,2004-05-13,L,R
701358,Cam Smith,2003-02-22,R,R
701398,Sal Stewart,2003-12-07,R,R
701538,Jackson Merrill,2003-04-19,L,R
701649,James Triantos,2003-01-29,R,R
701675,Nathan Church,2000-07-12,L,L
701678,Hao-Yu Lee,2003-02-03,R,R
701762,Nick Kurtz,2003-03-12,L,L
701785,Kaelen Culpepper,2002-12-29,R,R
701807,Carson Benge,2003-01-20,L,R
701852,Drew Cavanaugh,2002-01-27,L,R
702176,Alan Roden,1999-12-22,L,R
702222,Justin Crawford,2004-01-13,L,R
702284,Cole Young,2003-07-29,L,R
702332,Caleb Durbin,2000-02-22,R,R
702358,Trey Lipscomb,2000-06-14,R,R
702616,Jackson Holliday,2003-12-04,L,R
703155,Lazaro Montes,2004-10-22,L,R
703197,Michael Arroyo,2004-11-03,R,R
703492,Nick Morabito,2003-05-07,R,R
703520,Brett Bateman,2002-03-19,L,L
703601,Max Clark,2004-12-21,L,L
703607,Henry Bolte,2003-08-04,R,R
800050,Chase DeLauter,2001-10-08,L,L
800325,Luis Lara,2004-11-17,S,R
800543,Josue De Paula,2005-05-24,L,L
801126,Brock Rodden,2000-05-25,S,R
801501,Nate Furman,2001-07-23,L,R
802139,JJ Wetherholt,2002-09-10,L,R
802415,Chandler Simpson,2000-11-18,L,R
803011,Sam Antonacci,2003-02-06,L,R
804606,Konnor Griffin,2006-04-24,R,R
804668,Rafael Flores Jr.,2000-11-07,R,R
805249,Otto Kemp,1999-09-09,R,R
805300,Jakob Marsee,2001-06-28,L,L
805346,Ben Ross,2001-06-06,R,R
805347,Jim Jarvis,2000-11-06,L,R
805367,Chase Meidroth,2001-07-23,R,R
805373,Nacho Alvarez Jr.,2003-04-11,R,R
805672,Collin Price,1999-11-15,R,R
805779,Jacob Wilson,2002-03-30,R,R
805805,Walker Jenkins,2005-02-19,L,R
805808,Kevin McGonigle,2004-08-18,L,R
805811,Bryce Eldridge,2004-10-20,L,R
805904,Zach Cole,2000-08-04,L,R
805999,A.J. Ewing,2004-08-10,L,R
806068,Colt Emerson,2005-07-20,L,R
806146,George Lombard Jr.,2005-06-02,R,R
806198,Cooper Pratt,2004-08-18,R,R
806367,Turner Hill,1999-04-04,L,L
806956,Ethan Salas,2006-06-01,L,R
807712,Luke Keaschall,2002-08-15,R,R
807713,Matt Shaw,2001-11-06,R,R
807726,John Peck,2002-07-18,R,R
807727,Charles McAdoo,2002-03-06,R,R
807747,Rikuu Nishida,2001-05-06,L,R
807799,Masataka Yoshida,1993-07-15,L,R
808959,Munetaka Murakami,2000-02-02,L,R
808975,Hyeseong Kim,1999-01-27,L,R
808982,Jung Hoo Lee,1998-08-20,L,R
810938,Ben Williamson,2000-11-05,R,R
811965,Joshua Kuroda-Grauer,2003-01-31,R,R
813841,Jonah Cox,2001-08-04,R,R
814154,Scott Bandura,2001-08-02,L,R
814430,Brett Callahan,2001-11-02,L,R
814439,Ryan Waldschmidt,2002-10-07,R,R
815873,Sean Keys,2003-05-26,L,R
823550,Sung-Mun Song,1996-08-29,L,R
828599,Lucas Spence,2003-01-27,L,L
829272,Shinnosuke Ogasawara,1997-10-08,L,L
